  0
SECTION
  2
HEADER
  9
$ACADVER
  1
AC1018
  9
$ACADMAINTVER
 70
     0
  9
$DWGCODEPAGE
  3
ANSI_936
  9
$LASTSAVEDBY
  1
panzheng
  9
$INSBASE
 10
0.0
 20
0.0
 30
0.0
  9
$EXTMIN
 10
19001.94990260346
 20
14181.28100344265
 30
0.0
  9
$EXTMAX
 10
27944.30803636312
 20
18513.73711106303
 30
0.0
  9
$LIMMIN
 10
0.0
 20
0.0
  9
$LIMMAX
 10
420.0
 20
297.0
  9
$ORTHOMODE
 70
     0
  9
$REGENMODE
 70
     1
  9
$FILLMODE
 70
     1
  9
$QTEXTMODE
 70
     0
  9
$MIRRTEXT
 70
     0
  9
$LTSCALE
 40
1.0
  9
$ATTMODE
 70
     1
  9
$TEXTSIZE
 40
3.0
  9
$TRACEWID
 40
1.0
  9
$TEXTSTYLE
  7
$TD_AUDIT_GENERATED_(2C8)
  9
$CLAYER
  8
$TD_AUDIT_GENERATED_(91A4)
  9
$CELTYPE
  6
ByLayer
  9
$CECOLOR
 62
   256
  9
$CELTSCALE
 40
1.0
  9
$DISPSILH
 70
     0
  9
$DIMSCALE
 40
20.0
  9
$DIMASZ
 40
2.5
  9
$DIMEXO
 40
0.0
  9
$DIMDLI
 40
5.0
  9
$DIMRND
 40
0.0
  9
$DIMDLE
 40
0.0
  9
$DIMEXE
 40
1.5
  9
$DIMTP
 40
-0.1
  9
$DIMTM
 40
0.0
  9
$DIMTXT
 40
3.5
  9
$DIMCEN
 40
0.0
  9
$DIMTSZ
 40
0.0
  9
$DIMTOL
 70
     0
  9
$DIMLIM
 70
     0
  9
$DIMTIH
 70
     0
  9
$DIMTOH
 70
     1
  9
$DIMSE1
 70
     0
  9
$DIMSE2
 70
     0
  9
$DIMTAD
 70
     1
  9
$DIMZIN
 70
     8
  9
$DIMBLK
  1

  9
$DIMASO
 70
     1
  9
$DIMSHO
 70
     1
  9
$DIMPOST
  1

  9
$DIMAPOST
  1

  9
$DIMALT
 70
     0
  9
$DIMALTD
 70
     3
  9
$DIMALTF
 40
0.03937007874016
  9
$DIMLFAC
 40
1.0
  9
$DIMTOFL
 70
     1
  9
$DIMTVP
 40
0.0
  9
$DIMTIX
 70
     0
  9
$DIMSOXD
 70
     0
  9
$DIMSAH
 70
     0
  9
$DIMBLK1
  1

  9
$DIMBLK2
  1

  9
$DIMSTYLE
  2
$TD_AUDIT_GENERATED_(D3D0)
  9
$DIMCLRD
 70
     3
  9
$DIMCLRE
 70
     3
  9
$DIMCLRT
 70
     3
  9
$DIMTFAC
 40
1.0
  9
$DIMGAP
 40
1.0
  9
$DIMJUST
 70
     0
  9
$DIMSD1
 70
     0
  9
$DIMSD2
 70
     0
  9
$DIMTOLJ
 70
     0
  9
$DIMTZIN
 70
     8
  9
$DIMALTZ
 70
     0
  9
$DIMALTTZ
 70
     0
  9
$DIMUPT
 70
     0
  9
$DIMDEC
 70
     1
  9
$DIMTDEC
 70
     1
  9
$DIMALTU
 70
     2
  9
$DIMALTTD
 70
     3
  9
$DIMTXSTY
  7
$TD_AUDIT_GENERATED_(2C8)
  9
$DIMAUNIT
 70
     0
  9
$DIMADEC
 70
     1
  9
$DIMALTRND
 40
0.0
  9
$DIMAZIN
 70
     0
  9
$DIMDSEP
 70
    46
  9
$DIMATFIT
 70
     3
  9
$DIMFRAC
 70
     0
  9
$DIMLDRBLK
  1

  9
$DIMLUNIT
 70
     2
  9
$DIMLWD
 70
    -2
  9
$DIMLWE
 70
    -2
  9
$DIMTMOVE
 70
     0
  9
$LUNITS
 70
     2
  9
$LUPREC
 70
     4
  9
$SKETCHINC
 40
1.0
  9
$FILLETRAD
 40
0.0
  9
$AUNITS
 70
     0
  9
$AUPREC
 70
     0
  9
$MENU
  1
.
  9
$ELEVATION
 40
0.0
  9
$PELEVATION
 40
0.0
  9
$THICKNESS
 40
0.0
  9
$LIMCHECK
 70
     0
  9
$CHAMFERA
 40
0.0
  9
$CHAMFERB
 40
0.0
  9
$CHAMFERC
 40
20.0
  9
$CHAMFERD
 40
0.0
  9
$SKPOLY
 70
     0
  9
$TDCREATE
 40
2453483.885071296
  9
$TDUCREATE
 40
2453483.551737963
  9
$TDUPDATE
 40
2461193.559364942
  9
$TDUUPDATE
 40
2461193.226031609
  9
$TDINDWG
 40
21.1068678588
  9
$TDUSRTIMER
 40
21.1068678588
  9
$USRTIMER
 70
     1
  9
$ANGBASE
 50
0.0
  9
$ANGDIR
 70
     0
  9
$PDMODE
 70
     0
  9
$PDSIZE
 40
0.0
  9
$PLINEWID
 40
0.4
  9
$SPLFRAME
 70
     0
  9
$SPLINETYPE
 70
     6
  9
$SPLINESEGS
 70
     8
  9
$HANDSEED
  5
2CDBF
  9
$SURFTAB1
 70
     6
  9
$SURFTAB2
 70
     6
  9
$SURFTYPE
 70
     6
  9
$SURFU
 70
     6
  9
$SURFV
 70
     6
  9
$UCSBASE
  2

  9
$UCSNAME
  2

  9
$UCSORG
 10
0.0
 20
0.0
 30
0.0
  9
$UCSXDIR
 10
1.0
 20
0.0
 30
0.0
  9
$UCSYDIR
 10
0.0
 20
1.0
 30
0.0
  9
$UCSORTHOREF
  2

  9
$UCSORTHOVIEW
 70
     0
  9
$UCSORGTOP
 10
0.0
 20
0.0
 30
0.0
  9
$UCSORGBOTTOM
 10
0.0
 20
0.0
 30
0.0
  9
$UCSORGLEFT
 10
0.0
 20
0.0
 30
0.0
  9
$UCSORGRIGHT
 10
0.0
 20
0.0
 30
0.0
  9
$UCSORGFRONT
 10
0.0
 20
0.0
 30
0.0
  9
$UCSORGBACK
 10
0.0
 20
0.0
 30
0.0
  9
$PUCSBASE
  2

  9
$PUCSNAME
  2

  9
$PUCSORG
 10
0.0
 20
0.0
 30
0.0
  9
$PUCSXDIR
 10
1.0
 20
0.0
 30
0.0
  9
$PUCSYDIR
 10
0.0
 20
1.0
 30
0.0
  9
$PUCSORTHOREF
  2

  9
$PUCSORTHOVIEW
 70
     0
  9
$PUCSORGTOP
 10
0.0
 20
0.0
 30
0.0
  9
$PUCSORGBOTTOM
 10
0.0
 20
0.0
 30
0.0
  9
$PUCSORGLEFT
 10
0.0
 20
0.0
 30
0.0
  9
$PUCSORGRIGHT
 10
0.0
 20
0.0
 30
0.0
  9
$PUCSORGFRONT
 10
0.0
 20
0.0
 30
0.0
  9
$PUCSORGBACK
 10
0.0
 20
0.0
 30
0.0
  9
$USERI1
 70
     0
  9
$USERI2
 70
     0
  9
$USERI3
 70
     0
  9
$USERI4
 70
     0
  9
$USERI5
 70
     0
  9
$USERR1
 40
0.0
  9
$USERR2
 40
0.0
  9
$USERR3
 40
0.0
  9
$USERR4
 40
0.0
  9
$USERR5
 40
0.0
  9
$WORLDVIEW
 70
     1
  9
$SHADEDGE
 70
     3
  9
$SHADEDIF
 70
    70
  9
$TILEMODE
 70
     1
  9
$MAXACTVP
 70
    64
  9
$PINSBASE
 10
0.0
 20
0.0
 30
0.0
  9
$PLIMCHECK
 70
     0
  9
$PEXTMIN
 10
26.66999878883362
 20
20.31999878883363
 30
0.0
  9
$PEXTMAX
 10
240.0299890995026
 20
182.8799890995026
 30
0.0
  9
$PLIMMIN
 10
-6.350006103515625
 20
-6.349999904632568
  9
$PLIMMAX
 10
273.0499877929688
 20
209.5499939918518
  9
$UNITMODE
 70
     0
  9
$VISRETAIN
 70
     1
  9
$PLINEGEN
 70
     0
  9
$PSLTSCALE
 70
     1
  9
$TREEDEPTH
 70
  3020
  9
$CMLSTYLE
  2
Standard
  9
$CMLJUST
 70
     0
  9
$CMLSCALE
 40
20.0
  9
$PROXYGRAPHICS
 70
     1
  9
$MEASUREMENT
 70
     1
  9
$CELWEIGHT
370
    -1
  9
$ENDCAPS
280
     0
  9
$JOINSTYLE
280
     0
  9
$LWDISPLAY
290
     0
  9
$INSUNITS
 70
     4
  9
$HYPERLINKBASE
  1

  9
$STYLESHEET
  1

  9
$XEDIT
290
     1
  9
$CEPSNTYPE
380
     0
  9
$PSTYLEMODE
290
     1
  9
$FINGERPRINTGUID
  2
{34655AC6-B330-11D9-98E8-000AEB9AE7CA}
  9
$VERSIONGUID
  2
{85A965D9-9CDF-FF44-9B45-E34035974A93}
  9
$EXTNAMES
290
     1
  9
$PSVPSCALE
 40
0.0
  9
$OLESTARTUP
290
     0
  9
$SORTENTS
280
   127
  9
$INDEXCTL
280
     0
  9
$HIDETEXT
280
     1
  9
$XCLIPFRAME
290
     0
  9
$HALOGAP
280
     0
  9
$OBSCOLOR
 70
   257
  9
$OBSLTYPE
280
     0
  9
$INTERSECTIONDISPLAY
280
     0
  9
$INTERSECTIONCOLOR
 70
   257
  9
$DIMASSOC
280
     2
  9
$PROJECTNAME
  1

  0
ENDSEC
  0
SECTION
  2
CLASSES
  0
CLASS
  1
ACDBDICTIONARYWDFLT
  2
AcDbDictionaryWithDefault
  3
ObjectDBX Classes
 90
        0
 91
        3
280
     0
281
     0
  0
CLASS
  1
ACDBPLACEHOLDER
  2
AcDbPlaceHolder
  3
ObjectDBX Classes
 90
        0
 91
        1
280
     0
281
     0
  0
CLASS
  1
LAYOUT
  2
AcDbLayout
  3
ObjectDBX Classes
 90
        0
 91
        1
280
     0
281
     0
  0
CLASS
  1
DICTIONARYVAR
  2
AcDbDictionaryVar
  3
ObjectDBX Classes
 90
        0
 91
        3
280
     0
281
     0
  0
CLASS
  1
DIMASSOC
  2
AcDbDimAssoc
  3
"AcDbDimAssoc|Product Desc:     AcDim ARX App For Dimension|Company:          Autodesk, Inc.|WEB Address:      www.autodesk.com"
 90
        0
 91
        3
280
     0
281
     0
  0
CLASS
  1
SORTENTSTABLE
  2
AcDbSortentsTable
  3
ObjectDBX Classes
 90
        0
 91
        3
280
     0
281
     0
  0
CLASS
  1
VISUALSTYLE
  2
AcDbVisualStyle
  3
ObjectDBX Classes
 90
     4095
 91
        3
280
     0
281
     0
  0
CLASS
  1
TABLESTYLE
  2
AcDbTableStyle
  3
ObjectDBX Classes
 90
     4095
 91
        3
280
     0
281
     0
  0
CLASS
  1
MATERIAL
  2
AcDbMaterial
  3
ObjectDBX Classes
 90
     1153
 91
        3
280
     0
281
     0
  0
CLASS
  1
ACAD_EVALUATION_GRAPH
  2
AcDbEvalGraph
  3
ObjectDBX Classes
 90
     1153
 91
        2
280
     1
281
     0
  0
CLASS
  1
ACAECUSTOBJ
  2
AcAeEditorObj
  3
AcAeEditorObj
 90
   -64512
 91
        1
280
     1
281
     0
  0
CLASS
  1
ACDB_DYNAMICBLOCKPURGEPREVENTER_VERSION
  2
AcDbDynamicBlockPurgePreventer
  3
ObjectDBX Classes
 90
     1153
 91
        2
280
     1
281
     0
  0
CLASS
  1
SCALE
  2
AcDbScale
  3
ObjectDBX Classes
 90
     1153
 91
        3
280
     0
281
     0
  0
CLASS
  1
MLEADERSTYLE
  2
AcDbMLeaderStyle
  3
ACDB_MLEADERSTYLE_CLASS
 90
     4095
 91
        3
280
     0
281
     0
  0
CLASS
  1
ACDBSECTIONVIEWSTYLE
  2
AcDbSectionViewStyle
  3
ObjectDBX Classes
 90
     1025
 91
        3
280
     0
281
     0
  0
CLASS
  1
ACDBDETAILVIEWSTYLE
  2
AcDbDetailViewStyle
  3
ObjectDBX Classes
 90
     1025
 91
        3
280
     0
281
     0
  0
CLASS
  1
CELLSTYLEMAP
  2
AcDbCellStyleMap
  3
ObjectDBX Classes
 90
     1152
 91
        3
280
     0
281
     0
  0
CLASS
  1
BLOCKLINEARPARAMETER
  2
AcDbBlockLinearParameter
  3
ObjectDBX Classes
 90
     1153
 91
        2
280
     1
281
     0
  0
CLASS
  1
BLOCKLINEARGRIP
  2
AcDbBlockLinearGrip
  3
ObjectDBX Classes
 90
     1153
 91
        3
280
     1
281
     0
  0
CLASS
  1
BLOCKGRIPLOCATIONCOMPONENT
  2
AcDbBlockGripExpr
  3
ObjectDBX Classes
 90
     1153
 91
        5
280
     1
281
     0
  0
CLASS
  1
ACDBASSOCACTION
  2
AcDbAssocAction
  3
ObjectDBX Classes
 90
   -64511
 91
        1
280
     1
281
     0
  0
CLASS
  1
ACDBASSOCARRAYACTIONBODY
  2
AcDbAssocArrayActionBody
  3
ObjectDBX Classes
 90
   -64511
 91
        1
280
     1
281
     0
  0
CLASS
  1
ACDBASSOCDEPENDENCY
  2
AcDbAssocDependency
  3
ObjectDBX Classes
 90
   -64511
 91
        1
280
     1
281
     0
  0
CLASS
  1
ACDBASSOCVERTEXACTIONPARAM
  2
AcDbAssocVertexActionParam
  3
ObjectDBX Classes
 90
   -64511
 91
        1
280
     1
281
     0
  0
CLASS
  1
ACDBASSOCARRAYRECTANGULARPARAMETERS
  2
AcDbAssocArrayRectangularParameters
  3
ObjectDBX Classes
 90
   -64511
 91
        1
280
     1
281
     0
  0
CLASS
  1
ACDBASSOCNETWORK
  2
AcDbAssocNetwork
  3
ObjectDBX Classes
 90
   -64511
 91
        1
280
     1
281
     0
  0
CLASS
  1
AEC_REFEDIT_STATUS_TRACKER
  2
AecDbRefEditStatusTracker
  3
AecArchBase80|Product Desc: Autodesk Architectural Desktop 2007 |Company: Autodesk,Inc. |WEB Address: www.autodesk.com
 90
   -65407
 91
        1
280
     1
281
     0
  0
CLASS
  1
NPOCOLLECTION
  2
AcDbImpNonPersistentObjectsCollection
  3
ObjectDBX Classes
 90
   -64383
 91
        1
280
     1
281
     0
  0
ENDSEC
  0
SECTION
  2
TABLES
  0
TABLE
  2
VPORT
  5
8
102
{ACAD_XDICTIONARY
360
2CD7B
102
}
330
0
100
AcDbSymbolTable
 70
     1
  0
VPORT
  5
8299
330
8
100
AcDbSymbolTableRecord
100
AcDbViewportTableRecord
  2
*Active
 70
     0
 10
0.0
 20
0.0
 11
1.0
 21
1.0
 12
24428.72913396101
 22
17233.4846864275
 13
0.0
 23
0.0
 14
10.0
 24
10.0
 15
10.0
 25
10.0
 16
0.0
 26
0.0
 36
1.0
 17
0.0
 27
0.0
 37
0.0
 40
5140.952968159283
 41
1.737841043890866
 42
50.0
 43
0.0
 44
0.0
 50
0.0
 51
0.0
 71
     0
 72
 10000
 73
     1
 74
     3
 75
     0
 76
     0
 77
     0
 78
     0
281
     0
 65
     1
110
0.0
120
0.0
130
0.0
111
1.0
121
0.0
131
0.0
112
0.0
122
1.0
132
0.0
 79
     0
146
0.0
1001
ACAD_NAV_VCDISPLAY
1070
     3
  0
ENDTAB
  0
TABLE
  2
LTYPE
  5
5
330
0
100
AcDbSymbolTable
 70
     1
  0
LTYPE
  5
14
330
5
100
AcDbSymbolTableRecord
100
AcDbLinetypeTableRecord
  2
ByBlock
 70
     0
  3

 72
    65
 73
     0
 40
0.0
  0
LTYPE
  5
15
330
5
100
AcDbSymbolTableRecord
100
AcDbLinetypeTableRecord
  2
ByLayer
 70
     0
  3

 72
    65
 73
     0
 40
0.0
  0
LTYPE
  5
16
330
5
100
AcDbSymbolTableRecord
100
AcDbLinetypeTableRecord
  2
Continuous
 70
     0
  3
Solid line
 72
    65
 73
     0
 40
0.0
  0
ENDTAB
  0
TABLE
  2
LAYER
  5
2
102
{ACAD_XDICTIONARY
360
2B
102
}
330
0
100
AcDbSymbolTable
 70
     6
  0
LAYER
  5
10
102
{ACAD_XDICTIONARY
360
D3D2
102
}
330
2
100
AcDbSymbolTableRecord
100
AcDbLayerTableRecord
  2
0
 70
     0
 62
     7
  6
Continuous
370
    -3
390
F
  0
LAYER
  5
2C4
102
{ACAD_XDICTIONARY
360
D3D4
102
}
330
2
100
AcDbSymbolTableRecord
100
AcDbLayerTableRecord
  2
$TD_AUDIT_GENERATED_(2C4)
 70
     0
 62
     7
  6
Continuous
370
    40
390
F
  0
LAYER
  5
2C5
102
{ACAD_XDICTIONARY
360
D3D6
102
}
330
2
100
AcDbSymbolTableRecord
100
AcDbLayerTableRecord
  2
$TD_AUDIT_GENERATED_(2C5)
 70
     0
 62
     4
  6
Continuous
370
    -3
390
F
  0
LAYER
  5
2C6
102
{ACAD_XDICTIONARY
360
D3D8
102
}
330
2
100
AcDbSymbolTableRecord
100
AcDbLayerTableRecord
  2
$TD_AUDIT_GENERATED_(2C6)
 70
     0
 62
     3
  6
Continuous
370
    -3
390
F
  0
LAYER
  5
5C6
330
2
100
AcDbSymbolTableRecord
100
AcDbLayerTableRecord
  2
Defpoints
 70
     0
 62
     7
  6
Continuous
290
     0
370
    -3
390
F
  0
LAYER
  5
91A4
102
{ACAD_XDICTIONARY
360
D3E2
102
}
330
2
100
AcDbSymbolTableRecord
100
AcDbLayerTableRecord
  2
$TD_AUDIT_GENERATED_(91A4)
 70
     0
 62
     3
  6
Continuous
370
    -3
390
F
  0
ENDTAB
  0
TABLE
  2
STYLE
  5
3
330
0
100
AcDbSymbolTable
 70
     4
  0
STYLE
  5
11
330
3
100
AcDbSymbolTableRecord
100
AcDbTextStyleTableRecord
  2
Standard
 70
     0
 40
0.0
 41
0.8
 50
0.0
 71
     0
 42
2.5
  3

  4

1001
ACAD
1000
SimSun
1071
    34306
  0
STYLE
  5
2C7
330
3
100
AcDbSymbolTableRecord
100
AcDbTextStyleTableRecord
  2
$TD_AUDIT_GENERATED_(2C7)
 70
     0
 40
0.0
 41
0.7
 50
0.0
 71
     0
 42
3.5
  3
italic.shx
  4

  0
STYLE
  5
2C8
330
3
100
AcDbSymbolTableRecord
100
AcDbTextStyleTableRecord
  2
$TD_AUDIT_GENERATED_(2C8)
 70
     0
 40
0.0
 41
0.7
 50
0.0
 71
     0
 42
3.0
  3

  4

1001
ACAD
1000
SimSun
1071
    34306
  0
STYLE
  5
2402E
330
3
100
AcDbSymbolTableRecord
100
AcDbTextStyleTableRecord
  2
$TD_AUDIT_GENERATED_(2402E)
 70
     0
 40
0.0
 41
0.667
 50
0.0
 71
     0
 42
0.2
  3

  4

1001
CAXA_DRAFT_TXTSTYLE
1041
0.1
1041
1.918
1001
ACAD
1000
\M+5CBCE\M+5CCE5
1071
    34306
  0
ENDTAB
  0
TABLE
  2
VIEW
  5
6
330
0
100
AcDbSymbolTable
 70
     0
  0
ENDTAB
  0
TABLE
  2
UCS
  5
7
330
0
100
AcDbSymbolTable
 70
     0
  0
ENDTAB
  0
TABLE
  2
APPID
  5
9
330
0
100
AcDbSymbolTable
 70
    37
  0
APPID
  5
12
330
9
100
AcDbSymbolTableRecord
100
AcDbRegAppTableRecord
  2
ACAD
 70
     0
  0
APPID
  5
6F41
330
9
100
AcDbSymbolTableRecord
100
AcDbRegAppTableRecord
  2
DCO15
 70
     0
  0
APPID
  5
892A
330
9
100
AcDbSymbolTableRecord
100
AcDbRegAppTableRecord
  2
AcDbAttr
 70
     0
  0
APPID
  5
89FB
330
9
100
AcDbSymbolTableRecord
100
AcDbRegAppTableRecord
  2
ACAD_EXEMPT_FROM_CAD_STANDARDS
 70
     0
  0
APPID
  5
8BF1
330
9
100
AcDbSymbolTableRecord
100
AcDbRegAppTableRecord
  2
AcAecLayerStandard
 70
     0
  0
APPID
  5
8CEA
330
9
100
AcDbSymbolTableRecord
100
AcDbRegAppTableRecord
  2
ACAD_DSTYLE_DIMJAG
 70
     0
  0
APPID
  5
8CEB
330
9
100
AcDbSymbolTableRecord
100
AcDbRegAppTableRecord
  2
ACAD_DSTYLE_DIMTALN
 70
     0
  0
APPID
  5
8CEC
330
9
100
AcDbSymbolTableRecord
100
AcDbRegAppTableRecord
  2
AcDbBlockRepETag
 70
     0
  0
APPID
  5
8CED
330
9
100
AcDbSymbolTableRecord
100
AcDbRegAppTableRecord
  2
AcDbDynamicBlockGUID
 70
     0
  0
APPID
  5
A413
330
9
100
AcDbSymbolTableRecord
100
AcDbRegAppTableRecord
  2
ASM_BASE
 70
     0
  0
APPID
  5
A414
330
9
100
AcDbSymbolTableRecord
100
AcDbRegAppTableRecord
  2
ASM_EXPLO_VER_2_00
 70
     0
  0
APPID
  5
BCEF
330
9
100
AcDbSymbolTableRecord
100
AcDbRegAppTableRecord
  2
ACAUTHENVIRON
 70
     0
  0
APPID
  5
BD95
330
9
100
AcDbSymbolTableRecord
100
AcDbRegAppTableRecord
  2
AcDbDynamicBlockTrueName
 70
     0
  0
APPID
  5
C031
330
9
100
AcDbSymbolTableRecord
100
AcDbRegAppTableRecord
  2
ACAD_DSTYLE_DIM_LINETYPE
 70
     0
  0
APPID
  5
C032
330
9
100
AcDbSymbolTableRecord
100
AcDbRegAppTableRecord
  2
ACAD_DSTYLE_DIM_EXT1_LINETYPE
 70
     0
  0
APPID
  5
C033
330
9
100
AcDbSymbolTableRecord
100
AcDbRegAppTableRecord
  2
ACAD_DSTYLE_DIM_EXT2_LINETYPE
 70
     0
  0
APPID
  5
C314
330
9
100
AcDbSymbolTableRecord
100
AcDbRegAppTableRecord
  2
ACAD_PSEXT
 70
     0
  0
APPID
  5
CE38
330
9
100
AcDbSymbolTableRecord
100
AcDbRegAppTableRecord
  2
ACAD_DSTYLE_DIMJOGGED_JOGANGLE_SYMBOL
 70
     0
  0
APPID
  5
CE39
330
9
100
AcDbSymbolTableRecord
100
AcDbRegAppTableRecord
  2
ACAD_DSTYLE_DIMBREAK
 70
     0
  0
APPID
  5
CE3A
330
9
100
AcDbSymbolTableRecord
100
AcDbRegAppTableRecord
  2
ACAD_NAV_VCDISPLAY
 70
     0
  0
APPID
  5
D44A
330
9
100
AcDbSymbolTableRecord
100
AcDbRegAppTableRecord
  2
ACAD_MLEADERVER
 70
     0
  0
APPID
  5
D9DC
330
9
100
AcDbSymbolTableRecord
100
AcDbRegAppTableRecord
  2
AcadAnnoPO
 70
     0
  0
APPID
  5
DE98
330
9
100
AcDbSymbolTableRecord
100
AcDbRegAppTableRecord
  2
ACAD_DSTYLE_DIMEXT_LENGTH
 70
     0
  0
APPID
  5
F479
330
9
100
AcDbSymbolTableRecord
100
AcDbRegAppTableRecord
  2
ACAD_DSTYLE_DIMRADIAL_EXTENSION
 70
     0
  0
APPID
  5
F47A
330
9
100
AcDbSymbolTableRecord
100
AcDbRegAppTableRecord
  2
GradientColor1ACI
 70
     0
  0
APPID
  5
F47B
330
9
100
AcDbSymbolTableRecord
100
AcDbRegAppTableRecord
  2
GradientColor2ACI
 70
     0
  0
APPID
  5
F47C
330
9
100
AcDbSymbolTableRecord
100
AcDbRegAppTableRecord
  2
GENIUS_GENOREF_13
 70
     0
  0
APPID
  5
F47D
330
9
100
AcDbSymbolTableRecord
100
AcDbRegAppTableRecord
  2
GENIUS_GENFIL_13
 70
     0
  0
APPID
  5
F47E
330
9
100
AcDbSymbolTableRecord
100
AcDbRegAppTableRecord
  2
GENIUS_GEFSH_13
 70
     0
  0
APPID
  5
F47F
330
9
100
AcDbSymbolTableRecord
100
AcDbRegAppTableRecord
  2
GENIUS_GEFSHP_13
 70
     0
  0
APPID
  5
F480
330
9
100
AcDbSymbolTableRecord
100
AcDbRegAppTableRecord
  2
TH_POWERPARA
 70
     0
  0
APPID
  5
17E67
330
9
100
AcDbSymbolTableRecord
100
AcDbRegAppTableRecord
  2
ACAD_DSTYLE_DIMTEXT_FILL
 70
     0
  0
APPID
  5
1B2E4
330
9
100
AcDbSymbolTableRecord
100
AcDbRegAppTableRecord
  2
AcadAnnoMonitorAlertIconDisabled
 70
     0
  0
APPID
  5
1F995
330
9
100
AcDbSymbolTableRecord
100
AcDbRegAppTableRecord
  2
ACAD_OBJECT_CHANGE_GUID
 70
     0
  0
APPID
  5
1F9F3
330
9
100
AcDbSymbolTableRecord
100
AcDbRegAppTableRecord
  2
ACAD_SPLINE_DATA
 70
     0
  0
APPID
  5
1F9F4
330
9
100
AcDbSymbolTableRecord
100
AcDbRegAppTableRecord
  2
ACAD_SPLINE_DATA2
 70
     0
  0
APPID
  5
24030
330
9
100
AcDbSymbolTableRecord
100
AcDbRegAppTableRecord
  2
CAXA_DRAFT_TXTSTYLE
 70
     0
  0
ENDTAB
  0
TABLE
  2
DIMSTYLE
  5
A
330
0
100
AcDbSymbolTable
 70
     5
100
AcDbDimStyleTable
  0
DIMSTYLE
105
7FB
330
A
100
AcDbSymbolTableRecord
100
AcDbDimStyleTableRecord
  2
Standard
 70
     0
178
     0
340
11
  0
DIMSTYLE
105
D3D0
330
A
100
AcDbSymbolTableRecord
100
AcDbDimStyleTableRecord
  2
$TD_AUDIT_GENERATED_(D3D0)
 70
     0
 40
20.0
 41
2.5
 42
0.0
 43
5.0
 44
1.5
 47
-0.1
 73
     0
 77
     1
 78
     8
140
3.5
141
0.0
143
0.03937007874016
147
1.0
171
     3
172
     1
176
     3
177
     3
271
     1
178
     3
179
     1
271
     1
272
     1
274
     3
283
     0
284
     8
340
2C8
1001
ACAD_DSTYLE_DIMBREAK
1070
   391
1040
3.75
1001
ACAD_DSTYLE_DIMJAG
1070
   388
1040
1.5
1001
ACAD_DSTYLE_DIMTALN
1070
   392
1070
     0
  0
DIMSTYLE
105
2C469
330
A
100
AcDbSymbolTableRecord
100
AcDbDimStyleTableRecord
  2
$TD_AUDIT_GENERATED_(2C469)
 70
     0
 40
2.0
 41
2.0
 42
0.0
 43
5.0
 44
0.5
 47
-0.1
 73
     0
 77
     1
 78
     8
140
3.5
141
2.5
143
0.03937007874016
147
1.0
171
     3
172
     1
178
     0
179
     1
271
     1
272
     1
274
     3
283
     0
284
     8
340
2C7
  0
DIMSTYLE
105
2C46A
330
A
100
AcDbSymbolTableRecord
100
AcDbDimStyleTableRecord
  2
$TD_AUDIT_GENERATED_(2C46A)
 70
     0
 40
12.0
 41
2.5
 42
0.0
 43
5.0
 44
0.8
 47
-0.1
 73
     0
 77
     1
 78
     8
140
3.5
141
0.0
143
0.03937007874016
147
1.0
171
     3
172
     1
176
     3
177
     3
271
     1
178
     3
179
     1
271
     1
272
     1
274
     3
283
     0
284
     8
340
2C7
  0
DIMSTYLE
105
2C46B
330
A
100
AcDbSymbolTableRecord
100
AcDbDimStyleTableRecord
  2
S15
 70
     0
 40
15.0
 41
2.5
 42
0.0
 43
5.0
 44
0.5
 47
-0.1
 73
     0
 77
     1
 78
     8
140
3.5
141
2.5
143
0.03937007874016
147
1.0
171
     3
172
     1
176
     3
177
     3
271
     1
178
     3
179
     1
271
     1
272
     1
274
     3
283
     0
284
     8
288
     1
340
2C7
  0
ENDTAB
  0
TABLE
  2
BLOCK_RECORD
  5
1
330
0
100
AcDbSymbolTable
 70
     5
  0
BLOCK_RECORD
  5
1F
102
{ACAD_XDICTIONARY
360
8A04
102
}
330
1
100
AcDbSymbolTableRecord
100
AcDbBlockTableRecord
  2
*Model_Space
340
22
  0
BLOCK_RECORD
  5
1B
330
1
100
AcDbSymbolTableRecord
100
AcDbBlockTableRecord
  2
*Paper_Space
340
1E
  0
BLOCK_RECORD
  5
23
330
1
100
AcDbSymbolTableRecord
100
AcDbBlockTableRecord
  2
*Paper_Space0
340
26
  0
BLOCK_RECORD
  5
8CB9
330
1
100
AcDbSymbolTableRecord
100
AcDbBlockTableRecord
  2
$TD_AUDIT_GENERATED_(8CB9)
340
0
310
2800000020000000200000000100080000000000000400000000000000000000000000000000000000000000000080000080000000808000800000008000800080800000C0C0C000C0DCC000F0CAA600000000000000FF0000FFFF0000FF0000FFFF0000FF000000FF00FF00FFFFFF0080808000C0C0C0000000FF007F7FFF
310
000000CC006666CC00000099004C4C990000007F003F3F7F0000004C0026264C00003FFF007F9FFF000033CC00667FCC00002699004C5F9900001F7F003F4F7F0000134C00262F4C00007FFF007FBFFF000066CC006699CC00004C99004C729900003F7F003F5F7F0000264C0026394C0000BFFF007FDFFF000099CC0066B2
310
CC00007299004C859900005F7F003F6F7F0000394C0026424C0000FFFF007FFFFF0000CCCC0066CCCC00009999004C999900007F7F003F7F7F00004C4C00264C4C0000FFBF007FFFDF0000CC990066CCB200009972004C998500007F5F003F7F6F00004C3900264C420000FF7F007FFFBF0000CC660066CC990000994C004C
310
997200007F3F003F7F5F00004C2600264C390000FF3F007FFF9F0000CC330066CC7F00009926004C995F00007F1F003F7F4F00004C1300264C2F0000FF00007FFF7F0000CC000066CC6600009900004C994C00007F00003F7F3F00004C0000264C26003FFF00009FFF7F0033CC00007FCC6600269900005F994C001F7F0000
310
4F7F3F00134C00002F4C26007FFF0000BFFF7F0066CC000099CC66004C99000072994C003F7F00005F7F3F00264C0000394C2600BFFF0000DFFF7F0099CC0000B2CC66007299000085994C005F7F00006F7F3F00394C0000424C2600FFFF0000FFFF7F00CCCC0000CCCC66009999000099994C007F7F00007F7F3F004C4C00
310
004C4C2600FFBF0000FFDF7F00CC990000CCB266009972000099854C007F5F00007F6F3F004C3900004C422600FF7F0000FFBF7F00CC660000CC996600994C000099724C007F3F00007F5F3F004C2600004C392600FF3F0000FF9F7F00CC330000CC7F660099260000995F4C007F1F00007F4F3F004C1300004C2F2600FF00
310
0000FF7F7F00CC000000CC66660099000000994C4C007F0000007F3F3F004C0000004C262600FF003F00FF7F9F00CC003300CC667F0099002600994C5F007F001F007F3F4F004C0013004C262F00FF007F00FF7FBF00CC006600CC66990099004C00994C72007F003F007F3F5F004C0026004C263900FF00BF00FF7FDF00CC
310
009900CC66B20099007200994C85007F005F007F3F6F004C0039004C264200FF00FF00FF7FFF00CC00CC00CC66CC0099009900994C99007F007F007F3F7F004C004C004C264C00BF00FF00DF7FFF009900CC00B266CC0072009900854C99005F007F006F3F7F0039004C0042264C007F00FF00BF7FFF006600CC009966CC00
310
4C009900724C9900F0FBFF00A4A0A000808080000000FF0000FF000000FFFF00FF000000FF00FF00FFFF0000FFFFFF0000000000000000000000000000000000000000000000000000000000000000000000000000000000000000000000000000000000000000000000000000000000000000000000000000000000000000
310
00000000000000000000000000000000000000000000000000000000000000000000000000000000000000000000000000000000000000000000000000000000000000000000000000000000000000000000000000000000000000000000000000000000000000000000000000000000000000000000000000000000000000
310
00000000000000000000000000000000000000000000000000000000000000000000000000000000000000000000000000000000000000000000000000000000000000000000000000000000000000000000000000000000000000000000000000000000000000000000000000000000000000000000000000000000000000
310
00000000000000000000000000000000000000000000000000000000000000000000000000000000000000000000000000000000000000000000000000000000000000000000000000000000000000000000000000000000000000000000000000000000000000000000000000000000000000000000000000000000000000
310
0000000000000000000000000000000000000000006F6F6F6F6F6F6F6F6F6F6F6F6F6F6F6F6F6F6F6F6F6F6F6F6F6F6F6F6F6F00006F6F6F6F6F6F6F6F6F6F6F6F6F6F6F6F6F6F6F6F6F6F6F6F6F6F6F6F6F6F0000000000000000000000000000000000000000000000000000000000000000000000000000000000000000
310
00000000000000000000000000000000000000000000000000000000000000000000000000000000000000000000000000000000000000000000000000000000000000000000000000000000000000000000000000000000000000000000000000000000000000000000000000000000000000000000000000000000000000
310
00000000000000000000000000000000000000000000000000000000000000000000000000000000000000000000000000000000000000000000000000000000000000000000000000000000000000000000000000000000000000000000000000000000000000000000000000000000000000000000000000000000000000
310
00000000000000000000000000000000000000000000000000000000000000000000000000000000000000000000000000000000000000000000000000000000000000000000000000000000000000000000000000000000000000000000000000000000000000000000000000000000000000000000000000000000000000
310
0000000000000000000000000000000000000000000000000000000000000000000000000000000000000000000000000000000000000000
102
{BLKREFS
331
2C92B
331
2C950
331
2C989
102
}
1001
AcDbDynamicBlockGUID
1000
{CBC87F85-A5C6-4BFF-8FCC-16663AE68B32}
1001
AcDbBlockRepETag
1070
     1
1071
       21
1001
ACAD
1000
DesignCenter Data
1002
{
1070
     1
1070
     4
1002
}
  0
BLOCK_RECORD
  5
8CD2
330
1
100
AcDbSymbolTableRecord
100
AcDbBlockTableRecord
  2
$TD_AUDIT_GENERATED_(8CD2)
340
0
310
28000000200000002000000001000800000000000004000000000000000000000000000000000000000000004000000080000000FF000000002000004020000080200000FF200000004000004040000080400000FF400000006000004060000080600000FF600000008000004080000080800000FF80000000A0000040A000
310
0080A00000FFA0000000C0000040C0000080C00000FFC0000000FF000040FF000080FF0000FFFF0000000020004000200080002000FF002000002020004020200080202000FF202000004020004040200080402000FF402000006020004060200080602000FF602000008020004080200080802000FF80200000A0200040A0
310
200080A02000FFA0200000C0200040C0200080C02000FFC0200000FF200040FF200080FF2000FFFF2000000040004000400080004000FF004000002040004020400080204000FF204000004040004040400080404000FF404000006040004060400080604000FF604000008040004080400080804000FF80400000A0400040
310
A0400080A04000FFA0400000C0400040C0400080C04000FFC0400000FF400040FF400080FF4000FFFF4000000060004000600080006000FF006000002060004020600080206000FF206000004060004040600080406000FF406000006060004060600080606000FF606000008060004080600080806000FF80600000A06000
310
40A0600080A06000FFA0600000C0600040C0600080C06000FFC0600000FF600040FF600080FF6000FFFF6000000080004000800080008000FF008000002080004020800080208000FF208000004080004040800080408000FF408000006080004060800080608000FF608000008080004080800080808000FF80800000A080
310
0040A0800080A08000FFA0800000C0800040C0800080C08000FFC0800000FF800040FF800080FF8000FFFF80000000A0004000A0008000A000FF00A0000020A0004020A0008020A000FF20A0000040A0004040A0008040A000FF40A0000060A0004060A0008060A000FF60A0000080A0004080A0008080A000FF80A00000A0
310
A00040A0A00080A0A000FFA0A00000C0A00040C0A00080C0A000FFC0A00000FFA00040FFA00080FFA000FFFFA0000000C0004000C0008000C000FF00C0000020C0004020C0008020C000FF20C0000040C0004040C0008040C000FF40C0000060C0004060C0008060C000FF60C0000080C0004080C0008080C000FF80C00000
310
A0C00040A0C00080A0C000FFA0C00000C0C00040C0C00080C0C000FFC0C00000FFC00040FFC00080FFC000FFFFC0000000FF004000FF008000FF00FF00FF000020FF004020FF008020FF00FF20FF000040FF004040FF008040FF00FF40FF000060FF004060FF008060FF00FF60FF000080FF004080FF008080FF00FF80FF00
310
00A0FF0040A0FF0080A0FF00FFA0FF0000C0FF0040C0FF0080C0FF00FFC0FF0000FFFF0040FFFF0080FFFF00FFFFFF0000000000000000000000000000000000000000000000000000000000000000000000000000000000000000000000000000000000000000000000000000000000000000000000000000000000000000
310
00000000000000000000000000000000000000000000000000000000000000000000000000000000000000000000000000000000000000000000000000000000000000000000000000000000000000000000000000000000000000000000000000000000000000000000000000000000000000000000000000000000000000
310
00000000000000000000000000000000000000000000000000000000000000000000000000000000000000000000000000000000000000000000000000000000000000000000000000000000000000000000000000000000000000000000000000000000000000000000000000000000000000000000000000000000000000
310
00000000000000000000000000000000000000000000000000000000000000000000000000000000000000000000000000000000000000000000000000000000000000000000000000000000000000000000000000000000000000000000000000000000000000000000000000000000000000000000000000000000000000
310
0000000000000000000000000000000000000000007B7B7B7B7B7B7B7B7B7B7B7B7B7B7B7B7B7B7B7B7B7B7B7B7B7B7B7B7B7B00007B7B7B7B7B7B7B7B7B7B7B7B7B7B7B7B7B7B7B7B7B7B7B7B7B7B7B7B7B7B0000000000000000000000000000000000000000000000000000000000000000000000000000000000000000
310
00000000000000000000000000000000000000000000000000000000000000000000000000000000000000000000000000000000000000000000000000000000000000000000000000000000000000000000000000000000000000000000000000000000000000000000000000000000000000000000000000000000000000
310
00000000000000000000000000000000000000000000000000000000000000000000000000000000000000000000000000000000000000000000000000000000000000000000000000000000000000000000000000000000000000000000000000000000000000000000000000000000000000000000000000000000000000
310
00000000000000000000000000000000000000000000000000000000000000000000000000000000000000000000000000000000000000000000000000000000000000000000000000000000000000000000000000000000000000000000000000000000000000000000000000000000000000000000000000000000000000
310
0000000000000000000000000000000000000000000000000000000000000000000000000000000000000000000000000000000000000000
102
{BLKREFS
331
2C8C9
331
2C8D3
331
2C8DD
331
2C8E7
331
2C8F1
331
2C8FB
331
2C905
331
2C90F
331
2C919
331
2C933
331
2C93D
331
2C958
331
2C962
331
2C96C
331
2C976
331
2C991
331
2C99B
331
2C9A5
331
2C9AF
331
2C9B9
331
2C9C3
331
2C9CD
331
2C9D7
331
2C9E1
331
2C9EB
331
2C9F5
331
2C9FF
331
2CA09
331
2CA13
331
2CA1D
331
2CA27
331
2CA31
331
2CA3B
331
2CA45
331
2CA4F
331
2CA59
331
2CA63
331
2CA6D
331
2CA77
331
2CA81
331
2CA8B
331
2CA95
331
2CA9F
331
2CAA9
331
2CAB3
331
2CABD
331
2CAC7
331
2CAD1
331
2CADC
331
2CAE6
331
2CAF0
331
2CAFA
331
2CB04
331
2CB0E
331
2CB18
331
2CB22
331
2CB2C
331
2CB36
331
2CB72
331
2CB7C
331
2CBA4
331
2CBB8
331
2CBC2
331
2CBCC
331
2CBD6
331
2CBE0
331
2CBEA
331
2CBF4
331
2CBFE
331
2CC08
331
2CC12
331
2CC1C
331
2CC26
331
2CC30
331
2CC3A
331
2CC44
331
2CC4E
331
2CC58
331
2CC62
331
2CC6C
331
2CC76
331
2CC80
331
2CC8A
331
2CC94
331
2CC9E
331
2CCA8
331
2CCB2
331
2CCBC
331
2CCC6
331
2CCD0
331
2CCDA
331
2CCE4
331
2CCEE
331
2CCF8
331
2CD02
331
2CD0C
331
2CD16
102
}
1001
ACAD
1000
DesignCenter Data
1002
{
1070
     1
1070
     4
1002
}
  0
BLOCK_RECORD
  5
13DD2
102
{ACAD_XDICTIONARY
360
13DD3
102
}
330
1
100
AcDbSymbolTableRecord
100
AcDbBlockTableRecord
  2
*U3
340
0
310
28000000200000002000000001000800000000000004000000000000000000000000000000000000000000004000000080000000FF000000002000004020000080200000FF200000004000004040000080400000FF400000006000004060000080600000FF600000008000004080000080800000FF80000000A0000040A000
310
0080A00000FFA0000000C0000040C0000080C00000FFC0000000FF000040FF000080FF0000FFFF0000000020004000200080002000FF002000002020004020200080202000FF202000004020004040200080402000FF402000006020004060200080602000FF602000008020004080200080802000FF80200000A0200040A0
310
200080A02000FFA0200000C0200040C0200080C02000FFC0200000FF200040FF200080FF2000FFFF2000000040004000400080004000FF004000002040004020400080204000FF204000004040004040400080404000FF404000006040004060400080604000FF604000008040004080400080804000FF80400000A0400040
310
A0400080A04000FFA0400000C0400040C0400080C04000FFC0400000FF400040FF400080FF4000FFFF4000000060004000600080006000FF006000002060004020600080206000FF206000004060004040600080406000FF406000006060004060600080606000FF606000008060004080600080806000FF80600000A06000
310
40A0600080A06000FFA0600000C0600040C0600080C06000FFC0600000FF600040FF600080FF6000FFFF6000000080004000800080008000FF008000002080004020800080208000FF208000004080004040800080408000FF408000006080004060800080608000FF608000008080004080800080808000FF80800000A080
310
0040A0800080A08000FFA0800000C0800040C0800080C08000FFC0800000FF800040FF800080FF8000FFFF80000000A0004000A0008000A000FF00A0000020A0004020A0008020A000FF20A0000040A0004040A0008040A000FF40A0000060A0004060A0008060A000FF60A0000080A0004080A0008080A000FF80A00000A0
310
A00040A0A00080A0A000FFA0A00000C0A00040C0A00080C0A000FFC0A00000FFA00040FFA00080FFA000FFFFA0000000C0004000C0008000C000FF00C0000020C0004020C0008020C000FF20C0000040C0004040C0008040C000FF40C0000060C0004060C0008060C000FF60C0000080C0004080C0008080C000FF80C00000
310
A0C00040A0C00080A0C000FFA0C00000C0C00040C0C00080C0C000FFC0C00000FFC00040FFC00080FFC000FFFFC0000000FF004000FF008000FF00FF00FF000020FF004020FF008020FF00FF20FF000040FF004040FF008040FF00FF40FF000060FF004060FF008060FF00FF60FF000080FF004080FF008080FF00FF80FF00
310
00A0FF0040A0FF0080A0FF00FFA0FF0000C0FF0040C0FF0080C0FF00FFC0FF0000FFFF0040FFFF0080FFFF00FFFFFF0000000000000000000000000000000000000000000000000000000000000000000000000000000000000000000000000000000000000000000000000000000000000000000000000000000000000000
310
00000000000000000000000000000000000000000000000000000000000000000000000000000000000000000000000000000000000000000000000000000000000000000000000000000000000000000000000000000000000000000000000000000000000000000000000000000000000000000000000000000000000000
310
00000000000000000000000000000000000000000000000000000000000000000000000000000000000000000000000000000000000000000000000000000000000000000000000000000000000000000000000000000000000000000000000000000000000000000000000000000000000000000000000000000000000000
310
00000000000000000000000000000000000000000000000000000000000000000000000000000000000000000000000000000000000000000000000000000000000000000000000000000000000000000000000000000000000000000000000000000000000000000000000000000000000000000000000000000000000000
310
0000000000000000000000000000000000000000007B7B7B7B7B7B7B7B7B7B7B7B7B7B7B7B7B7B7B7B7B7B7B7B7B7B7B7B7B7B00007B7B7B7B7B7B7B7B7B7B7B7B7B7B7B7B7B7B7B7B7B7B7B7B7B7B7B7B7B7B0000000000000000000000000000000000000000000000000000000000000000000000000000000000000000
310
00000000000000000000000000000000000000000000000000000000000000000000000000000000000000000000000000000000000000000000000000000000000000000000000000000000000000000000000000000000000000000000000000000000000000000000000000000000000000000000000000000000000000
310
00000000000000000000000000000000000000000000000000000000000000000000000000000000000000000000000000000000000000000000000000000000000000000000000000000000000000000000000000000000000000000000000000000000000000000000000000000000000000000000000000000000000000
310
00000000000000000000000000000000000000000000000000000000000000000000000000000000000000000000000000000000000000000000000000000000000000000000000000000000000000000000000000000000000000000000000000000000000000000000000000000000000000000000000000000000000000
310
0000000000000000000000000000000000000000000000000000000000000000000000000000000000000000000000000000000000000000
102
{BLKREFS
331
2CB40
331
2CB4A
331
2CB54
331
2CB5E
331
2CB68
331
2CB86
331
2CB90
331
2CB9A
331
2CBAE
102
}
1001
AcDbBlockRepETag
1070
     1
1071
       19
1001
AcDbDynamicBlockTrueName
1000
$TD_AUDIT_GENERATED_(13DD2)
1001
AcDbDynamicBlockGUID
1000
{ABA51A73-A191-414A-B876-D04BCADC84DD}
1001
ACAD
1000
DesignCenter Data
1002
{
1070
     1
1070
     4
1002
}
  0
BLOCK_RECORD
  5
29EC1
330
1
100
AcDbSymbolTableRecord
100
AcDbBlockTableRecord
  2
$TD_AUDIT_GENERATED_(29EC1)
340
0
310
28000000200000002000000001002000000000000010000001000000010000000000000000000000302821FF302821FF302821FF302821FF302821FF302821FF302821FF302821FF302821FF302821FF302821FF302821FF302821FF302821FF302821FF302821FF302821FF302821FF302821FF302821FF302821FF302821
310
FF302821FF302821FF302821FF302821FF302821FF302821FF302821FF302821FF302821FF302821FF302821FF302821FF302821FF302821FF302821FF302821FF302821FF302821FF302821FF302821FF302821FF302821FF302821FF302821FF302821FF302821FF302821FF302821FF302821FF302821FF302821FF3028
310
21FF302821FF302821FF302821FF302821FF302821FF302821FF302821FF302821FF302821FF302821FF302821FF302821FF302821FF302821FF302821FF302821FF302821FF302821FF302821FF302821FF302821FF302821FF302821FF302821FF302821FF302821FF302821FF302821FF302821FF302821FF302821FF30
310
2821FF302821FF302821FF302821FF302821FF302821FF302821FF302821FF302821FF302821FF302821FF302821FF302821FF302821FF302821FF302821FF302821FF302821FF302821FF302821FF302821FF302821FF302821FF302821FF302821FF302821FF302821FF302821FF302821FF302821FF302821FF302821FF
310
302821FF302821FF302821FF302821FF302821FF302821FF302821FF302821FF302821FF302821FF302821FF302821FF302821FF302821FF302821FF302821FF302821FF302821FF302821FF302821FF302821FF302821FF302821FF302821FF302821FF302821FF302821FF302821FF302821FF302821FF302821FF302821
310
FF302821FF302821FF302821FF302821FF302821FF302821FF302821FF302821FF302821FF302821FF302821FF302821FF302821FF302821FF302821FF302821FF302821FF302821FF302821FF302821FF302821FF302821FF302821FF302821FF302821FF302821FF302821FF302821FF302821FF302821FF302821FF3028
310
21FF302821FF302821FF302821FF302821FF302821FF302821FF302821FF302821FF302821FF302821FF302821FF302821FF302821FF302821FF302821FF302821FF302821FF302821FF302821FF302821FF302821FF302821FF302821FF302821FF302821FF302821FF302821FF302821FF302821FF302821FF302821FF30
310
2821FF302821FF302821FF302821FF302821FF302821FF302821FF302821FF302821FF302821FF302821FF302821FF302821FF302821FF302821FF302821FF302821FF302821FF302821FF302821FF302821FF302821FF302821FF302821FF302821FF302821FF302821FF302821FF302821FF302821FF302821FF302821FF
310
302821FF302821FF302821FF302821FF302821FF302821FF302821FF302821FF302821FF302821FF302821FF302821FF302821FF302821FF302821FF302821FF302821FF302821FF302821FF302821FF302821FF302821FF302821FF302821FF302821FF302821FF302821FF302821FF302821FF302821FF302821FF302821
310
FF302821FF302821FF302821FF302821FF302821FF302821FF302821FF302821FF302821FF302821FF302821FF302821FF302821FF302821FF302821FF302821FF302821FF302821FF302821FF302821FF302821FF302821FF302821FF302821FF302821FF302821FF302821FF302821FF302821FF302821FF302821FF3028
310
21FF302821FF302821FF302821FF302821FF302821FF302821FF302821FF302821FF302821FF302821FF302821FF302821FF302821FF302821FF302821FF302821FF302821FF302821FF302821FF302821FF302821FF302821FF302821FF302821FF302821FF302821FF302821FF302821FF302821FF302821FF302821FF30
310
2821FF302821FF302821FF302821FF302821FF302821FF302821FF302821FF302821FF302821FF302821FF302821FF302821FF302821FF302821FF302821FF302821FF302821FF302821FF302821FF302821FF302821FF302821FF302821FF302821FF302821FF302821FF302821FF302821FF302821FF302821FF302821FF
310
302821FF302821FF302821FF302821FF302821FF302821FF302821FF302821FF302821FF302821FF302821FF302821FF302821FF302821FF302821FF302821FF302821FF302821FF302821FF302821FF302821FF302821FF302821FF302821FF302821FF302821FF302821FF302821FF302821FF302821FF302821FF302821
310
FF302821FF302821FF302821FF302821FF302821FF302821FF302821FF302821FF302821FF302821FF302821FF302821FF302821FF302821FFFFFF00FFFFFF00FFFFFF00FFFFFF00FFFFFF00FFFFFF00FFFFFF00FFFFFF00FFFFFF00FFFFFF00FFFFFF00FFFFFF00FFFFFF00FFFFFF00FFFFFF00FFFFFF00FFFFFF00FFFFFF
310
00FFFFFF00FFFFFF00FFFFFF00FFFFFF00FF302821FF302821FFFFFF00FFFFFF00FF302821FF302821FF302821FF302821FF302821FF302821FFFFFF00FFFFFF00FFFFFF00FFFFFF00FFFFFF00FFFFFF00FFFFFF00FFFFFF00FFFFFF00FFFFFF00FFFFFF00FFFFFF00FFFFFF00FFFFFF00FFFFFF00FFFFFF00FFFFFF00FFFF
310
FF00FFFFFF00FFFFFF00FFFFFF00FFFFFF00FF302821FF302821FFFFFF00FFFFFF00FF302821FF302821FF302821FF302821FF302821FF302821FFFFFF00FFFFFF00FFFFFF00FFFFFF00FFFFFF00FFFFFF00FFFFFF00FFFFFF00FFFFFF00FFFFFF00FFFFFF00FFFFFF00FFFFFF00FFFFFF00FFFFFF00FFFFFF00FFFFFF00FF
310
FFFF00FFFFFF00FFFFFF00FFFFFF00FFFFFF00FFFFFF00FFFFFF00FFFFFF00FFFFFF00FFFFFF00FFFFFF00FFFFFF00FFFFFF00FF302821FF302821FFFFFF00FFFFFF00FFFFFF00FFFFFF00FFFFFF00FFFFFF00FFFFFF00FFFFFF00FFFFFF00FFFFFF00FFFFFF00FFFFFF00FFFFFF00FFFFFF00FFFFFF00FFFFFF00FFFFFF00
310
FFFFFF00FFFFFF00FFFFFF00FFFFFF00FFFFFF00FFFFFF00FFFFFF00FFFFFF00FFFFFF00FFFFFF00FFFFFF00FFFFFF00FF302821FF302821FF302821FFFFFF00FFFFFF00FFFFFF00FFFFFF00FFFFFF00FFFFFF00FFFFFF00FFFFFF00FFFFFF00FFFFFF00FFFFFF00FFFFFF00FFFFFF00FFFFFF00FFFFFF00FFFFFF00FFFFFF
310
00FFFFFF00FFFFFF00FFFFFF00FF302821FFFFFF00FF302821FFFFFF00FFFFFF00FFFFFF00FFFFFF00FFFFFF00FF302821FF302821FF302821FF302821FFFFFF00FFFFFF00FFFFFF00FFFFFF00FFFFFF00FFFFFF00FFFFFF00FFFFFF00FFFFFF00FFFFFF00FFFFFF00FFFFFF00FFFFFF00FFFFFF00FFFFFF00FFFFFF00FFFF
310
FF00FFFFFF00FFFFFF00FFFFFF00FFFFFF00FFFFFF00FFFFFF00FFFFFF00FFFFFF00FFFFFF00FFFFFF00FFFFFF00FFFFFF00FFFFFF00FF302821FF302821FF302821FF302821FF302821FF302821FF302821FF302821FF302821FF302821FF302821FF302821FF302821FF302821FF302821FF302821FF302821FF302821FF
310
302821FF302821FF302821FF302821FF302821FF302821FF302821FF302821FF302821FF302821FF302821FF302821FF302821FF302821FF302821FF302821FF302821FF302821FF302821FF302821FF302821FF302821FF302821FF302821FF302821FF302821FF302821FF302821FF302821FF302821FF302821FF302821
310
FF302821FF302821FF302821FF302821FF302821FF302821FF302821FF302821FF302821FF302821FF302821FF302821FF302821FF302821FF302821FF302821FF302821FF302821FF302821FF302821FF302821FF302821FF302821FF302821FF302821FF302821FF302821FF302821FF302821FF302821FF302821FF3028
310
21FF302821FF302821FF302821FF302821FF302821FF302821FF302821FF302821FF302821FF302821FF302821FF302821FF302821FF302821FF302821FF302821FF302821FF302821FF302821FF302821FF302821FF302821FF302821FF302821FF302821FF302821FF302821FF302821FF302821FF302821FF302821FF30
310
2821FF302821FF302821FF302821FF302821FF302821FF302821FF302821FF302821FF302821FF302821FF302821FF302821FF302821FF302821FF302821FF302821FF302821FF302821FF302821FF302821FF302821FF302821FF302821FF302821FF302821FF302821FF302821FF302821FF302821FF302821FF302821FF
310
302821FF302821FF302821FF302821FF302821FF302821FF302821FF302821FF302821FF302821FF302821FF302821FF302821FF302821FF302821FF302821FF302821FF302821FF302821FF302821FF302821FF302821FF302821FF302821FF302821FF302821FF302821FF302821FF302821FF302821FF302821FF302821
310
FF302821FF302821FF302821FF302821FF302821FF302821FF302821FF302821FF302821FF302821FF302821FF302821FF302821FF302821FF302821FF302821FF302821FF302821FF302821FF302821FF302821FF302821FF302821FF302821FF302821FF302821FF302821FF302821FF302821FF302821FF302821FF3028
310
21FF302821FF302821FF302821FF302821FF302821FF302821FF302821FF302821FF302821FF302821FF302821FF302821FF302821FF302821FF302821FF302821FF302821FF302821FF302821FF302821FF302821FF302821FF302821FF302821FF302821FF302821FF302821FF302821FF302821FF302821FF302821FF30
310
2821FF302821FF302821FF302821FF302821FF302821FF302821FF302821FF302821FF302821FF302821FF302821FF302821FF302821FF302821FF302821FF302821FF302821FF302821FF302821FF302821FF302821FF302821FF302821FF302821FF302821FF302821FF302821FF302821FF302821FF302821FF302821FF
310
302821FF302821FF302821FF302821FF302821FF302821FF302821FF302821FF302821FF302821FF302821FF302821FF302821FF302821FF302821FF302821FF302821FF302821FF302821FF302821FF302821FF302821FF302821FF302821FF302821FF302821FF302821FF302821FF302821FF302821FF302821FF302821
310
FF302821FF302821FF302821FF302821FF302821FF302821FF302821FF302821FF302821FF302821FF302821FF302821FF302821FF302821FF302821FF302821FF302821FF302821FF302821FF302821FF302821FF302821FF302821FF302821FF302821FF302821FF302821FF302821FF302821FF302821FF302821FF3028
310
21FF302821FF302821FF302821FF302821FF302821FF302821FF302821FF302821FF302821FF302821FF302821FF302821FF302821FF302821FF302821FF302821FF302821FF302821FF302821FF302821FF302821FF302821FF302821FF302821FF302821FF302821FF302821FF302821FF302821FF302821FF302821FF30
310
2821FF302821FF302821FF302821FF302821FF302821FF302821FF302821FF302821FF302821FF302821FF302821FF302821FF302821FF302821FF302821FF302821FF302821FF302821FF302821FF302821FF302821FF302821FF302821FF302821FF302821FF302821FF302821FF302821FF302821FF302821FF302821FF
310
302821FF302821FF302821FF302821FF302821FF302821FF302821FF302821FF302821FF302821FF302821FF302821FF302821FF302821FF302821FF302821FF302821FF302821FF
102
{BLKREFS
331
2C92C
331
2C951
331
2C98A
102
}
1001
AcDbDynamicBlockGUID
1000
{0ECF1DFC-C856-4976-84AE-BC2649BEE7AE}
1001
ACAD
1000
DesignCenter Data
1002
{
1070
     1
1070
     4
1002
}
  0
ENDTAB
  0
ENDSEC
  0
SECTION
  2
BLOCKS
  0
BLOCK
  5
20
330
1F
100
AcDbEntity
  8
0
100
AcDbBlockBegin
  2
*Model_Space
 70
     0
 10
0.0
 20
0.0
 30
0.0
  3
*Model_Space
  1

  0
ENDBLK
  5
21
330
1F
100
AcDbEntity
  8
0
100
AcDbBlockEnd
  0
BLOCK
  5
1C
330
1B
100
AcDbEntity
 67
     1
  8
0
100
AcDbBlockBegin
  2
*Paper_Space
 70
     0
 10
0.0
 20
0.0
 30
0.0
  3
*Paper_Space
  1

  0
ENDBLK
  5
1D
330
1B
100
AcDbEntity
 67
     1
  8
0
100
AcDbBlockEnd
  0
BLOCK
  5
24
330
23
100
AcDbEntity
  8
0
100
AcDbBlockBegin
  2
*Paper_Space0
 70
     0
 10
0.0
 20
0.0
 30
0.0
  3
*Paper_Space0
  1

  0
ENDBLK
  5
25
330
23
100
AcDbEntity
  8
0
100
AcDbBlockEnd
  0
BLOCK
  5
8CBB
330
8CB9
100
AcDbEntity
  8
0
100
AcDbBlockBegin
  2
$TD_AUDIT_GENERATED_(8CB9)
 70
     0
 10
0.0
 20
0.0
 30
0.0
  3
$TD_AUDIT_GENERATED_(8CB9)
  1

  0
LINE
  5
8CBC
330
8CB9
100
AcDbEntity
  8
0
100
AcDbLine
 10
0.0
 20
10.0
 30
0.0
 11
180.0
 21
10.0
 31
0.0
1001
AcDbBlockRepETag
1070
     1
1071
        0
1005
8CBC
  0
MTEXT
  5
8CBD
102
{ACAD_XDICTIONARY
360
DE63
102
}
330
8CB9
100
AcDbEntity
  8
0
100
AcDbMText
 10
5.0
 20
5.0
 30
0.0
 40
3.0
 41
0.0
 71
     5
 72
     5
  1
{\f\U+FFBF\U+FFAC\U+FFCC\U+FFA3\U+FFA4_GB2312|b0|i0|c134|p49;\M+5D0F2\M+5BAC5}
 73
     1
 44
1.0
1001
AcDbBlockRepETag
1070
     1
1071
        1
1005
8CBD
  0
MTEXT
  5
8CBE
330
8CB9
100
AcDbEntity
  8
0
100
AcDbMText
 10
95.00000000000004
 20
5.0
 30
0.0
 40
3.0
 41
0.0
 71
     5
 72
     5
  1
\M+5CAFD\M+5C1BF
  7
$TD_AUDIT_GENERATED_(2C8)
 73
     1
 44
1.0
1001
AcDbBlockRepETag
1070
     1
1071
        2
1005
8CBE
  0
LINE
  5
8CBF
330
8CB9
100
AcDbEntity
  8
0
100
AcDbLine
 10
50.0
 20
0.0
 30
0.0
 11
50.0
 21
10.0
 31
0.0
1001
AcDbBlockRepETag
1070
     1
1071
        3
1005
8CBF
  0
MTEXT
  5
8CC0
330
8CB9
100
AcDbEntity
  8
0
100
AcDbMText
 10
30.0
 20
5.0
 30
0.0
 40
3.0
 41
0.0
 71
     5
 72
     5
  1
\M+5B4FA    \M+5BAC5
  7
$TD_AUDIT_GENERATED_(2C8)
 73
     1
 44
1.0
1001
AcDbBlockRepETag
1070
     1
1071
        4
1005
8CC0
  0
LINE
  5
8CC1
330
8CB9
100
AcDbEntity
  8
0
100
AcDbLine
 10
90.00000000000094
 20
0.0
 30
0.0
 11
90.00000000000004
 21
10.0
 31
0.0
1001
AcDbBlockRepETag
1070
     1
1071
        5
1005
8CC1
  0
MTEXT
  5
8CC2
330
8CB9
100
AcDbEntity
  8
0
100
AcDbMText
 10
70.0
 20
5.0
 30
0.0
 40
3.0
 41
0.0
 71
     5
 72
     5
  1
\M+5C3FB    \M+5B3C6
  7
$TD_AUDIT_GENERATED_(2C8)
 73
     1
 44
1.0
1001
AcDbBlockRepETag
1070
     1
1071
        6
1005
8CC2
  0
LINE
  5
8CC3
330
8CB9
100
AcDbEntity
  8
0
100
AcDbLine
 10
100.0
 20
0.0
 30
0.0
 11
100.0
 21
10.0
 31
0.0
1001
AcDbBlockRepETag
1070
     1
1071
        7
1005
8CC3
  0
MTEXT
  5
8CC4
330
8CB9
100
AcDbEntity
  8
0
100
AcDbMText
 10
115.0
 20
5.0
 30
0.0
 40
3.0
 41
0.0
 71
     5
 72
     5
  1
\M+5B2C4    \M+5C1CF
  7
$TD_AUDIT_GENERATED_(2C8)
 73
     1
 44
1.0
1001
AcDbBlockRepETag
1070
     1
1071
        8
1005
8CC4
  0
MTEXT
  5
8CC5
330
8CB9
100
AcDbEntity
  8
0
100
AcDbMText
 10
140.0
 20
2.5
 30
0.0
 40
3.0
 41
0.0
 71
     5
 72
     5
  1
\M+5D6D8\M+5C1BF(kg)
  7
$TD_AUDIT_GENERATED_(2C8)
 73
     1
 44
1.0
1001
AcDbBlockRepETag
1070
     1
1071
        9
1005
8CC5
  0
LINE
  5
8CC6
330
8CB9
100
AcDbEntity
  8
0
100
AcDbLine
 10
150.0
 20
0.0
 30
0.0
 11
150.0
 21
10.0
 31
0.0
1001
AcDbBlockRepETag
1070
     1
1071
       10
1005
8CC6
  0
LINE
  5
8CC7
330
8CB9
100
AcDbEntity
  8
0
100
AcDbLine
 10
130.0
 20
0.0
 30
0.0
 11
130.0
 21
10.0
 31
0.0
1001
AcDbBlockRepETag
1070
     1
1071
       11
1005
8CC7
  0
LINE
  5
8CC8
330
8CB9
100
AcDbEntity
  8
0
100
AcDbLine
 10
130.0
 20
5.0
 30
0.0
 11
150.0
 21
5.0
 31
0.0
1001
AcDbBlockRepETag
1070
     1
1071
       12
1005
8CC8
  0
MTEXT
  5
8CC9
330
8CB9
100
AcDbEntity
  8
0
100
AcDbMText
 10
135.0
 20
7.5
 30
0.0
 40
3.0
 41
0.0
 71
     5
 72
     5
  1
\M+5B5A5\M+5D6D8
  7
$TD_AUDIT_GENERATED_(2C8)
 73
     1
 44
1.0
1001
AcDbBlockRepETag
1070
     1
1071
       13
1005
8CC9
  0
LINE
  5
8CCA
330
8CB9
100
AcDbEntity
  8
0
100
AcDbLine
 10
140.0
 20
5.0
 30
0.0
 11
140.0
 21
10.0
 31
0.0
1001
AcDbBlockRepETag
1070
     1
1071
       14
1005
8CCA
  0
MTEXT
  5
8CCB
330
8CB9
100
AcDbEntity
  8
0
100
AcDbMText
 10
145.0
 20
7.5
 30
0.0
 40
3.0
 41
0.0
 71
     5
 72
     5
  1
\M+5D7DC\M+5D6D8
  7
$TD_AUDIT_GENERATED_(2C8)
 73
     1
 44
1.0
1001
AcDbBlockRepETag
1070
     1
1071
       15
1005
8CCB
  0
MTEXT
  5
8CCC
330
8CB9
100
AcDbEntity
  8
0
100
AcDbMText
 10
165.0
 20
5.0
 30
0.0
 40
3.0
 41
0.0
 71
     5
 72
     5
  1
\M+5B1B8   \M+5D7A2
  7
$TD_AUDIT_GENERATED_(2C8)
 73
     1
 44
1.0
1001
AcDbBlockRepETag
1070
     1
1071
       16
1005
8CCC
  0
LINE
  5
8CCD
330
8CB9
100
AcDbEntity
  8
0
100
AcDbLine
 10
0.0
 20
0.0
 30
0.0
 11
180.0
 21
0.0
 31
0.0
1001
AcDbBlockRepETag
1070
     1
1071
       17
1005
8CCD
  0
LINE
  5
8CCE
330
8CB9
100
AcDbEntity
  8
0
100
AcDbLine
 10
0.0
 20
10.0
 30
0.0
 11
0.0
 21
0.0
 31
0.0
1001
AcDbBlockRepETag
1070
     1
1071
       18
1005
8CCE
  0
LINE
  5
8CCF
330
8CB9
100
AcDbEntity
  8
0
100
AcDbLine
 10
180.0
 20
10.0
 30
0.0
 11
180.0
 21
0.0
 31
0.0
1001
AcDbBlockRepETag
1070
     1
1071
       19
1005
8CCF
  0
LINE
  5
8CD0
330
8CB9
100
AcDbEntity
  8
0
100
AcDbLine
 10
10.0
 20
10.0
 30
0.0
 11
10.0
 21
0.0
 31
0.0
1001
AcDbBlockRepETag
1070
     1
1071
       20
1005
8CD0
  0
ENDBLK
  5
8CD1
330
8CB9
100
AcDbEntity
  8
0
100
AcDbBlockEnd
  0
BLOCK
  5
8CD3
330
8CD2
100
AcDbEntity
  8
0
100
AcDbBlockBegin
  2
$TD_AUDIT_GENERATED_(8CD2)
 70
     2
 10
0.0
 20
0.0
 30
0.0
  3
$TD_AUDIT_GENERATED_(8CD2)
  1

  0
LINE
  5
8CD4
330
8CD2
100
AcDbEntity
  8
0
100
AcDbLine
 10
0.0
 20
0.0
 30
0.0
 11
180.0
 21
0.0
 31
0.0
  0
LINE
  5
8CD5
330
8CD2
100
AcDbEntity
  8
0
100
AcDbLine
 10
0.0000000000000568
 20
6.999999999999992
 30
0.0
 11
180.0
 21
6.999999999999992
 31
0.0
  0
LINE
  5
8CD6
330
8CD2
100
AcDbEntity
  8
0
100
AcDbLine
 10
0.0
 20
0.0
 30
0.0
 11
0.0
 21
6.999999999999992
 31
0.0
  0
ATTDEF
  5
8CD7
330
8CD2
100
AcDbEntity
  8
0
100
AcDbText
 10
5.0
 20
1.75
 30
0.0
 40
3.5
  1

 41
0.7
  7
$TD_AUDIT_GENERATED_(2C7)
 72
     1
 11
5.0
 21
3.5
 31
0.0
100
AcDbAttributeDefinition
  3
序号
  2
1
 70
     8
 74
     2
  0
ATTDEF
  5
8CD8
330
8CD2
100
AcDbEntity
  8
0
 62
   141
100
AcDbText
 10
12.99999999999983
 20
1.75
 30
0.0
 40
3.5
  1

 41
0.6
  7
$TD_AUDIT_GENERATED_(2C7)
 11
12.99999999999983
 21
3.5
 31
0.0
100
AcDbAttributeDefinition
  3
代号
  2
2
 70
     8
 74
     2
  0
LINE
  5
8CD9
330
8CD2
100
AcDbEntity
  8
0
100
AcDbLine
 10
10.00000000000011
 20
0.0
 30
0.0
 11
9.999999999999543
 21
6.999999999999992
 31
0.0
  0
ATTDEF
  5
8CDA
330
8CD2
100
AcDbEntity
  8
0
 62
   141
100
AcDbText
 10
53.00000000000006
 20
1.75
 30
0.0
 40
3.5
  1

 41
0.7
  7
$TD_AUDIT_GENERATED_(2C8)
 11
53.00000000000006
 21
3.5
 31
0.0
100
AcDbAttributeDefinition
  3
名称
  2
3
 70
     8
 74
     2
  0
LINE
  5
8CDB
330
8CD2
100
AcDbEntity
  8
0
100
AcDbLine
 10
50.00000000000006
 20
0.0
 30
0.0
 11
50.00000000000006
 21
6.999999999999992
 31
0.0
  0
LINE
  5
8CDC
330
8CD2
100
AcDbEntity
  8
0
100
AcDbLine
 10
90.00000000000004
 20
0.0
 30
0.0
 11
90.00000000000004
 21
6.999999999999992
 31
0.0
  0
ATTDEF
  5
8CDD
330
8CD2
100
AcDbEntity
  8
0
100
AcDbText
 10
95.00000000000004
 20
1.75
 30
0.0
 40
3.5
  1

 41
0.7
  7
$TD_AUDIT_GENERATED_(2C7)
 72
     1
 11
95.00000000000004
 21
3.5
 31
0.0
100
AcDbAttributeDefinition
  3
数量
  2
4
 70
     8
 74
     2
  0
ATTDEF
  5
8CDE
330
8CD2
100
AcDbEntity
  8
0
 62
   141
100
AcDbText
 10
103.0
 20
1.75
 30
0.0
 40
3.5
  1

 41
0.7
  7
$TD_AUDIT_GENERATED_(2C7)
 11
103.0
 21
3.5
 31
0.0
100
AcDbAttributeDefinition
  3
材料
  2
5
 70
     8
 74
     2
  0
LINE
  5
8CDF
330
8CD2
100
AcDbEntity
  8
0
100
AcDbLine
 10
100.0
 20
0.0
 30
0.0
 11
100.0
 21
6.999999999999992
 31
0.0
  0
LINE
  5
8CE0
330
8CD2
100
AcDbEntity
  8
0
100
AcDbLine
 10
130.0
 20
0.0
 30
0.0
 11
130.0
 21
6.999999999999992
 31
0.0
  0
ATTDEF
  5
8CE1
330
8CD2
100
AcDbEntity
  8
0
100
AcDbText
 10
135.0
 20
1.75
 30
0.0
 40
3.5
  1

 41
0.7
  7
$TD_AUDIT_GENERATED_(2C7)
 72
     1
 11
135.0
 21
3.5
 31
0.0
100
AcDbAttributeDefinition
  3
单重
  2
6
 70
     8
 74
     2
  0
ATTDEF
  5
8CE2
330
8CD2
100
AcDbEntity
  8
0
100
AcDbText
 10
145.0
 20
1.75
 30
0.0
 40
3.5
  1

 41
0.7
  7
$TD_AUDIT_GENERATED_(2C7)
 72
     1
 11
145.0
 21
3.5
 31
0.0
100
AcDbAttributeDefinition
  3
总重
  2
7
 70
     8
 74
     2
  0
ATTDEF
  5
8CE3
330
8CD2
100
AcDbEntity
  8
0
100
AcDbText
 10
165.0
 20
1.75
 30
0.0
 40
3.5
  1

 41
0.7
  7
$TD_AUDIT_GENERATED_(2C8)
 72
     1
 11
165.0
 21
3.5
 31
0.0
100
AcDbAttributeDefinition
  3
备注
  2
8
 70
     8
 74
     2
  0
LINE
  5
8CE4
330
8CD2
100
AcDbEntity
  8
0
100
AcDbLine
 10
140.0
 20
0.0
 30
0.0
 11
140.0
 21
6.999999999999992
 31
0.0
  0
LINE
  5
8CE5
330
8CD2
100
AcDbEntity
  8
0
100
AcDbLine
 10
150.0
 20
0.0
 30
0.0
 11
150.0
 21
6.999999999999992
 31
0.0
  0
LINE
  5
8CE6
330
8CD2
100
AcDbEntity
  8
0
100
AcDbLine
 10
180.0
 20
0.0
 30
0.0
 11
180.0
 21
6.999999999999992
 31
0.0
  0
ENDBLK
  5
8CE7
330
8CD2
100
AcDbEntity
  8
0
100
AcDbBlockEnd
  0
BLOCK
  5
13DDD
330
13DD2
100
AcDbEntity
  8
0
100
AcDbBlockBegin
  2
*U3
 70
     3
 10
0.0
 20
0.0
 30
0.0
  3
*U3
  1

  0
LINE
  5
13DDE
330
13DD2
100
AcDbEntity
  8
0
100
AcDbLine
 10
0.0
 20
0.0
 30
0.0
 11
180.0
 21
0.0
 31
0.0
1001
AcDbBlockRepETag
1070
     1
1071
        0
1005
13DDE
  0
LINE
  5
13DDF
330
13DD2
100
AcDbEntity
  8
0
100
AcDbLine
 10
0.0000000000000568
 20
6.999999999999992
 30
0.0
 11
180.0
 21
6.999999999999992
 31
0.0
1001
AcDbBlockRepETag
1070
     1
1071
        1
1005
13DDF
  0
LINE
  5
13DE0
330
13DD2
100
AcDbEntity
  8
0
100
AcDbLine
 10
0.0
 20
0.0
 30
0.0
 11
0.0
 21
6.999999999999992
 31
0.0
1001
AcDbBlockRepETag
1070
     1
1071
        2
1005
13DE0
  0
ATTDEF
  5
13DE1
330
13DD2
100
AcDbEntity
  8
0
100
AcDbText
 10
5.0
 20
1.75
 30
0.0
 40
3.5
  1

 41
0.7
  7
$TD_AUDIT_GENERATED_(2C7)
 72
     1
 11
5.0
 21
3.5
 31
0.0
100
AcDbAttributeDefinition
  3
序号
  2
1
 70
     8
 74
     2
1001
AcDbBlockRepETag
1070
     1
1071
        3
1005
0
  0
ATTDEF
  5
13DE2
330
13DD2
100
AcDbEntity
  8
0
 62
   141
100
AcDbText
 10
12.99999999999983
 20
1.75
 30
0.0
 40
3.5
  1

 41
0.6
  7
$TD_AUDIT_GENERATED_(2C7)
 11
12.99999999999983
 21
3.5
 31
0.0
100
AcDbAttributeDefinition
  3
代号
  2
2
 70
     8
 74
     2
1001
AcDbBlockRepETag
1070
     1
1071
        4
1005
0
  0
LINE
  5
13DE3
330
13DD2
100
AcDbEntity
  8
0
100
AcDbLine
 10
10.00000000000011
 20
0.0
 30
0.0
 11
9.999999999999543
 21
6.999999999999992
 31
0.0
1001
AcDbBlockRepETag
1070
     1
1071
        5
1005
13DE3
  0
ATTDEF
  5
13DE4
330
13DD2
100
AcDbEntity
  8
0
 62
   141
100
AcDbText
 10
53.00000000000006
 20
1.75
 30
0.0
 40
3.5
  1

 41
0.7
  7
$TD_AUDIT_GENERATED_(2C8)
 11
53.00000000000006
 21
3.5
 31
0.0
100
AcDbAttributeDefinition
  3
名称
  2
3
 70
     8
 74
     2
1001
AcDbBlockRepETag
1070
     1
1071
        6
1005
0
  0
LINE
  5
13DE5
330
13DD2
100
AcDbEntity
  8
0
100
AcDbLine
 10
50.00000000000006
 20
0.0
 30
0.0
 11
50.00000000000006
 21
6.999999999999992
 31
0.0
1001
AcDbBlockRepETag
1070
     1
1071
        7
1005
13DE5
  0
LINE
  5
13DE6
330
13DD2
100
AcDbEntity
  8
0
100
AcDbLine
 10
90.00000000000004
 20
0.0
 30
0.0
 11
90.00000000000004
 21
6.999999999999992
 31
0.0
1001
AcDbBlockRepETag
1070
     1
1071
        8
1005
13DE6
  0
ATTDEF
  5
13DE7
330
13DD2
100
AcDbEntity
  8
0
100
AcDbText
 10
95.00000000000004
 20
1.75
 30
0.0
 40
3.5
  1

 41
0.7
  7
$TD_AUDIT_GENERATED_(2C7)
 72
     1
 11
95.00000000000004
 21
3.5
 31
0.0
100
AcDbAttributeDefinition
  3
数量
  2
4
 70
     8
 74
     2
1001
AcDbBlockRepETag
1070
     1
1071
        9
1005
0
  0
ATTDEF
  5
13DE8
330
13DD2
100
AcDbEntity
  8
0
 62
   141
100
AcDbText
 10
103.0
 20
1.75
 30
0.0
 40
3.5
  1

 41
0.7
  7
$TD_AUDIT_GENERATED_(2C7)
 11
103.0
 21
3.5
 31
0.0
100
AcDbAttributeDefinition
  3
材料
  2
5
 70
     8
 74
     2
1001
AcDbBlockRepETag
1070
     1
1071
       10
1005
0
  0
LINE
  5
13DE9
330
13DD2
100
AcDbEntity
  8
0
100
AcDbLine
 10
100.0
 20
0.0
 30
0.0
 11
100.0
 21
6.999999999999992
 31
0.0
1001
AcDbBlockRepETag
1070
     1
1071
       11
1005
13DE9
  0
LINE
  5
13DEA
330
13DD2
100
AcDbEntity
  8
0
100
AcDbLine
 10
130.0
 20
0.0
 30
0.0
 11
130.0
 21
6.999999999999992
 31
0.0
1001
AcDbBlockRepETag
1070
     1
1071
       12
1005
13DEA
  0
ATTDEF
  5
13DEB
330
13DD2
100
AcDbEntity
  8
0
100
AcDbText
 10
135.0
 20
1.75
 30
0.0
 40
3.5
  1

 41
0.7
  7
$TD_AUDIT_GENERATED_(2C7)
 72
     1
 11
135.0
 21
3.5
 31
0.0
100
AcDbAttributeDefinition
  3
单重
  2
6
 70
     8
 74
     2
1001
AcDbBlockRepETag
1070
     1
1071
       13
1005
0
  0
ATTDEF
  5
13DEC
330
13DD2
100
AcDbEntity
  8
0
100
AcDbText
 10
145.0
 20
1.75
 30
0.0
 40
3.5
  1

 41
0.7
  7
$TD_AUDIT_GENERATED_(2C7)
 72
     1
 11
145.0
 21
3.5
 31
0.0
100
AcDbAttributeDefinition
  3
总重
  2
7
 70
     8
 74
     2
1001
AcDbBlockRepETag
1070
     1
1071
       14
1005
0
  0
ATTDEF
  5
13DED
330
13DD2
100
AcDbEntity
  8
0
100
AcDbText
 10
165.0
 20
1.75
 30
0.0
 40
3.5
  1

 41
0.7
  7
$TD_AUDIT_GENERATED_(2C8)
 72
     1
 11
165.0
 21
3.5
 31
0.0
100
AcDbAttributeDefinition
  3
备注
  2
8
 70
     8
 74
     2
1001
AcDbBlockRepETag
1070
     1
1071
       15
1005
0
  0
LINE
  5
13DEE
330
13DD2
100
AcDbEntity
  8
0
100
AcDbLine
 10
140.0
 20
0.0
 30
0.0
 11
140.0
 21
6.999999999999992
 31
0.0
1001
AcDbBlockRepETag
1070
     1
1071
       16
1005
13DEE
  0
LINE
  5
13DEF
330
13DD2
100
AcDbEntity
  8
0
100
AcDbLine
 10
150.0
 20
0.0
 30
0.0
 11
150.0
 21
6.999999999999992
 31
0.0
1001
AcDbBlockRepETag
1070
     1
1071
       17
1005
13DEF
  0
LINE
  5
13DF0
330
13DD2
100
AcDbEntity
  8
0
100
AcDbLine
 10
180.0
 20
0.0
 30
0.0
 11
180.0
 21
6.999999999999992
 31
0.0
1001
AcDbBlockRepETag
1070
     1
1071
       18
1005
13DF0
  0
ENDBLK
  5
13DF1
330
13DD2
100
AcDbEntity
  8
0
100
AcDbBlockEnd
  0
BLOCK
  5
29EC3
330
29EC1
100
AcDbEntity
  8
0
100
AcDbBlockBegin
  2
$TD_AUDIT_GENERATED_(29EC1)
 70
     2
 10
0.0
 20
0.0
 30
0.0
  3
$TD_AUDIT_GENERATED_(29EC1)
  1

  0
LINE
  5
29EC4
330
29EC1
100
AcDbEntity
  8
$TD_AUDIT_GENERATED_(2C5)
100
AcDbLine
 10
-179.999223410995
 20
27.99993421706677
 30
0.0
 11
-99.99922341099409
 21
27.99993421706677
 31
0.0
  0
LINE
  5
29EC5
330
29EC1
100
AcDbEntity
  8
$TD_AUDIT_GENERATED_(2C5)
100
AcDbLine
 10
-179.999223410995
 20
14.0
 30
0.0
 11
0.0
 21
14.0
 31
0.0
  0
LINE
  5
29EC6
330
29EC1
100
AcDbEntity
  8
$TD_AUDIT_GENERATED_(2C5)
100
AcDbLine
 10
-179.999223410995
 20
21.0
 30
0.0
 11
-49.99922341099409
 21
21.0
 31
0.0
  0
LINE
  5
29EC7
330
29EC1
100
AcDbEntity
  8
$TD_AUDIT_GENERATED_(2C5)
100
AcDbLine
 10
-179.999223410995
 20
7.0
 30
0.0
 11
-49.99922341099409
 21
7.0
 31
0.0
  0
LINE
  5
29EC8
330
29EC1
100
AcDbEntity
  8
$TD_AUDIT_GENERATED_(2C5)
100
AcDbLine
 10
-129.9992234109959
 20
34.99993830705989
 30
0.0
 11
-129.999223410995
 21
0.0
 31
0.0
  0
LINE
  5
29EC9
330
29EC1
100
AcDbEntity
  8
$TD_AUDIT_GENERATED_(2C5)
100
AcDbLine
 10
-179.9992213582409
 20
34.99993830705989
 30
0.0
 11
-179.999223410995
 21
-0.000065782933234
 31
0.0
  0
LINE
  5
29ECA
330
29EC1
100
AcDbEntity
  8
$TD_AUDIT_GENERATED_(2C5)
100
AcDbLine
 10
-159.9992234109959
 20
34.99993830705989
 30
0.0
 11
-159.999223410995
 21
0.0
 31
0.0
  0
LINE
  5
29ECB
330
29EC1
100
AcDbEntity
  8
$TD_AUDIT_GENERATED_(2C5)
100
AcDbLine
 10
-169.9992234109959
 20
34.99993830705989
 30
0.0
 11
-169.999223410995
 21
0.0
 31
0.0
  0
LINE
  5
29ECC
330
29EC1
100
AcDbEntity
  8
$TD_AUDIT_GENERATED_(2C5)
100
AcDbLine
 10
-145.9992234109959
 20
34.99993830705989
 30
0.0
 11
-145.999223410995
 21
0.0
 31
0.0
  0
MTEXT
  5
29ECD
330
29EC1
100
AcDbEntity
  8
$TD_AUDIT_GENERATED_(2C5)
100
AcDbMText
 10
-174.999223410995
 20
3.5
 30
0.0
 40
3.0
 41
10.0
 71
     5
 72
     5
  1
{\f\U+FFBF\U+FFAC\U+FFCC\U+FFA3\U+FFA4_GB2312|b0|i0|c134|p49;\M+5B1EA\M+5BCC7}
 73
     1
 44
1.0
  0
MTEXT
  5
29ECE
330
29EC1
100
AcDbEntity
  8
$TD_AUDIT_GENERATED_(2C5)
100
AcDbMText
 10
-164.999223410995
 20
3.5
 30
0.0
 40
3.0
 41
10.0
 71
     5
 72
     5
  1
{\f\U+FFBF\U+FFAC\U+FFCC\U+FFA3\U+FFA4_GB2312|b0|i0|c134|p49;\M+5B4A6\M+5CAFD}
 73
     1
 44
1.0
  0
MTEXT
  5
29ECF
330
29EC1
100
AcDbEntity
  8
$TD_AUDIT_GENERATED_(2C5)
100
AcDbMText
 10
-137.8002257978869
 20
3.5
 30
0.0
 40
3.0
 41
17.89351664951278
 71
     5
 72
     5
  1
\M+5B8FC\M+5B8C4\M+5CEC4\M+5BCFE\M+5BAC5
  7
$TD_AUDIT_GENERATED_(2C7)
 73
     1
 44
1.0
  0
MTEXT
  5
29ED1
330
29EC1
100
AcDbEntity
  8
$TD_AUDIT_GENERATED_(2C5)
100
AcDbMText
 10
-153.140100229886
 20
3.5
 30
0.0
 40
3.0
 41
10.0
 71
     5
 72
     5
  1
{\f\U+FFBF\U+FFAC\U+FFCC\U+FFA3\U+FFA4_GB2312|b0|i0|c134|p49;\M+5B7D6\M+5C7F8}
 73
     1
 44
1.0
  0
MTEXT
  5
29ED2
330
29EC1
100
AcDbEntity
  8
$TD_AUDIT_GENERATED_(2C5)
100
AcDbMText
 10
-61.999223410995
 20
3.515982540921527
 30
0.0
 40
3.0
 41
24.0
 71
     5
 72
     5
  1
{\f\U+FFBF\U+FFAC\U+FFCC\U+FFA3\U+FFA4_GB2312|b0|i0|c134|p49;\M+5B5DA   \M+5D2B3}
 73
     1
 44
1.0
  0
LINE
  5
29ED3
330
29EC1
100
AcDbEntity
  8
$TD_AUDIT_GENERATED_(2C5)
100
AcDbLine
 10
-99.999223410995
 20
34.99993830705989
 30
0.0
 11
-99.999223410995
 21
-0.000065782933234
 31
0.0
  0
LINE
  5
29ED4
330
29EC1
100
AcDbEntity
  8
$TD_AUDIT_GENERATED_(2C5)
100
AcDbLine
 10
-113.999223410995
 20
0.0
 30
0.0
 11
-113.9992234109959
 21
34.99993830705989
 31
0.0
  0
LINE
  5
29ED5
330
29EC1
100
AcDbEntity
  8
$TD_AUDIT_GENERATED_(2C5)
100
AcDbLine
 10
-73.999223410995
 20
7.0
 30
0.0
 11
-73.999223410995
 21
-0.000065782933234
 31
0.0
  0
MTEXT
  5
29ED6
330
29EC1
100
AcDbEntity
  8
$TD_AUDIT_GENERATED_(2C5)
100
AcDbMText
 10
-86.999223410995
 20
3.537097782591843
 30
0.0
 40
3.0
 41
26.0
 71
     5
 72
     5
  1
{\f\U+FFBF\U+FFAC\U+FFCC\U+FFA3\U+FFA4_GB2312|b0|i0|c134|p49;\M+5B9B2    \M+5D2B3}
 73
     1
 44
1.0
  0
MTEXT
  5
29ED7
330
29EC1
100
AcDbEntity
  8
$TD_AUDIT_GENERATED_(2C5)
100
AcDbMText
 10
-121.5726870899592
 20
3.5
 30
0.0
 40
3.0
 41
10.0
 71
     5
 72
     5
  1
{\f\U+FFBF\U+FFAC\U+FFCC\U+FFA3\U+FFA4_GB2312|b0|i0|c134|p49;\M+5C7A9\M+5C3FB}
 73
     1
 44
1.0
  0
MTEXT
  5
29ED8
330
29EC1
100
AcDbEntity
  8
$TD_AUDIT_GENERATED_(2C5)
100
AcDbMText
 10
-107.1011330097317
 20
3.5
 30
0.0
 40
3.0
 41
10.0
 71
     5
 72
     5
  1
{\f\U+FFBF\U+FFAC\U+FFCC\U+FFA3\U+FFA4_GB2312|b0|i0|c134|p49;\M+5C8D5\M+5C6DA}
 73
     1
 44
1.0
  0
LINE
  5
29ED9
330
29EC1
100
AcDbEntity
  8
$TD_AUDIT_GENERATED_(2C5)
100
AcDbLine
 10
-49.999223410995
 20
-0.000065782933234
 30
0.0
 11
-49.999223410995
 21
34.99993830705898
 31
0.0
  0
LINE
  5
29EDA
330
29EC1
100
AcDbEntity
  8
$TD_AUDIT_GENERATED_(2C5)
100
AcDbLine
 10
-49.999223410995
 20
-0.000065782933234
 30
0.0
 11
-49.999223410995
 21
8.999934217066766
 31
0.0
  0
MTEXT
  5
29EDB
330
29EC1
100
AcDbEntity
  8
$TD_AUDIT_GENERATED_(2C5)
100
AcDbMText
 10
-24.999223410995
 20
24.34523909200198
 30
0.0
 40
3.5
 41
49.99999999999999
 71
     5
 72
     5
  1
{\f\U+FFBF\U+FFAC\U+FFCC\U+FFA3\U+FFA4_GB2312|b0|i0|c134|p49;\M+5BCC3 \M+5C4CF \M+5CDF2 \M+5CDA8\P\M+5D6FD\M+5D4EC\M+5D7B0\M+5B1B8\M+5B9A4\M+5B3CC\M+5D3D0\M+5CFDE\M+5B9AB\M+5CBBE}
 73
     1
 44
1.0
  0
LINE
  5
29EDC
330
29EC1
100
AcDbEntity
  8
$TD_AUDIT_GENERATED_(2C5)
100
AcDbLine
 10
-179.9992213582409
 20
34.99993830705989
 30
0.0
 11
0.0
 21
34.99993830705898
 31
0.0
  0
MTEXT
  5
29EDD
330
29EC1
100
AcDbEntity
  8
$TD_AUDIT_GENERATED_(2C6)
100
AcDbMText
 10
-76.02343087377994
 20
27.44807040693377
 30
0.0
 40
5.0
 41
39.68633640902408
 71
     5
 72
     5
  1
{\C4;\M+5D7A8\M+5D3C3\M+5BCFE\M+5C3F7\M+5CFB8\M+5B1ED}
 73
     1
 44
1.0
  0
LINE
  5
29EDE
330
29EC1
100
AcDbEntity
  8
$TD_AUDIT_GENERATED_(2C5)
100
AcDbLine
 10
-87.999223410995
 20
21.0
 30
0.0
 11
-87.999223410995
 21
7.0
 31
0.0
  0
LINE
  5
29EDF
330
29EC1
100
AcDbEntity
  8
$TD_AUDIT_GENERATED_(2C5)
100
AcDbLine
 10
-68.999223410995
 20
21.0
 30
0.0
 11
-68.999223410995
 21
7.0
 31
0.0
  0
MTEXT
  5
29EE0
330
29EC1
100
AcDbEntity
  8
$TD_AUDIT_GENERATED_(2C5)
100
AcDbMText
 10
-93.79010487682353
 20
17.34754792539479
 30
0.0
 40
3.0
 41
10.0
 71
     5
 72
     5
  1
\M+5C9E8\M+5BCC6
 73
     1
 44
1.0
  0
MTEXT
  5
29EE1
330
29EC1
100
AcDbEntity
  8
$TD_AUDIT_GENERATED_(2C5)
100
AcDbMText
 10
-93.70242943458106
 20
10.33862155136467
 30
0.0
 40
3.0
 41
10.0
 71
     5
 72
     5
  1
\M+5D6F7\M+5B9DC
 73
     1
 44
1.0
  0
ATTDEF
  5
29EE2
330
29EC1
100
AcDbEntity
  8
$TD_AUDIT_GENERATED_(2C5)
100
AcDbText
 10
-26.17893965206713
 20
4.314455988372174
 30
0.0
 40
5.0
  1

 41
0.8
 72
     1
 11
-26.17893965206713
 21
4.314455988372174
 31
0.0
100
AcDbAttributeDefinition
  3
代号
  2
S
 70
     0
1001
AcDbAttr
1070
     0
1070
     1
  0
ATTDEF
  5
29EE3
330
29EC1
100
AcDbEntity
  8
$TD_AUDIT_GENERATED_(2C5)
100
AcDbText
 10
-81.91275175335068
 20
8.857156595081506
 30
0.0
 40
3.0
  1

 41
0.8
100
AcDbAttributeDefinition
  3
主管
  2
姓名
 70
     0
1001
AcDbAttr
1070
     0
1070
     1
  0
ATTDEF
  5
29EE4
330
29EC1
100
AcDbEntity
  8
$TD_AUDIT_GENERATED_(2C5)
100
AcDbText
 10
-81.98310311903879
 20
15.81734432282519
 30
0.0
 40
3.0
  1

 41
0.8
100
AcDbAttributeDefinition
  3
设计
  2
姓名
 70
     0
1001
AcDbAttr
1070
     0
1070
     1
  0
ATTDEF
  5
29EE5
330
29EC1
100
AcDbEntity
  8
$TD_AUDIT_GENERATED_(2C5)
100
AcDbText
 10
-62.52741911363489
 20
1.680609387163997
 30
0.0
 40
3.0
  1

 41
0.8
100
AcDbAttributeDefinition
  3
第几页
  2
N
 70
     0
1001
AcDbAttr
1070
     0
1070
     1
  0
ATTDEF
  5
29EE6
330
29EC1
100
AcDbEntity
  8
$TD_AUDIT_GENERATED_(2C5)
100
AcDbText
 10
-86.58892410025237
 20
1.666349709491215
 30
0.0
 40
3.0
  1

 41
0.8
 72
     1
 11
-86.58892410025237
 21
1.666349709491215
 31
0.0
100
AcDbAttributeDefinition
  3
共几页
  2
M
 70
     0
1001
AcDbAttr
1070
     0
1070
     1
  0
ENDBLK
  5
29EE7
330
29EC1
100
AcDbEntity
  8
0
100
AcDbBlockEnd
  0
ENDSEC
  0
SECTION
  2
ENTITIES
  0
INSERT
  5
2C8C9
330
1F
100
AcDbEntity
  8
$TD_AUDIT_GENERATED_(2C5)
100
AcDbBlockReference
 66
     1
  2
$TD_AUDIT_GENERATED_(8CD2)
 10
26094.30803636313
 20
17763.73711106266
 30
0.0
 41
10.00000000000728
 42
10.00000000000728
 43
10.00000000000728
  0
ATTRIB
  5
2C8CA
330
2C8C9
100
AcDbEntity
  8
0
100
AcDbText
 10
26144.30803636319
 20
17781.2371110627
 30
0.0
 40
35.0000000000388
  1

 41
0.6999999999999998
  7
$TD_AUDIT_GENERATED_(2C7)
 72
     1
 11
26144.30803636319
 21
17798.73711106272
 31
0.0
100
AcDbAttribute
  2
1
 70
     8
 74
     2
  0
ATTRIB
  5
2C8CB
330
2C8C9
100
AcDbEntity
  8
0
 62
   141
100
AcDbText
 10
26224.30803636329
 20
17781.2371110627
 30
0.0
 40
35.0000000000388
  1

 41
0.6
 51
10.0
  7
$TD_AUDIT_GENERATED_(2C8)
 11
26224.30803636329
 21
17798.73711106272
 31
0.0
100
AcDbAttribute
  2
2
 70
     8
 74
     2
  0
ATTRIB
  5
2C8CC
330
2C8C9
100
AcDbEntity
  8
0
 62
   141
100
AcDbText
 10
26624.30803636371
 20
17781.2371110627
 30
0.0
 40
35.0000000000388
  1
料位计C28-1
 41
0.6999999999999998
  7
$TD_AUDIT_GENERATED_(2C8)
 11
26624.30803636371
 21
17798.73711106272
 31
0.0
100
AcDbAttribute
  2
3
 70
     8
 74
     2
  0
ATTRIB
  5
2C8CD
330
2C8C9
100
AcDbEntity
  8
0
100
AcDbText
 10
27038.47470303085
 20
17781.2371110627
 30
0.0
 40
35.0000000000388
  1
1
 41
0.6999999999999998
  7
$TD_AUDIT_GENERATED_(2C7)
 72
     1
 11
27044.30803636419
 21
17798.73711106272
 31
0.0
100
AcDbAttribute
  2
4
 70
     8
 74
     2
  0
ATTRIB
  5
2C8CE
330
2C8C9
100
AcDbEntity
  8
0
 62
   141
100
AcDbText
 10
27124.30803636426
 20
17781.2371110627
 30
0.0
 40
35.0000000000388
  1

 41
0.7
  7
$TD_AUDIT_GENERATED_(2C8)
 11
27124.30803636426
 21
17798.73711106272
 31
0.0
100
AcDbAttribute
  2
5
 70
     8
 74
     2
  0
ATTRIB
  5
2C8CF
330
2C8C9
100
AcDbEntity
  8
0
100
AcDbText
 10
27444.30803636463
 20
17781.2371110627
 30
0.0
 40
35.0000000000388
  1

 41
0.7
  7
$TD_AUDIT_GENERATED_(2C7)
 72
     1
 11
27444.30803636463
 21
17798.73711106272
 31
0.0
100
AcDbAttribute
  2
6
 70
     8
 74
     2
  0
ATTRIB
  5
2C8D0
330
2C8C9
100
AcDbEntity
  8
0
100
AcDbText
 10
27538.75288416636
 20
17782.07165446759
 30
0.0
 40
33.33091319026952
  1
1
 41
0.7
  7
$TD_AUDIT_GENERATED_(2C7)
 72
     1
 11
27544.30803636474
 21
17798.73711106272
 31
0.0
100
AcDbAttribute
  2
7
 70
     8
 74
     2
  0
ATTRIB
  5
2C8D1
330
2C8C9
100
AcDbEntity
  8
0
100
AcDbText
 10
27691.74937714704
 20
17781.2371110627
 30
0.0
 40
35.0000000000388
  1
外购件
 41
0.6999999999999998
  7
$TD_AUDIT_GENERATED_(2C8)
 72
     1
 11
27744.30803636498
 21
17798.73711106272
 31
0.0
100
AcDbAttribute
  2
8
 70
     8
 74
     2
  0
SEQEND
  5
2C8D2
330
2C8C9
100
AcDbEntity
  8
$TD_AUDIT_GENERATED_(2C4)
  0
INSERT
  5
2C8D3
330
1F
100
AcDbEntity
  8
$TD_AUDIT_GENERATED_(2C5)
100
AcDbBlockReference
 66
     1
  2
$TD_AUDIT_GENERATED_(8CD2)
 10
26094.30803636312
 20
18253.73711106298
 30
0.0
 41
10.00000000000728
 42
10.00000000000728
 43
10.00000000000728
  0
ATTRIB
  5
2C8D4
330
2C8D3
100
AcDbEntity
  8
0
100
AcDbText
 10
26144.30803636318
 20
18271.23711106302
 30
0.0
 40
35.0000000000388
  1

 41
0.6999999999999998
  7
$TD_AUDIT_GENERATED_(2C7)
 72
     1
 11
26144.30803636318
 21
18288.73711106304
 31
0.0
100
AcDbAttribute
  2
1
 70
     8
 74
     2
  0
ATTRIB
  5
2C8D5
330
2C8D3
100
AcDbEntity
  8
0
 62
   141
100
AcDbText
 10
26224.30803636328
 20
18271.23711106302
 30
0.0
 40
35.0000000000388
  1
GB5783-86
 41
0.6
 51
10.0
  7
$TD_AUDIT_GENERATED_(2C8)
 11
26224.30803636328
 21
18288.73711106304
 31
0.0
100
AcDbAttribute
  2
2
 70
     8
 74
     2
  0
ATTRIB
  5
2C8D6
330
2C8D3
100
AcDbEntity
  8
0
 62
   141
100
AcDbText
 10
26624.3080363637
 20
18271.23711106302
 30
0.0
 40
35.0000000000388
  1
螺栓M10×15
 41
0.6999999999999998
  7
$TD_AUDIT_GENERATED_(2C8)
 11
26624.3080363637
 21
18288.73711106304
 31
0.0
100
AcDbAttribute
  2
3
 70
     8
 74
     2
  0
ATTRIB
  5
2C8D7
330
2C8D3
100
AcDbEntity
  8
0
100
AcDbText
 10
27035.55803636417
 20
18271.23711106302
 30
0.0
 40
35.0000000000388
  1
4
 41
0.6999999999999998
  7
$TD_AUDIT_GENERATED_(2C7)
 72
     1
 11
27044.30803636418
 21
18288.73711106304
 31
0.0
100
AcDbAttribute
  2
4
 70
     8
 74
     2
  0
ATTRIB
  5
2C8D8
330
2C8D3
100
AcDbEntity
  8
0
 62
   141
100
AcDbText
 10
27124.30803636425
 20
18271.23711106302
 30
0.0
 40
35.0000000000388
  1
配平垫、弹垫
 41
0.7
  7
$TD_AUDIT_GENERATED_(2C8)
 11
27124.30803636425
 21
18288.73711106304
 31
0.0
100
AcDbAttribute
  2
5
 70
     8
 74
     2
  0
ATTRIB
  5
2C8D9
330
2C8D3
100
AcDbEntity
  8
0
100
AcDbText
 10
27403.47470303124
 20
18271.23711106302
 30
0.0
 40
35.0000000000388
  1
0.05
 41
0.7
  7
$TD_AUDIT_GENERATED_(2C7)
 72
     1
 11
27444.30803636462
 21
18288.73711106304
 31
0.0
100
AcDbAttribute
  2
6
 70
     8
 74
     2
  0
ATTRIB
  5
2C8DA
330
2C8D3
100
AcDbEntity
  8
0
100
AcDbText
 10
27517.08779059268
 20
18272.07165446791
 30
0.0
 40
33.33091319026952
  1
0.2
 41
0.7
  7
$TD_AUDIT_GENERATED_(2C7)
 72
     1
 11
27544.30803636473
 21
18288.73711106304
 31
0.0
100
AcDbAttribute
  2
7
 70
     8
 74
     2
  0
ATTRIB
  5
2C8DB
330
2C8D3
100
AcDbEntity
  8
0
100
AcDbText
 10
27699.25775703535
 20
18273.73711106304
 30
0.0
 40
30.0
  1
外购件
 41
0.6999999999999998
  7
$TD_AUDIT_GENERATED_(2C8)
 72
     1
 11
27744.30803636496
 21
18288.73711106304
 31
0.0
100
AcDbAttribute
  2
8
 70
     8
 74
     2
  0
SEQEND
  5
2C8DC
330
2C8D3
100
AcDbEntity
  8
$TD_AUDIT_GENERATED_(2C4)
  0
INSERT
  5
2C8DD
330
1F
100
AcDbEntity
  8
$TD_AUDIT_GENERATED_(2C5)
100
AcDbBlockReference
 66
     1
  2
$TD_AUDIT_GENERATED_(8CD2)
 10
26094.3080058753
 20
18113.73711106287
 30
0.0
 41
10.00000000000728
 42
10.00000000000728
 43
10.00000000000728
  0
ATTRIB
  5
2C8DE
330
2C8DD
100
AcDbEntity
  8
0
100
AcDbText
 10
26144.30800587536
 20
18131.23711106292
 30
0.0
 40
35.0000000000388
  1

 41
0.6999999999999998
  7
$TD_AUDIT_GENERATED_(2C7)
 72
     1
 11
26144.30800587536
 21
18148.73711106294
 31
0.0
100
AcDbAttribute
  2
1
 70
     8
 74
     2
  0
ATTRIB
  5
2C8DF
330
2C8DD
100
AcDbEntity
  8
0
 62
   141
100
AcDbText
 10
26224.30800587546
 20
18131.23711106292
 30
0.0
 40
35.0000000000388
  1
GB5783-86
 41
0.6
 51
10.0
  7
$TD_AUDIT_GENERATED_(2C8)
 11
26224.30800587546
 21
18148.73711106294
 31
0.0
100
AcDbAttribute
  2
2
 70
     8
 74
     2
  0
ATTRIB
  5
2C8E0
330
2C8DD
100
AcDbEntity
  8
0
 62
   141
100
AcDbText
 10
26624.30800587588
 20
18131.23711106292
 30
0.0
 40
35.0000000000388
  1
螺栓M12×25
 41
0.6999999999999998
  7
$TD_AUDIT_GENERATED_(2C8)
 11
26624.30800587588
 21
18148.73711106294
 31
0.0
100
AcDbAttribute
  2
3
 70
     8
 74
     2
  0
ATTRIB
  5
2C8E1
330
2C8DD
100
AcDbEntity
  8
0
100
AcDbText
 10
27038.47467254302
 20
18131.23711106292
 30
0.0
 40
35.0000000000388
  1
1
 41
0.6999999999999998
  7
$TD_AUDIT_GENERATED_(2C7)
 72
     1
 11
27044.30800587636
 21
18148.73711106294
 31
0.0
100
AcDbAttribute
  2
4
 70
     8
 74
     2
  0
ATTRIB
  5
2C8E2
330
2C8DD
100
AcDbEntity
  8
0
 62
   141
100
AcDbText
 10
27124.30800587643
 20
18133.73711106294
 30
0.0
 40
30.0
  1
配平垫、弹垫、螺母
 41
0.7
  7
$TD_AUDIT_GENERATED_(2C8)
 11
27124.30800587643
 21
18148.73711106294
 31
0.0
100
AcDbAttribute
  2
5
 70
     8
 74
     2
  0
ATTRIB
  5
2C8E3
330
2C8DD
100
AcDbEntity
  8
0
100
AcDbText
 10
27404.64133921009
 20
18131.23711106292
 30
0.0
 40
35.0000000000388
  1
0.09
 41
0.7
  7
$TD_AUDIT_GENERATED_(2C7)
 72
     1
 11
27444.3080058768
 21
18148.73711106294
 31
0.0
100
AcDbAttribute
  2
6
 70
     8
 74
     2
  0
ATTRIB
  5
2C8E4
330
2C8DD
100
AcDbEntity
  8
0
100
AcDbText
 10
27506.53297092794
 20
18132.0716544678
 30
0.0
 40
33.33091319026952
  1
0.09
 41
0.7
  7
$TD_AUDIT_GENERATED_(2C7)
 72
     1
 11
27544.30800587691
 21
18148.73711106294
 31
0.0
100
AcDbAttribute
  2
7
 70
     8
 74
     2
  0
ATTRIB
  5
2C8E5
330
2C8DD
100
AcDbEntity
  8
0
100
AcDbText
 10
27699.25772654753
 20
18133.73711106294
 30
0.0
 40
30.0
  1
外购件
 41
0.6999999999999998
  7
$TD_AUDIT_GENERATED_(2C8)
 72
     1
 11
27744.30800587714
 21
18148.73711106294
 31
0.0
100
AcDbAttribute
  2
8
 70
     8
 74
     2
  0
SEQEND
  5
2C8E6
330
2C8DD
100
AcDbEntity
  8
$TD_AUDIT_GENERATED_(2C4)
  0
INSERT
  5
2C8E7
330
1F
100
AcDbEntity
  8
$TD_AUDIT_GENERATED_(2C5)
100
AcDbBlockReference
 66
     1
  2
$TD_AUDIT_GENERATED_(8CD2)
 10
26094.30803636312
 20
18043.73711106282
 30
0.0
 41
10.00000000000728
 42
10.00000000000728
 43
10.00000000000728
  0
ATTRIB
  5
2C8E8
330
2C8E7
100
AcDbEntity
  8
0
100
AcDbText
 10
26144.30803636318
 20
18061.23711106287
 30
0.0
 40
35.0000000000388
  1

 41
0.6999999999999998
  7
$TD_AUDIT_GENERATED_(2C7)
 72
     1
 11
26144.30803636318
 21
18078.73711106289
 31
0.0
100
AcDbAttribute
  2
1
 70
     8
 74
     2
  0
ATTRIB
  5
2C8E9
330
2C8E7
100
AcDbEntity
  8
0
 62
   141
100
AcDbText
 10
26224.30803636328
 20
18061.23711106287
 30
0.0
 40
35.0000000000388
  1
GB5783-86
 41
0.6
 51
10.0
  7
$TD_AUDIT_GENERATED_(2C8)
 11
26224.30803636328
 21
18078.73711106289
 31
0.0
100
AcDbAttribute
  2
2
 70
     8
 74
     2
  0
ATTRIB
  5
2C8EA
330
2C8E7
100
AcDbEntity
  8
0
 62
   141
100
AcDbText
 10
26624.3080363637
 20
18061.23711106287
 30
0.0
 40
35.0000000000388
  1
螺栓M12×40
 41
0.6999999999999998
  7
$TD_AUDIT_GENERATED_(2C8)
 11
26624.3080363637
 21
18078.73711106289
 31
0.0
100
AcDbAttribute
  2
3
 70
     8
 74
     2
  0
ATTRIB
  5
2C8EB
330
2C8E7
100
AcDbEntity
  8
0
100
AcDbText
 10
27034.97470303084
 20
18061.23711106287
 30
0.0
 40
35.0000000000388
  1
8
 41
0.6999999999999998
  7
$TD_AUDIT_GENERATED_(2C7)
 72
     1
 11
27044.30803636418
 21
18078.73711106289
 31
0.0
100
AcDbAttribute
  2
4
 70
     8
 74
     2
  0
ATTRIB
  5
2C8EC
330
2C8E7
100
AcDbEntity
  8
0
 62
   141
100
AcDbText
 10
27124.30803636425
 20
18063.73711106289
 30
0.0
 40
30.0
  1
配平垫、弹垫、螺母
 41
0.7
  7
$TD_AUDIT_GENERATED_(2C8)
 11
27124.30803636425
 21
18078.73711106289
 31
0.0
100
AcDbAttribute
  2
5
 70
     8
 74
     2
  0
ATTRIB
  5
2C8ED
330
2C8E7
100
AcDbEntity
  8
0
100
AcDbText
 10
27420.39136969792
 20
18061.23711106287
 30
0.0
 40
35.0000000000388
  1
0.1
 41
0.7
  7
$TD_AUDIT_GENERATED_(2C7)
 72
     1
 11
27444.30803636462
 21
18078.73711106289
 31
0.0
100
AcDbAttribute
  2
6
 70
     8
 74
     2
  0
ATTRIB
  5
2C8EE
330
2C8E7
100
AcDbEntity
  8
0
100
AcDbText
 10
27517.64330581252
 20
18062.07165446775
 30
0.0
 40
33.33091319026952
  1
0.8
 41
0.7
  7
$TD_AUDIT_GENERATED_(2C7)
 72
     1
 11
27544.30803636473
 21
18078.73711106289
 31
0.0
100
AcDbAttribute
  2
7
 70
     8
 74
     2
  0
ATTRIB
  5
2C8EF
330
2C8E7
100
AcDbEntity
  8
0
100
AcDbText
 10
27699.25775703535
 20
18063.73711106289
 30
0.0
 40
30.0
  1
外购件
 41
0.6999999999999998
  7
$TD_AUDIT_GENERATED_(2C8)
 72
     1
 11
27744.30803636496
 21
18078.73711106289
 31
0.0
100
AcDbAttribute
  2
8
 70
     8
 74
     2
  0
SEQEND
  5
2C8F0
330
2C8E7
100
AcDbEntity
  8
$TD_AUDIT_GENERATED_(2C4)
  0
INSERT
  5
2C8F1
330
1F
100
AcDbEntity
  8
$TD_AUDIT_GENERATED_(2C5)
100
AcDbBlockReference
 66
     1
  2
$TD_AUDIT_GENERATED_(8CD2)
 10
26094.30821374453
 20
17623.73711106255
 30
0.0
 41
10.00000000000728
 42
10.00000000000728
 43
10.00000000000728
  0
ATTRIB
  5
2C8F2
330
2C8F1
100
AcDbEntity
  8
0
100
AcDbText
 10
26144.30821374459
 20
17641.23711106259
 30
0.0
 40
35.0000000000388
  1

 41
0.6999999999999998
  7
$TD_AUDIT_GENERATED_(2C7)
 72
     1
 11
26144.30821374459
 21
17658.73711106261
 31
0.0
100
AcDbAttribute
  2
1
 70
     8
 74
     2
  0
ATTRIB
  5
2C8F3
330
2C8F1
100
AcDbEntity
  8
0
 62
   141
100
AcDbText
 10
26224.30821374469
 20
17641.23711106259
 30
0.0
 40
35.0000000000388
  1
DK70
 41
0.6
 51
10.0
  7
$TD_AUDIT_GENERATED_(2C8)
 11
26224.30821374469
 21
17658.73711106261
 31
0.0
100
AcDbAttribute
  2
2
 70
     8
 74
     2
  0
ATTRIB
  5
2C8F4
330
2C8F1
100
AcDbEntity
  8
0
 62
   141
100
AcDbText
 10
26624.30821374511
 20
17641.23711106259
 30
0.0
 40
35.0000000000388
  1
弹丸控制器
 41
0.6999999999999998
  7
$TD_AUDIT_GENERATED_(2C8)
 11
26624.30821374511
 21
17658.73711106261
 31
0.0
100
AcDbAttribute
  2
3
 70
     8
 74
     2
  0
ATTRIB
  5
2C8F5
330
2C8F1
100
AcDbEntity
  8
0
100
AcDbText
 10
27038.47488041225
 20
17641.23711106259
 30
0.0
 40
35.0000000000388
  1
1
 41
0.6999999999999998
  7
$TD_AUDIT_GENERATED_(2C7)
 72
     1
 11
27044.30821374559
 21
17658.73711106261
 31
0.0
100
AcDbAttribute
  2
4
 70
     8
 74
     2
  0
ATTRIB
  5
2C8F6
330
2C8F1
100
AcDbEntity
  8
0
 62
   141
100
AcDbText
 10
27124.30821374566
 20
17641.23711106259
 30
0.0
 40
35.0000000000388
  1

 41
0.7
  7
$TD_AUDIT_GENERATED_(2C8)
 11
27124.30821374566
 21
17658.73711106261
 31
0.0
100
AcDbAttribute
  2
5
 70
     8
 74
     2
  0
ATTRIB
  5
2C8F7
330
2C8F1
100
AcDbEntity
  8
0
100
AcDbText
 10
27444.30821374603
 20
17641.23711106259
 30
0.0
 40
35.0000000000388
  1

 41
0.7
  7
$TD_AUDIT_GENERATED_(2C7)
 72
     1
 11
27444.30821374603
 21
17658.73711106261
 31
0.0
100
AcDbAttribute
  2
6
 70
     8
 74
     2
  0
ATTRIB
  5
2C8F8
330
2C8F1
100
AcDbEntity
  8
0
100
AcDbText
 10
27505.97766357734
 20
17642.07165446748
 30
0.0
 40
33.33091319026952
  1
22.8
 41
0.7
  7
$TD_AUDIT_GENERATED_(2C7)
 72
     1
 11
27544.30821374614
 21
17658.73711106261
 31
0.0
100
AcDbAttribute
  2
7
 70
     8
 74
     2
  0
ATTRIB
  5
2C8F9
330
2C8F1
100
AcDbEntity
  8
0
100
AcDbText
 10
27691.74955452844
 20
17641.23711106259
 30
0.0
 40
35.0000000000388
  1
借用16
 41
0.6999999999999998
  7
$TD_AUDIT_GENERATED_(2C8)
 72
     1
 11
27744.30821374638
 21
17658.73711106261
 31
0.0
100
AcDbAttribute
  2
8
 70
     8
 74
     2
  0
SEQEND
  5
2C8FA
330
2C8F1
100
AcDbEntity
  8
$TD_AUDIT_GENERATED_(2C4)
  0
INSERT
  5
2C8FB
330
1F
100
AcDbEntity
  8
$TD_AUDIT_GENERATED_(2C5)
100
AcDbBlockReference
 66
     1
  2
$TD_AUDIT_GENERATED_(8CD2)
 10
26094.30800199646
 20
17483.7370751317
 30
0.0
 41
10.00000000000728
 42
10.00000000000728
 43
10.00000000000728
  0
ATTRIB
  5
2C8FC
330
2C8FB
100
AcDbEntity
  8
0
100
AcDbText
 10
26144.30800199652
 20
17501.23707513175
 30
0.0
 40
35.0000000000388
  1

 41
0.6999999999999998
  7
$TD_AUDIT_GENERATED_(2C7)
 72
     1
 11
26144.30800199652
 21
17518.73707513177
 31
0.0
100
AcDbAttribute
  2
1
 70
     8
 74
     2
  0
ATTRIB
  5
2C8FD
330
2C8FB
100
AcDbEntity
  8
0
 62
   141
100
AcDbText
 10
26224.30800199662
 20
17501.23707513175
 30
0.0
 40
35.0000000000388
  1

 41
0.6
 51
10.0
  7
$TD_AUDIT_GENERATED_(2C8)
 11
26224.30800199662
 21
17518.73707513177
 31
0.0
100
AcDbAttribute
  2
2
 70
     8
 74
     2
  0
ATTRIB
  5
2C8FE
330
2C8FB
100
AcDbEntity
  8
0
 62
   141
100
AcDbText
 10
26624.30800199704
 20
17501.23707513175
 30
0.0
 40
35.0000000000388
  1
\U+220576欧式强力喉箍
 41
0.6999999999999998
  7
$TD_AUDIT_GENERATED_(2C8)
 11
26624.30800199704
 21
17518.73707513177
 31
0.0
100
AcDbAttribute
  2
3
 70
     8
 74
     2
  0
ATTRIB
  5
2C8FF
330
2C8FB
100
AcDbEntity
  8
0
100
AcDbText
 10
27038.47466866418
 20
17501.23707513175
 30
0.0
 40
35.0000000000388
  1
1
 41
0.6999999999999998
  7
$TD_AUDIT_GENERATED_(2C7)
 72
     1
 11
27044.30800199752
 21
17518.73707513177
 31
0.0
100
AcDbAttribute
  2
4
 70
     8
 74
     2
  0
ATTRIB
  5
2C900
330
2C8FB
100
AcDbEntity
  8
0
 62
   141
100
AcDbText
 10
27124.3080019976
 20
17501.23707513175
 30
0.0
 40
35.0000000000388
  1

 41
0.7
  7
$TD_AUDIT_GENERATED_(2C8)
 11
27124.3080019976
 21
17518.73707513177
 31
0.0
100
AcDbAttribute
  2
5
 70
     8
 74
     2
  0
ATTRIB
  5
2C901
330
2C8FB
100
AcDbEntity
  8
0
100
AcDbText
 10
27444.30800199796
 20
17501.23707513175
 30
0.0
 40
35.0000000000388
  1

 41
0.7
  7
$TD_AUDIT_GENERATED_(2C7)
 72
     1
 11
27444.30800199796
 21
17518.73707513177
 31
0.0
100
AcDbAttribute
  2
6
 70
     8
 74
     2
  0
ATTRIB
  5
2C902
330
2C8FB
100
AcDbEntity
  8
0
100
AcDbText
 10
27517.08775622602
 20
17502.07161853663
 30
0.0
 40
33.33091319026952
  1
0.5
 41
0.7
  7
$TD_AUDIT_GENERATED_(2C7)
 72
     1
 11
27544.30800199808
 21
17518.73707513177
 31
0.0
100
AcDbAttribute
  2
7
 70
     8
 74
     2
  0
ATTRIB
  5
2C903
330
2C8FB
100
AcDbEntity
  8
0
100
AcDbText
 10
27691.74934278037
 20
17501.23707513175
 30
0.0
 40
35.0000000000388
  1
外购件
 41
0.6999999999999998
  7
$TD_AUDIT_GENERATED_(2C8)
 72
     1
 11
27744.30800199831
 21
17518.73707513177
 31
0.0
100
AcDbAttribute
  2
8
 70
     8
 74
     2
  0
SEQEND
  5
2C904
330
2C8FB
100
AcDbEntity
  8
$TD_AUDIT_GENERATED_(2C4)
  0
INSERT
  5
2C905
330
1F
100
AcDbEntity
  8
$TD_AUDIT_GENERATED_(2C5)
100
AcDbBlockReference
 66
     1
  2
$TD_AUDIT_GENERATED_(8CD2)
 10
26094.30800199648
 20
17343.7370751316
 30
0.0
 41
10.00000000000728
 42
10.00000000000728
 43
10.00000000000728
  0
ATTRIB
  5
2C906
330
2C905
100
AcDbEntity
  8
0
100
AcDbText
 10
26144.30800199653
 20
17361.23707513165
 30
0.0
 40
35.0000000000388
  1

 41
0.6999999999999998
  7
$TD_AUDIT_GENERATED_(2C7)
 72
     1
 11
26144.30800199653
 21
17378.73707513166
 31
0.0
100
AcDbAttribute
  2
1
 70
     8
 74
     2
  0
ATTRIB
  5
2C907
330
2C905
100
AcDbEntity
  8
0
 62
   141
100
AcDbText
 10
26224.30800199664
 20
17361.23707513165
 30
0.0
 40
35.0000000000388
  1

 41
0.6
 51
10.0
  7
$TD_AUDIT_GENERATED_(2C8)
 11
26224.30800199664
 21
17378.73707513166
 31
0.0
100
AcDbAttribute
  2
2
 70
     8
 74
     2
  0
ATTRIB
  5
2C908
330
2C905
100
AcDbEntity
  8
0
 62
   141
100
AcDbText
 10
26624.30800199706
 20
17361.23707513165
 30
0.0
 40
35.0000000000388
  1
\U+220576钢丝软管 L=1000
 41
0.6999999999999998
  7
$TD_AUDIT_GENERATED_(2C8)
 11
26624.30800199706
 21
17378.73707513166
 31
0.0
100
AcDbAttribute
  2
3
 70
     8
 74
     2
  0
ATTRIB
  5
2C909
330
2C905
100
AcDbEntity
  8
0
100
AcDbText
 10
27038.4746686642
 20
17361.23707513165
 30
0.0
 40
35.0000000000388
  1
1
 41
0.6999999999999998
  7
$TD_AUDIT_GENERATED_(2C7)
 72
     1
 11
27044.30800199754
 21
17378.73707513166
 31
0.0
100
AcDbAttribute
  2
4
 70
     8
 74
     2
  0
ATTRIB
  5
2C90A
330
2C905
100
AcDbEntity
  8
0
 62
   141
100
AcDbText
 10
27124.30800199761
 20
17361.23707513165
 30
0.0
 40
35.0000000000388
  1

 41
0.7
  7
$TD_AUDIT_GENERATED_(2C8)
 11
27124.30800199761
 21
17378.73707513166
 31
0.0
100
AcDbAttribute
  2
5
 70
     8
 74
     2
  0
ATTRIB
  5
2C90B
330
2C905
100
AcDbEntity
  8
0
100
AcDbText
 10
27444.30800199797
 20
17361.23707513165
 30
0.0
 40
35.0000000000388
  1

 41
0.7
  7
$TD_AUDIT_GENERATED_(2C7)
 72
     1
 11
27444.30800199797
 21
17378.73707513166
 31
0.0
100
AcDbAttribute
  2
6
 70
     8
 74
     2
  0
ATTRIB
  5
2C90C
330
2C905
100
AcDbEntity
  8
0
100
AcDbText
 10
27534.86424326085
 20
17362.07161853653
 30
0.0
 40
33.33091319026952
  1
5
 41
0.7
  7
$TD_AUDIT_GENERATED_(2C7)
 72
     1
 11
27544.30800199809
 21
17378.73707513166
 31
0.0
100
AcDbAttribute
  2
7
 70
     8
 74
     2
  0
ATTRIB
  5
2C90D
330
2C905
100
AcDbEntity
  8
0
100
AcDbText
 10
27691.74934278038
 20
17361.23707513165
 30
0.0
 40
35.0000000000388
  1
外购件
 41
0.6999999999999998
  7
$TD_AUDIT_GENERATED_(2C8)
 72
     1
 11
27744.30800199832
 21
17378.73707513166
 31
0.0
100
AcDbAttribute
  2
8
 70
     8
 74
     2
  0
SEQEND
  5
2C90E
330
2C905
100
AcDbEntity
  8
$TD_AUDIT_GENERATED_(2C4)
  0
INSERT
  5
2C90F
330
1F
100
AcDbEntity
  8
$TD_AUDIT_GENERATED_(2C5)
100
AcDbBlockReference
 66
     1
  2
$TD_AUDIT_GENERATED_(8CD2)
 10
26094.30803636312
 20
17903.73711106272
 30
0.0
 41
10.00000000000728
 42
10.00000000000728
 43
10.00000000000728
  0
ATTRIB
  5
2C910
330
2C90F
100
AcDbEntity
  8
0
100
AcDbText
 10
26144.30803636318
 20
17921.23711106277
 30
0.0
 40
35.0000000000388
  1

 41
0.6999999999999998
  7
$TD_AUDIT_GENERATED_(2C7)
 72
     1
 11
26144.30803636318
 21
17938.73711106279
 31
0.0
100
AcDbAttribute
  2
1
 70
     8
 74
     2
  0
ATTRIB
  5
2C911
330
2C90F
100
AcDbEntity
  8
0
 62
   141
100
AcDbText
 10
26224.30803636328
 20
17921.23711106277
 30
0.0
 40
35.0000000000388
  1

 41
0.6
 51
10.0
  7
$TD_AUDIT_GENERATED_(2C8)
 11
26224.30803636328
 21
17938.73711106279
 31
0.0
100
AcDbAttribute
  2
2
 70
     8
 74
     2
  0
ATTRIB
  5
2C912
330
2C90F
100
AcDbEntity
  8
0
 62
   141
100
AcDbText
 10
26624.3080363637
 20
17921.23711106277
 30
0.0
 40
35.0000000000388
  1
一钉得M16X160
 41
0.6999999999999998
  7
$TD_AUDIT_GENERATED_(2C8)
 11
26624.3080363637
 21
17938.73711106279
 31
0.0
100
AcDbAttribute
  2
3
 70
     8
 74
     2
  0
ATTRIB
  5
2C913
330
2C90F
100
AcDbEntity
  8
0
100
AcDbText
 10
27035.55803636417
 20
17921.23711106277
 30
0.0
 40
35.0000000000388
  1
4
 41
0.6999999999999998
  7
$TD_AUDIT_GENERATED_(2C7)
 72
     1
 11
27044.30803636418
 21
17938.73711106279
 31
0.0
100
AcDbAttribute
  2
4
 70
     8
 74
     2
  0
ATTRIB
  5
2C914
330
2C90F
100
AcDbEntity
  8
0
 62
   141
100
AcDbText
 10
27124.30803636425
 20
17921.23711106277
 30
0.0
 40
35.0000000000388
  1
配平垫、弹垫
 41
0.7
  7
$TD_AUDIT_GENERATED_(2C8)
 11
27124.30803636425
 21
17938.73711106279
 31
0.0
100
AcDbAttribute
  2
5
 70
     8
 74
     2
  0
ATTRIB
  5
2C915
330
2C90F
100
AcDbEntity
  8
0
100
AcDbText
 10
27415.72470303125
 20
17921.23711106277
 30
0.0
 40
35.0000000000388
  1
0.5
 41
0.7
  7
$TD_AUDIT_GENERATED_(2C7)
 72
     1
 11
27444.30803636462
 21
17938.73711106279
 31
0.0
100
AcDbAttribute
  2
6
 70
     8
 74
     2
  0
ATTRIB
  5
2C916
330
2C90F
100
AcDbEntity
  8
0
100
AcDbText
 10
27534.86427762749
 20
17922.07165446765
 30
0.0
 40
33.33091319026952
  1
2
 41
0.7
  7
$TD_AUDIT_GENERATED_(2C7)
 72
     1
 11
27544.30803636473
 21
17938.73711106279
 31
0.0
100
AcDbAttribute
  2
7
 70
     8
 74
     2
  0
ATTRIB
  5
2C917
330
2C90F
100
AcDbEntity
  8
0
100
AcDbText
 10
27699.25775703535
 20
17923.73711106279
 30
0.0
 40
30.0
  1
外购件
 41
0.6999999999999998
  7
$TD_AUDIT_GENERATED_(2C8)
 72
     1
 11
27744.30803636496
 21
17938.73711106279
 31
0.0
100
AcDbAttribute
  2
8
 70
     8
 74
     2
  0
SEQEND
  5
2C918
330
2C90F
100
AcDbEntity
  8
$TD_AUDIT_GENERATED_(2C4)
  0
INSERT
  5
2C919
330
1F
100
AcDbEntity
  8
$TD_AUDIT_GENERATED_(2C5)
100
AcDbBlockReference
 66
     1
  2
$TD_AUDIT_GENERATED_(8CD2)
 10
26094.30803636312
 20
18183.73711106293
 30
0.0
 41
10.00000000000728
 42
10.00000000000728
 43
10.00000000000728
  0
ATTRIB
  5
2C91A
330
2C919
100
AcDbEntity
  8
0
100
AcDbText
 10
26144.30803636318
 20
18201.23711106297
 30
0.0
 40
35.0000000000388
  1

 41
0.6999999999999998
  7
$TD_AUDIT_GENERATED_(2C7)
 72
     1
 11
26144.30803636318
 21
18218.73711106299
 31
0.0
100
AcDbAttribute
  2
1
 70
     8
 74
     2
  0
ATTRIB
  5
2C91B
330
2C919
100
AcDbEntity
  8
0
 62
   141
100
AcDbText
 10
26224.30803636328
 20
18201.23711106297
 30
0.0
 40
35.0000000000388
  1
GB5783-86
 41
0.6
 51
10.0
  7
$TD_AUDIT_GENERATED_(2C8)
 11
26224.30803636328
 21
18218.73711106299
 31
0.0
100
AcDbAttribute
  2
2
 70
     8
 74
     2
  0
ATTRIB
  5
2C91C
330
2C919
100
AcDbEntity
  8
0
 62
   141
100
AcDbText
 10
26624.3080363637
 20
18201.23711106297
 30
0.0
 40
35.0000000000388
  1
螺栓M12×25
 41
0.6999999999999998
  7
$TD_AUDIT_GENERATED_(2C8)
 11
26624.3080363637
 21
18218.73711106299
 31
0.0
100
AcDbAttribute
  2
3
 70
     8
 74
     2
  0
ATTRIB
  5
2C91D
330
2C919
100
AcDbEntity
  8
0
100
AcDbText
 10
27035.55803636417
 20
18201.23711106297
 30
0.0
 40
35.0000000000388
  1
4
 41
0.6999999999999998
  7
$TD_AUDIT_GENERATED_(2C7)
 72
     1
 11
27044.30803636418
 21
18218.73711106299
 31
0.0
100
AcDbAttribute
  2
4
 70
     8
 74
     2
  0
ATTRIB
  5
2C91E
330
2C919
100
AcDbEntity
  8
0
 62
   141
100
AcDbText
 10
27124.30803636425
 20
18201.23711106297
 30
0.0
 40
35.0000000000388
  1
配平垫、弹垫
 41
0.7
  7
$TD_AUDIT_GENERATED_(2C8)
 11
27124.30803636425
 21
18218.73711106299
 31
0.0
100
AcDbAttribute
  2
5
 70
     8
 74
     2
  0
ATTRIB
  5
2C91F
330
2C919
100
AcDbEntity
  8
0
100
AcDbText
 10
27404.05803636457
 20
18201.23711106297
 30
0.0
 40
35.0000000000388
  1
0.07
 41
0.7
  7
$TD_AUDIT_GENERATED_(2C7)
 72
     1
 11
27444.30803636462
 21
18218.73711106299
 31
0.0
100
AcDbAttribute
  2
6
 70
     8
 74
     2
  0
ATTRIB
  5
2C920
330
2C919
100
AcDbEntity
  8
0
100
AcDbText
 10
27505.97748619593
 20
18202.07165446786
 30
0.0
 40
33.33091319026952
  1
0.28
 41
0.7
  7
$TD_AUDIT_GENERATED_(2C7)
 72
     1
 11
27544.30803636473
 21
18218.73711106299
 31
0.0
100
AcDbAttribute
  2
7
 70
     8
 74
     2
  0
ATTRIB
  5
2C921
330
2C919
100
AcDbEntity
  8
0
100
AcDbText
 10
27699.25775703535
 20
18203.73711106299
 30
0.0
 40
30.0
  1
外购件
 41
0.6999999999999998
  7
$TD_AUDIT_GENERATED_(2C8)
 72
     1
 11
27744.30803636496
 21
18218.73711106299
 31
0.0
100
AcDbAttribute
  2
8
 70
     8
 74
     2
  0
SEQEND
  5
2C922
330
2C919
100
AcDbEntity
  8
$TD_AUDIT_GENERATED_(2C4)
  0
LINE
  5
2C923
330
1F
100
AcDbEntity
  8
$TD_AUDIT_GENERATED_(2C4)
100
AcDbLine
 10
23042.47072788888
 20
18513.73711106303
 30
0.0
 11
20942.47072788888
 21
18513.73711106303
 31
0.0
  0
LINE
  5
2C924
330
1F
100
AcDbEntity
  8
$TD_AUDIT_GENERATED_(2C4)
100
AcDbLine
 10
22992.47072788888
 20
15593.73711106304
 30
0.0
 11
21192.47072788888
 21
15593.73711106304
 31
0.0
  0
LINE
  5
2C925
330
1F
100
AcDbEntity
  8
$TD_AUDIT_GENERATED_(2C4)
100
AcDbLine
 10
23042.47072788888
 20
15543.73711106304
 30
0.0
 11
20942.47072788888
 21
15543.73711106304
 31
0.0
  0
LINE
  5
2C926
330
1F
100
AcDbEntity
  8
$TD_AUDIT_GENERATED_(2C4)
100
AcDbLine
 10
23042.47072788888
 20
18513.73711106303
 30
0.0
 11
23042.47072788888
 21
15543.73711106304
 31
0.0
  0
LINE
  5
2C927
330
1F
100
AcDbEntity
  8
$TD_AUDIT_GENERATED_(2C4)
100
AcDbLine
 10
20942.47072788888
 20
18513.73711106303
 30
0.0
 11
20942.47072788888
 21
15543.73711106304
 31
0.0
  0
LINE
  5
2C928
330
1F
100
AcDbEntity
  8
$TD_AUDIT_GENERATED_(2C4)
100
AcDbLine
 10
22992.47072788888
 20
18423.73711106303
 30
0.0
 11
22992.47072788888
 21
15593.73711106304
 31
0.0
  0
MTEXT
  5
2C929
330
1F
100
AcDbEntity
  8
$TD_AUDIT_GENERATED_(2C6)
100
AcDbMText
 10
21033.67309026983
 20
17058.23286799083
 30
0.0
 40
45.20528426381055
 41
987.4135225868298
 71
     1
 72
     5
  1
{\H0.876x;\M+5BACF\M+5CDAC\M+5BAC5\M+5A3BA}WS26-08/KMMXG10{\H0.876x;\P\M+5A1A1}\M+5A1A1\M+5A1A1\M+5A1A1\M+5A1A1
  7
$TD_AUDIT_GENERATED_(2C8)
 11
1.000000000000000E-16
 21
1.0
 31
0.0
 73
     1
 44
1.0
  0
MTEXT
  5
2C92A
330
1F
100
AcDbEntity
  8
$TD_AUDIT_GENERATED_(2C6)
100
AcDbMText
 10
21033.67309026983
 20
16146.21550378049
 30
0.0
 40
45.20528426381055
 41
987.4135225868298
 71
     1
 72
     5
  1
{\H0.876x;\M+5CFEE\M+5C4BF\M+5C3FB\M+5B3C6\M+5A3BA}\M+5C4AB\M+5CEF7\M+5B8E7\M+5D6C6\M+5B6AF\M+5B9C4\M+5B9F5\M+5B5C0\M+5CDA8\M+5B9FD\M+5CABD\M+5C5D7\M+5CDE8\M+5BBFA
  7
$TD_AUDIT_GENERATED_(2C8)
 11
1.000000000000000E-16
 21
1.0
 31
0.0
 73
     1
 44
1.0
  0
INSERT
  5
2C92B
330
1F
100
AcDbEntity
  8
$TD_AUDIT_GENERATED_(2C5)
100
AcDbBlockReference
  2
$TD_AUDIT_GENERATED_(8CB9)
 10
21192.47072788888
 20
18323.73711106303
 30
0.0
 41
10.0
 42
10.0
 43
10.0
  0
INSERT
  5
2C92C
330
1F
100
AcDbEntity
  8
$TD_AUDIT_GENERATED_(2C5)
100
AcDbBlockReference
 66
     1
  2
$TD_AUDIT_GENERATED_(29EC1)
 10
22992.47072788888
 20
15593.73711106304
 30
0.0
 41
10.0
 42
10.0
 43
10.0
  0
ATTRIB
  5
2C92D
330
2C92C
100
AcDbEntity
  8
$TD_AUDIT_GENERATED_(2C5)
100
AcDbText
 10
22587.66457159167
 20
15636.88167094677
 30
0.0
 40
50.0
  1
KMMXG10.16
 41
0.8
 72
     1
 11
22730.68133136821
 21
15636.88167094677
 31
0.0
100
AcDbAttribute
  2
S
 70
     0
1001
AcDbAttr
1070
     0
1070
     1
  0
ATTRIB
  5
2C92E
330
2C92C
100
AcDbEntity
  8
$TD_AUDIT_GENERATED_(2C5)
100
AcDbText
 10
22173.34321035537
 20
15682.30867701386
 30
0.0
 40
30.0
  1
张维翰
 41
0.8000000000000002
100
AcDbAttribute
  2
主管
 70
     0
1001
AcDbAttr
1070
     0
1070
     1
  0
ATTRIB
  5
2C92F
330
2C92C
100
AcDbEntity
  8
$TD_AUDIT_GENERATED_(2C5)
100
AcDbText
 10
22172.63969669848
 20
15751.9105542913
 30
0.0
 40
30.0
  1
贾文龙
 41
0.8000000000000002
100
AcDbAttribute
  2
设计
 70
     0
1001
AcDbAttr
1070
     0
1070
     1
  0
ATTRIB
  5
2C930
330
2C92C
100
AcDbEntity
  8
$TD_AUDIT_GENERATED_(2C5)
100
AcDbText
 10
22368.41737663817
 20
15617.86401126977
 30
0.0
 40
30.0
  1

 41
0.8000000000000002
100
AcDbAttribute
  2
N
 70
     0
1001
AcDbAttr
1070
     0
1070
     1
  0
ATTRIB
  5
2C931
330
2C92C
100
AcDbEntity
  8
$TD_AUDIT_GENERATED_(2C5)
100
AcDbText
 10
22126.33988878965
 20
15616.67849675659
 30
0.0
 40
30.0
  1

 41
0.8000000000000002
 72
     1
 11
22126.33988878965
 21
15616.67849675659
 31
0.0
100
AcDbAttribute
  2
M
 70
     0
1001
AcDbAttr
1070
     0
1070
     1
  0
SEQEND
  5
2C932
330
2C92C
100
AcDbEntity
  8
$TD_AUDIT_GENERATED_(2C5)
  0
INSERT
  5
2C933
330
1F
100
AcDbEntity
  8
$TD_AUDIT_GENERATED_(2C5)
100
AcDbBlockReference
 66
     1
  2
$TD_AUDIT_GENERATED_(8CD2)
 10
21192.47863241287
 20
18183.73660438535
 30
0.0
 41
10.0
 42
10.0
 43
10.0
  0
ATTRIB
  5
2C934
330
2C933
100
AcDbEntity
  8
0
100
AcDbText
 10
21242.47863241287
 20
18201.23660438535
 30
0.0
 40
35.0
  1

 41
0.7
  7
$TD_AUDIT_GENERATED_(2C7)
 72
     1
 11
21242.47863241287
 21
18218.73660438535
 31
0.0
100
AcDbAttribute
  2
1
 70
     0
 74
     2
  0
ATTRIB
  5
2C935
330
2C933
100
AcDbEntity
  8
0
 62
   141
100
AcDbText
 10
21322.47863241287
 20
18201.23660438535
 30
0.0
 40
35.0
  1

 41
0.6
  7
$TD_AUDIT_GENERATED_(2C7)
 11
21322.47863241287
 21
18218.73660438535
 31
0.0
100
AcDbAttribute
  2
2
 70
     0
 74
     2
  0
ATTRIB
  5
2C936
330
2C933
100
AcDbEntity
  8
0
 62
   141
100
AcDbText
 10
21722.47863241287
 20
18201.23660438535
 30
0.0
 40
35.0
  1

 41
0.7
  7
$TD_AUDIT_GENERATED_(2C8)
 11
21722.47863241287
 21
18218.73660438535
 31
0.0
100
AcDbAttribute
  2
3
 70
     0
 74
     2
  0
ATTRIB
  5
2C937
330
2C933
100
AcDbEntity
  8
0
100
AcDbText
 10
22142.47863241287
 20
18201.23660438535
 30
0.0
 40
35.0
  1

 41
0.7
  7
$TD_AUDIT_GENERATED_(2C7)
 72
     1
 11
22142.47863241287
 21
18218.73660438535
 31
0.0
100
AcDbAttribute
  2
4
 70
     0
 74
     2
  0
ATTRIB
  5
2C938
330
2C933
100
AcDbEntity
  8
0
 62
   141
100
AcDbText
 10
22222.47863241287
 20
18201.23660438535
 30
0.0
 40
35.0
  1

 41
0.7
  7
$TD_AUDIT_GENERATED_(2C7)
 11
22222.47863241287
 21
18218.73660438535
 31
0.0
100
AcDbAttribute
  2
5
 70
     0
 74
     2
  0
ATTRIB
  5
2C939
330
2C933
100
AcDbEntity
  8
0
100
AcDbText
 10
22542.47863241287
 20
18201.23660438535
 30
0.0
 40
35.0
  1

 41
0.7
  7
$TD_AUDIT_GENERATED_(2C7)
 72
     1
 11
22542.47863241287
 21
18218.73660438535
 31
0.0
100
AcDbAttribute
  2
6
 70
     0
 74
     2
  0
ATTRIB
  5
2C93A
330
2C933
100
AcDbEntity
  8
0
100
AcDbText
 10
22642.47863241287
 20
18201.23660438535
 30
0.0
 40
35.0
  1

 41
0.7
  7
$TD_AUDIT_GENERATED_(2C7)
 72
     1
 11
22642.47863241287
 21
18218.73660438535
 31
0.0
100
AcDbAttribute
  2
7
 70
     0
 74
     2
  0
ATTRIB
  5
2C93B
330
2C933
100
AcDbEntity
  8
0
100
AcDbText
 10
22842.47863241287
 20
18201.23660438535
 30
0.0
 40
35.0
  1

 41
0.7
  7
$TD_AUDIT_GENERATED_(2C8)
 72
     1
 11
22842.47863241287
 21
18218.73660438535
 31
0.0
100
AcDbAttribute
  2
8
 70
     0
 74
     2
  0
SEQEND
  5
2C93C
330
2C933
100
AcDbEntity
  8
$TD_AUDIT_GENERATED_(2C5)
  0
INSERT
  5
2C93D
330
1F
100
AcDbEntity
  8
$TD_AUDIT_GENERATED_(2C5)
100
AcDbBlockReference
 66
     1
  2
$TD_AUDIT_GENERATED_(8CD2)
 10
21192.47866257372
 20
18323.73658840428
 30
0.0
 41
-10.0
 42
10.0
 43
10.0
 50
180.0
  0
ATTRIB
  5
2C93E
330
2C93D
100
AcDbEntity
  8
0
100
AcDbText
 10
21242.47866257372
 20
18306.23658840428
 30
0.0
 40
35.0
  1

 41
0.7
  7
$TD_AUDIT_GENERATED_(2C7)
 72
     1
 11
21242.47866257372
 21
18323.73658840428
 31
0.0
100
AcDbAttribute
  2
1
 70
     0
 74
     2
  0
ATTRIB
  5
2C93F
330
2C93D
100
AcDbEntity
  8
0
 62
   141
100
AcDbText
 10
21322.47866257372
 20
18271.23658840428
 30
0.0
 40
35.0
  1
KMMXG10.16
 41
0.6
  7
$TD_AUDIT_GENERATED_(2C7)
 11
21322.47866257372
 21
18288.73658840428
 31
0.0
100
AcDbAttribute
  2
2
 70
     0
 74
     2
  0
ATTRIB
  5
2C940
330
2C93D
100
AcDbEntity
  8
0
 62
   141
100
AcDbText
 10
21722.47866257372
 20
18270.45446549925
 30
0.0
 40
35.0
  1
弹丸补充装置
 41
0.7
  7
$TD_AUDIT_GENERATED_(2C8)
 11
21722.47866257372
 21
18287.95446549925
 31
0.0
100
AcDbAttribute
  2
3
 70
     0
 74
     2
  0
ATTRIB
  5
2C941
330
2C93D
100
AcDbEntity
  8
0
100
AcDbText
 10
22132.56199590705
 20
18271.23658840428
 30
0.0
 40
35.0
  1
2
 41
0.7
  7
$TD_AUDIT_GENERATED_(2C7)
 72
     1
 11
22142.47866257372
 21
18288.73658840428
 31
0.0
100
AcDbAttribute
  2
4
 70
     0
 74
     2
  0
ATTRIB
  5
2C942
330
2C93D
100
AcDbEntity
  8
0
 62
   141
100
AcDbText
 10
22222.47866257372
 20
18270.25893477299
 30
0.0
 40
35.0
  1
部件
 41
0.7
  7
$TD_AUDIT_GENERATED_(2C8)
 11
22222.47866257372
 21
18287.75893477299
 31
0.0
100
AcDbAttribute
  2
5
 70
     0
 74
     2
  0
ATTRIB
  5
2C943
330
2C93D
100
AcDbEntity
  8
0
100
AcDbText
 10
22490.56199590705
 20
18271.23658840428
 30
0.0
 40
35.0
  1
436.4
 41
0.7
  7
$TD_AUDIT_GENERATED_(2C7)
 72
     1
 11
22542.47866257372
 21
18288.73658840428
 31
0.0
100
AcDbAttribute
  2
6
 70
     0
 74
     2
  0
ATTRIB
  5
2C944
330
2C93D
100
AcDbEntity
  8
0
100
AcDbText
 10
22590.56199590705
 20
18271.23658840428
 30
0.0
 40
35.0
  1
872.8
 41
0.7
  7
$TD_AUDIT_GENERATED_(2C7)
 72
     1
 11
22642.47866257372
 21
18288.73658840428
 31
0.0
100
AcDbAttribute
  2
7
 70
     0
 74
     2
  0
ATTRIB
  5
2C945
330
2C93D
100
AcDbEntity
  8
0
100
AcDbText
 10
22693.5624614564
 20
18270.06340404673
 30
0.0
 40
35.0
  1
含标准件总重934.8
 41
0.7
  7
$TD_AUDIT_GENERATED_(2C8)
 72
     1
 11
22842.47866257372
 21
18287.56340404673
 31
0.0
100
AcDbAttribute
  2
8
 70
     0
 74
     2
  0
SEQEND
  5
2C946
330
2C93D
100
AcDbEntity
  8
$TD_AUDIT_GENERATED_(2C5)
  0
MTEXT
  5
2C947
330
1F
100
AcDbEntity
  8
$TD_AUDIT_GENERATED_(2C6)
100
AcDbMText
 10
21033.67309026983
 20
17665.33835251453
 30
0.0
 40
45.20528426381055
 41
987.4135225868298
 71
     1
 72
     5
  1
{\H0.876x;\M+5CFEE\M+5C4BF\M+5B4FA\M+5BAC5\M+5A3BAKMMXG10}\M+5A1A1\M+5A1A1
  7
$TD_AUDIT_GENERATED_(2C8)
 11
1.000000000000000E-16
 21
1.0
 31
0.0
 73
     1
 44
1.0
  0
LINE
  5
2C948
330
1F
100
AcDbEntity
  8
$TD_AUDIT_GENERATED_(2C4)
100
AcDbLine
 10
25567.68892374994
 20
18513.73711106303
 30
0.0
 11
23467.68892374994
 21
18513.73711106303
 31
0.0
  0
LINE
  5
2C949
330
1F
100
AcDbEntity
  8
$TD_AUDIT_GENERATED_(2C4)
100
AcDbLine
 10
25517.68892374994
 20
15593.73711106304
 30
0.0
 11
23717.68892374994
 21
15593.73711106304
 31
0.0
  0
LINE
  5
2C94A
330
1F
100
AcDbEntity
  8
$TD_AUDIT_GENERATED_(2C4)
100
AcDbLine
 10
25567.68892374994
 20
15543.73711106304
 30
0.0
 11
23467.68892374994
 21
15543.73711106304
 31
0.0
  0
LINE
  5
2C94B
330
1F
100
AcDbEntity
  8
$TD_AUDIT_GENERATED_(2C4)
100
AcDbLine
 10
25567.68892374994
 20
18513.73711106303
 30
0.0
 11
25567.68892374994
 21
15543.73711106304
 31
0.0
  0
LINE
  5
2C94C
330
1F
100
AcDbEntity
  8
$TD_AUDIT_GENERATED_(2C4)
100
AcDbLine
 10
23467.68892374994
 20
18513.73711106303
 30
0.0
 11
23467.68892374994
 21
15543.73711106304
 31
0.0
  0
LINE
  5
2C94D
330
1F
100
AcDbEntity
  8
$TD_AUDIT_GENERATED_(2C4)
100
AcDbLine
 10
25517.68892374994
 20
18423.73711106303
 30
0.0
 11
25517.68892374994
 21
15593.73711106304
 31
0.0
  0
MTEXT
  5
2C94E
330
1F
100
AcDbEntity
  8
$TD_AUDIT_GENERATED_(2C6)
100
AcDbMText
 10
23558.8912861309
 20
17058.23286799083
 30
0.0
 40
45.20528426381055
 41
987.4135225868298
 71
     1
 72
     5
  1
{\H0.876x;\M+5BACF\M+5CDAC\M+5BAC5\M+5A3BA}WS26-08/KMMXG10{\H0.876x;\P\M+5A1A1}\M+5A1A1\M+5A1A1\M+5A1A1\M+5A1A1
  7
$TD_AUDIT_GENERATED_(2C8)
 11
1.000000000000000E-16
 21
1.0
 31
0.0
 73
     1
 44
1.0
  0
MTEXT
  5
2C94F
330
1F
100
AcDbEntity
  8
$TD_AUDIT_GENERATED_(2C6)
100
AcDbMText
 10
23558.8912861309
 20
16146.21550378049
 30
0.0
 40
45.20528426381055
 41
987.4135225868298
 71
     1
 72
     5
  1
{\H0.876x;\M+5CFEE\M+5C4BF\M+5C3FB\M+5B3C6\M+5A3BA}\M+5C4AB\M+5CEF7\M+5B8E7\M+5D6C6\M+5B6AF\M+5B9C4\M+5B9F5\M+5B5C0\M+5CDA8\M+5B9FD\M+5CABD\M+5C5D7\M+5CDE8\M+5BBFA
  7
$TD_AUDIT_GENERATED_(2C8)
 11
1.000000000000000E-16
 21
1.0
 31
0.0
 73
     1
 44
1.0
  0
INSERT
  5
2C950
330
1F
100
AcDbEntity
  8
$TD_AUDIT_GENERATED_(2C5)
100
AcDbBlockReference
  2
$TD_AUDIT_GENERATED_(8CB9)
 10
23717.68892374994
 20
18323.73711106303
 30
0.0
 41
10.0
 42
10.0
 43
10.0
  0
INSERT
  5
2C951
330
1F
100
AcDbEntity
  8
$TD_AUDIT_GENERATED_(2C5)
100
AcDbBlockReference
 66
     1
  2
$TD_AUDIT_GENERATED_(29EC1)
 10
25517.68892374994
 20
15593.73711106304
 30
0.0
 41
10.0
 42
10.0
 43
10.0
  0
ATTRIB
  5
2C952
330
2C951
100
AcDbEntity
  8
$TD_AUDIT_GENERATED_(2C5)
100
AcDbText
 10
25112.88276745273
 20
15636.88167094677
 30
0.0
 40
50.0
  1
KMMXG10.16
 41
0.8
 72
     1
 11
25255.89952722927
 21
15636.88167094677
 31
0.0
100
AcDbAttribute
  2
S
 70
     0
1001
AcDbAttr
1070
     0
1070
     1
  0
ATTRIB
  5
2C953
330
2C951
100
AcDbEntity
  8
$TD_AUDIT_GENERATED_(2C5)
100
AcDbText
 10
24698.56140621643
 20
15682.30867701386
 30
0.0
 40
30.0
  1
张维翰
 41
0.8000000000000002
100
AcDbAttribute
  2
主管
 70
     0
1001
AcDbAttr
1070
     0
1070
     1
  0
ATTRIB
  5
2C954
330
2C951
100
AcDbEntity
  8
$TD_AUDIT_GENERATED_(2C5)
100
AcDbText
 10
24697.85789255954
 20
15751.9105542913
 30
0.0
 40
30.0
  1
贾文龙
 41
0.8000000000000002
100
AcDbAttribute
  2
设计
 70
     0
1001
AcDbAttr
1070
     0
1070
     1
  0
ATTRIB
  5
2C955
330
2C951
100
AcDbEntity
  8
$TD_AUDIT_GENERATED_(2C5)
100
AcDbText
 10
24893.63557249923
 20
15617.86401126977
 30
0.0
 40
30.0
  1

 41
0.8000000000000002
100
AcDbAttribute
  2
N
 70
     0
1001
AcDbAttr
1070
     0
1070
     1
  0
ATTRIB
  5
2C956
330
2C951
100
AcDbEntity
  8
$TD_AUDIT_GENERATED_(2C5)
100
AcDbText
 10
24651.55808465071
 20
15616.67849675659
 30
0.0
 40
30.0
  1

 41
0.8000000000000002
 72
     1
 11
24651.55808465071
 21
15616.67849675659
 31
0.0
100
AcDbAttribute
  2
M
 70
     0
1001
AcDbAttr
1070
     0
1070
     1
  0
SEQEND
  5
2C957
330
2C951
100
AcDbEntity
  8
$TD_AUDIT_GENERATED_(2C5)
  0
INSERT
  5
2C958
330
1F
100
AcDbEntity
  8
$TD_AUDIT_GENERATED_(2C5)
100
AcDbBlockReference
 66
     1
  2
$TD_AUDIT_GENERATED_(8CD2)
 10
23717.69682827393
 20
18183.73710176156
 30
0.0
 41
10.0
 42
10.0
 43
10.0
  0
ATTRIB
  5
2C959
330
2C958
100
AcDbEntity
  8
0
100
AcDbText
 10
23767.69682827393
 20
18201.23710176156
 30
0.0
 40
35.0
  1

 41
0.7
  7
$TD_AUDIT_GENERATED_(2C7)
 72
     1
 11
23767.69682827393
 21
18218.73710176156
 31
0.0
100
AcDbAttribute
  2
1
 70
     0
 74
     2
  0
ATTRIB
  5
2C95A
330
2C958
100
AcDbEntity
  8
0
 62
   141
100
AcDbText
 10
23847.69682827393
 20
18201.23710176156
 30
0.0
 40
35.0
  1

 41
0.6
  7
$TD_AUDIT_GENERATED_(2C7)
 11
23847.69682827393
 21
18218.73710176156
 31
0.0
100
AcDbAttribute
  2
2
 70
     0
 74
     2
  0
ATTRIB
  5
2C95B
330
2C958
100
AcDbEntity
  8
0
 62
   141
100
AcDbText
 10
24247.69682827393
 20
18201.23710176156
 30
0.0
 40
35.0
  1

 41
0.7
  7
$TD_AUDIT_GENERATED_(2C8)
 11
24247.69682827393
 21
18218.73710176156
 31
0.0
100
AcDbAttribute
  2
3
 70
     0
 74
     2
  0
ATTRIB
  5
2C95C
330
2C958
100
AcDbEntity
  8
0
100
AcDbText
 10
24667.69682827393
 20
18201.23710176156
 30
0.0
 40
35.0
  1

 41
0.7
  7
$TD_AUDIT_GENERATED_(2C7)
 72
     1
 11
24667.69682827393
 21
18218.73710176156
 31
0.0
100
AcDbAttribute
  2
4
 70
     0
 74
     2
  0
ATTRIB
  5
2C95D
330
2C958
100
AcDbEntity
  8
0
 62
   141
100
AcDbText
 10
24747.69682827393
 20
18201.23710176156
 30
0.0
 40
35.0
  1

 41
0.7
  7
$TD_AUDIT_GENERATED_(2C7)
 11
24747.69682827393
 21
18218.73710176156
 31
0.0
100
AcDbAttribute
  2
5
 70
     0
 74
     2
  0
ATTRIB
  5
2C95E
330
2C958
100
AcDbEntity
  8
0
100
AcDbText
 10
25067.69682827393
 20
18201.23710176156
 30
0.0
 40
35.0
  1

 41
0.7
  7
$TD_AUDIT_GENERATED_(2C7)
 72
     1
 11
25067.69682827393
 21
18218.73710176156
 31
0.0
100
AcDbAttribute
  2
6
 70
     0
 74
     2
  0
ATTRIB
  5
2C95F
330
2C958
100
AcDbEntity
  8
0
100
AcDbText
 10
25167.69682827393
 20
18201.23710176156
 30
0.0
 40
35.0
  1

 41
0.7
  7
$TD_AUDIT_GENERATED_(2C7)
 72
     1
 11
25167.69682827393
 21
18218.73710176156
 31
0.0
100
AcDbAttribute
  2
7
 70
     0
 74
     2
  0
ATTRIB
  5
2C960
330
2C958
100
AcDbEntity
  8
0
100
AcDbText
 10
25367.69682827393
 20
18201.23710176156
 30
0.0
 40
35.0
  1

 41
0.7
  7
$TD_AUDIT_GENERATED_(2C8)
 72
     1
 11
25367.69682827393
 21
18218.73710176156
 31
0.0
100
AcDbAttribute
  2
8
 70
     0
 74
     2
  0
SEQEND
  5
2C961
330
2C958
100
AcDbEntity
  8
$TD_AUDIT_GENERATED_(2C5)
  0
INSERT
  5
2C962
330
1F
100
AcDbEntity
  8
$TD_AUDIT_GENERATED_(2C5)
100
AcDbBlockReference
 66
     1
  2
$TD_AUDIT_GENERATED_(8CD2)
 10
21192.47864093133
 20
17413.73660438528
 30
0.0
 41
-10.0
 42
10.0
 43
10.0
 50
180.0
  0
ATTRIB
  5
2C963
330
2C962
100
AcDbEntity
  8
0
100
AcDbText
 10
21242.47864093133
 20
17396.23660438528
 30
0.0
 40
35.0
  1

 41
0.7
  7
$TD_AUDIT_GENERATED_(2C7)
 72
     1
 11
21242.47864093133
 21
17413.73660438528
 31
0.0
100
AcDbAttribute
  2
1
 70
     0
 74
     2
  0
ATTRIB
  5
2C964
330
2C962
100
AcDbEntity
  8
0
 62
   141
100
AcDbText
 10
21322.47864093133
 20
17396.23660438528
 30
0.0
 40
35.0
  1

 41
0.6
  7
$TD_AUDIT_GENERATED_(2C7)
 11
21322.47864093133
 21
17413.73660438528
 31
0.0
100
AcDbAttribute
  2
2
 70
     0
 74
     2
  0
ATTRIB
  5
2C965
330
2C962
100
AcDbEntity
  8
0
 62
   141
100
AcDbText
 10
21722.47864093133
 20
17396.23660438528
 30
0.0
 40
35.0
  1

 41
0.7
  7
$TD_AUDIT_GENERATED_(2C8)
 11
21722.47864093133
 21
17413.73660438528
 31
0.0
100
AcDbAttribute
  2
3
 70
     0
 74
     2
  0
ATTRIB
  5
2C966
330
2C962
100
AcDbEntity
  8
0
100
AcDbText
 10
22142.47864093133
 20
17396.23660438528
 30
0.0
 40
35.0
  1

 41
0.7
  7
$TD_AUDIT_GENERATED_(2C7)
 72
     1
 11
22142.47864093133
 21
17413.73660438528
 31
0.0
100
AcDbAttribute
  2
4
 70
     0
 74
     2
  0
ATTRIB
  5
2C967
330
2C962
100
AcDbEntity
  8
0
 62
   141
100
AcDbText
 10
22222.47864093133
 20
17396.23660438528
 30
0.0
 40
35.0
  1

 41
0.7
  7
$TD_AUDIT_GENERATED_(2C7)
 11
22222.47864093133
 21
17413.73660438528
 31
0.0
100
AcDbAttribute
  2
5
 70
     0
 74
     2
  0
ATTRIB
  5
2C968
330
2C962
100
AcDbEntity
  8
0
100
AcDbText
 10
22542.47864093133
 20
17396.23660438528
 30
0.0
 40
35.0
  1

 41
0.7
  7
$TD_AUDIT_GENERATED_(2C7)
 72
     1
 11
22542.47864093133
 21
17413.73660438528
 31
0.0
100
AcDbAttribute
  2
6
 70
     0
 74
     2
  0
ATTRIB
  5
2C969
330
2C962
100
AcDbEntity
  8
0
100
AcDbText
 10
22642.47864093133
 20
17396.23660438528
 30
0.0
 40
35.0
  1

 41
0.7
  7
$TD_AUDIT_GENERATED_(2C7)
 72
     1
 11
22642.47864093133
 21
17413.73660438528
 31
0.0
100
AcDbAttribute
  2
7
 70
     0
 74
     2
  0
ATTRIB
  5
2C96A
330
2C962
100
AcDbEntity
  8
0
100
AcDbText
 10
22842.47864093133
 20
17396.23660438528
 30
0.0
 40
35.0
  1

 41
0.7
  7
$TD_AUDIT_GENERATED_(2C8)
 72
     1
 11
22842.47864093133
 21
17413.73660438528
 31
0.0
100
AcDbAttribute
  2
8
 70
     0
 74
     2
  0
SEQEND
  5
2C96B
330
2C962
100
AcDbEntity
  8
$TD_AUDIT_GENERATED_(2C5)
  0
INSERT
  5
2C96C
330
1F
100
AcDbEntity
  8
$TD_AUDIT_GENERATED_(2C5)
100
AcDbBlockReference
 66
     1
  2
$TD_AUDIT_GENERATED_(8CD2)
 10
21192.47863241287
 20
17623.73660438535
 30
0.0
 41
10.0
 42
10.0
 43
10.0
  0
ATTRIB
  5
2C96D
330
2C96C
100
AcDbEntity
  8
0
100
AcDbText
 10
21242.47863241287
 20
17641.23660438535
 30
0.0
 40
35.0
  1

 41
0.7
  7
$TD_AUDIT_GENERATED_(2C7)
 72
     1
 11
21242.47863241287
 21
17658.73660438535
 31
0.0
100
AcDbAttribute
  2
1
 70
     0
 74
     2
  0
ATTRIB
  5
2C96E
330
2C96C
100
AcDbEntity
  8
0
 62
   141
100
AcDbText
 10
21322.47863241287
 20
17641.23660438535
 30
0.0
 40
35.0
  1

 41
0.6
  7
$TD_AUDIT_GENERATED_(2C7)
 11
21322.47863241287
 21
17658.73660438535
 31
0.0
100
AcDbAttribute
  2
2
 70
     0
 74
     2
  0
ATTRIB
  5
2C96F
330
2C96C
100
AcDbEntity
  8
0
 62
   141
100
AcDbText
 10
21722.47863241287
 20
17641.23660438535
 30
0.0
 40
35.0
  1

 41
0.7
  7
$TD_AUDIT_GENERATED_(2C8)
 11
21722.47863241287
 21
17658.73660438535
 31
0.0
100
AcDbAttribute
  2
3
 70
     0
 74
     2
  0
ATTRIB
  5
2C970
330
2C96C
100
AcDbEntity
  8
0
100
AcDbText
 10
22142.47863241287
 20
17641.23660438535
 30
0.0
 40
35.0
  1

 41
0.7
  7
$TD_AUDIT_GENERATED_(2C7)
 72
     1
 11
22142.47863241287
 21
17658.73660438535
 31
0.0
100
AcDbAttribute
  2
4
 70
     0
 74
     2
  0
ATTRIB
  5
2C971
330
2C96C
100
AcDbEntity
  8
0
 62
   141
100
AcDbText
 10
22222.47863241287
 20
17641.23660438535
 30
0.0
 40
35.0
  1

 41
0.7
  7
$TD_AUDIT_GENERATED_(2C7)
 11
22222.47863241287
 21
17658.73660438535
 31
0.0
100
AcDbAttribute
  2
5
 70
     0
 74
     2
  0
ATTRIB
  5
2C972
330
2C96C
100
AcDbEntity
  8
0
100
AcDbText
 10
22542.47863241287
 20
17641.23660438535
 30
0.0
 40
35.0
  1

 41
0.7
  7
$TD_AUDIT_GENERATED_(2C7)
 72
     1
 11
22542.47863241287
 21
17658.73660438535
 31
0.0
100
AcDbAttribute
  2
6
 70
     0
 74
     2
  0
ATTRIB
  5
2C973
330
2C96C
100
AcDbEntity
  8
0
100
AcDbText
 10
22642.47863241287
 20
17641.23660438535
 30
0.0
 40
35.0
  1

 41
0.7
  7
$TD_AUDIT_GENERATED_(2C7)
 72
     1
 11
22642.47863241287
 21
17658.73660438535
 31
0.0
100
AcDbAttribute
  2
7
 70
     0
 74
     2
  0
ATTRIB
  5
2C974
330
2C96C
100
AcDbEntity
  8
0
100
AcDbText
 10
22842.47863241287
 20
17641.23660438535
 30
0.0
 40
35.0
  1

 41
0.7
  7
$TD_AUDIT_GENERATED_(2C8)
 72
     1
 11
22842.47863241287
 21
17658.73660438535
 31
0.0
100
AcDbAttribute
  2
8
 70
     0
 74
     2
  0
SEQEND
  5
2C975
330
2C96C
100
AcDbEntity
  8
$TD_AUDIT_GENERATED_(2C5)
  0
INSERT
  5
2C976
330
1F
100
AcDbEntity
  8
$TD_AUDIT_GENERATED_(2C5)
100
AcDbBlockReference
 66
     1
  2
$TD_AUDIT_GENERATED_(8CD2)
 10
21192.47863241287
 20
17763.73660438535
 30
0.0
 41
10.0
 42
10.0
 43
10.0
  0
ATTRIB
  5
2C977
330
2C976
100
AcDbEntity
  8
0
100
AcDbText
 10
21242.47863241287
 20
17781.23660438535
 30
0.0
 40
35.0
  1

 41
0.7
  7
$TD_AUDIT_GENERATED_(2C7)
 72
     1
 11
21242.47863241287
 21
17798.73660438535
 31
0.0
100
AcDbAttribute
  2
1
 70
     0
 74
     2
  0
ATTRIB
  5
2C978
330
2C976
100
AcDbEntity
  8
0
 62
   141
100
AcDbText
 10
21322.47863241287
 20
17781.23660438535
 30
0.0
 40
35.0
  1

 41
0.6
  7
$TD_AUDIT_GENERATED_(2C7)
 11
21322.47863241287
 21
17798.73660438535
 31
0.0
100
AcDbAttribute
  2
2
 70
     0
 74
     2
  0
ATTRIB
  5
2C979
330
2C976
100
AcDbEntity
  8
0
 62
   141
100
AcDbText
 10
21722.47863241287
 20
17781.23660438535
 30
0.0
 40
35.0
  1

 41
0.7
  7
$TD_AUDIT_GENERATED_(2C8)
 11
21722.47863241287
 21
17798.73660438535
 31
0.0
100
AcDbAttribute
  2
3
 70
     0
 74
     2
  0
ATTRIB
  5
2C97A
330
2C976
100
AcDbEntity
  8
0
100
AcDbText
 10
22142.47863241287
 20
17781.23660438535
 30
0.0
 40
35.0
  1

 41
0.7
  7
$TD_AUDIT_GENERATED_(2C7)
 72
     1
 11
22142.47863241287
 21
17798.73660438535
 31
0.0
100
AcDbAttribute
  2
4
 70
     0
 74
     2
  0
ATTRIB
  5
2C97B
330
2C976
100
AcDbEntity
  8
0
 62
   141
100
AcDbText
 10
22222.47863241287
 20
17781.23660438535
 30
0.0
 40
35.0
  1

 41
0.7
  7
$TD_AUDIT_GENERATED_(2C7)
 11
22222.47863241287
 21
17798.73660438535
 31
0.0
100
AcDbAttribute
  2
5
 70
     0
 74
     2
  0
ATTRIB
  5
2C97C
330
2C976
100
AcDbEntity
  8
0
100
AcDbText
 10
22542.47863241287
 20
17781.23660438535
 30
0.0
 40
35.0
  1

 41
0.7
  7
$TD_AUDIT_GENERATED_(2C7)
 72
     1
 11
22542.47863241287
 21
17798.73660438535
 31
0.0
100
AcDbAttribute
  2
6
 70
     0
 74
     2
  0
ATTRIB
  5
2C97D
330
2C976
100
AcDbEntity
  8
0
100
AcDbText
 10
22642.47863241287
 20
17781.23660438535
 30
0.0
 40
35.0
  1

 41
0.7
  7
$TD_AUDIT_GENERATED_(2C7)
 72
     1
 11
22642.47863241287
 21
17798.73660438535
 31
0.0
100
AcDbAttribute
  2
7
 70
     0
 74
     2
  0
ATTRIB
  5
2C97E
330
2C976
100
AcDbEntity
  8
0
100
AcDbText
 10
22842.47863241287
 20
17781.23660438535
 30
0.0
 40
35.0
  1

 41
0.7
  7
$TD_AUDIT_GENERATED_(2C8)
 72
     1
 11
22842.47863241287
 21
17798.73660438535
 31
0.0
100
AcDbAttribute
  2
8
 70
     0
 74
     2
  0
SEQEND
  5
2C97F
330
2C976
100
AcDbEntity
  8
$TD_AUDIT_GENERATED_(2C5)
  0
MTEXT
  5
2C980
330
1F
100
AcDbEntity
  8
$TD_AUDIT_GENERATED_(2C6)
100
AcDbMText
 10
23558.8912861309
 20
17665.33835251453
 30
0.0
 40
45.20528426381055
 41
987.4135225868298
 71
     1
 72
     5
  1
{\H0.876x;\M+5CFEE\M+5C4BF\M+5B4FA\M+5BAC5\M+5A3BAKMMXG10}\M+5A1A1\M+5A1A1
  7
$TD_AUDIT_GENERATED_(2C8)
 11
1.000000000000000E-16
 21
1.0
 31
0.0
 73
     1
 44
1.0
  0
LINE
  5
2C981
330
1F
100
AcDbEntity
  8
$TD_AUDIT_GENERATED_(2C4)
100
AcDbLine
 10
27944.30803636312
 20
18513.73711106303
 30
0.0
 11
25844.30803636312
 21
18513.73711106303
 31
0.0
  0
LINE
  5
2C982
330
1F
100
AcDbEntity
  8
$TD_AUDIT_GENERATED_(2C4)
100
AcDbLine
 10
27894.30803636312
 20
15593.73711106304
 30
0.0
 11
26094.30803636312
 21
15593.73711106304
 31
0.0
  0
LINE
  5
2C983
330
1F
100
AcDbEntity
  8
$TD_AUDIT_GENERATED_(2C4)
100
AcDbLine
 10
27944.30803636312
 20
15543.73711106304
 30
0.0
 11
25844.30803636312
 21
15543.73711106304
 31
0.0
  0
LINE
  5
2C984
330
1F
100
AcDbEntity
  8
$TD_AUDIT_GENERATED_(2C4)
100
AcDbLine
 10
27944.30803636312
 20
18513.73711106303
 30
0.0
 11
27944.30803636312
 21
15543.73711106304
 31
0.0
  0
LINE
  5
2C985
330
1F
100
AcDbEntity
  8
$TD_AUDIT_GENERATED_(2C4)
100
AcDbLine
 10
25844.30803636312
 20
18513.73711106303
 30
0.0
 11
25844.30803636312
 21
15543.73711106304
 31
0.0
  0
LINE
  5
2C986
330
1F
100
AcDbEntity
  8
$TD_AUDIT_GENERATED_(2C4)
100
AcDbLine
 10
27894.30803636312
 20
18423.73711106303
 30
0.0
 11
27894.30803636312
 21
15593.73711106304
 31
0.0
  0
MTEXT
  5
2C987
330
1F
100
AcDbEntity
  8
$TD_AUDIT_GENERATED_(2C6)
100
AcDbMText
 10
25935.51039874407
 20
17058.23286799083
 30
0.0
 40
45.20528426381055
 41
987.4135225868298
 71
     1
 72
     5
  1
{\H0.876x;\M+5BACF\M+5CDAC\M+5BAC5\M+5A3BA}WS26-08/KMMXG10{\H0.876x;\P\M+5A1A1}\M+5A1A1\M+5A1A1\M+5A1A1\M+5A1A1
  7
$TD_AUDIT_GENERATED_(2C8)
 11
1.000000000000000E-16
 21
1.0
 31
0.0
 73
     1
 44
1.0
  0
MTEXT
  5
2C988
330
1F
100
AcDbEntity
  8
$TD_AUDIT_GENERATED_(2C6)
100
AcDbMText
 10
25935.51039874407
 20
16146.21550378049
 30
0.0
 40
45.20528426381055
 41
987.4135225868298
 71
     1
 72
     5
  1
{\H0.876x;\M+5CFEE\M+5C4BF\M+5C3FB\M+5B3C6\M+5A3BA}\M+5C4AB\M+5CEF7\M+5B8E7\M+5D6C6\M+5B6AF\M+5B9C4\M+5B9F5\M+5B5C0\M+5CDA8\M+5B9FD\M+5CABD\M+5C5D7\M+5CDE8\M+5BBFA
  7
$TD_AUDIT_GENERATED_(2C8)
 11
1.000000000000000E-16
 21
1.0
 31
0.0
 73
     1
 44
1.0
  0
INSERT
  5
2C989
330
1F
100
AcDbEntity
  8
$TD_AUDIT_GENERATED_(2C5)
100
AcDbBlockReference
  2
$TD_AUDIT_GENERATED_(8CB9)
 10
26094.30803636312
 20
18323.73711106303
 30
0.0
 41
10.0
 42
10.0
 43
10.0
  0
INSERT
  5
2C98A
330
1F
100
AcDbEntity
  8
$TD_AUDIT_GENERATED_(2C5)
100
AcDbBlockReference
 66
     1
  2
$TD_AUDIT_GENERATED_(29EC1)
 10
27894.30803636312
 20
15593.73711106304
 30
0.0
 41
10.0
 42
10.0
 43
10.0
  0
ATTRIB
  5
2C98B
330
2C98A
100
AcDbEntity
  8
$TD_AUDIT_GENERATED_(2C5)
100
AcDbText
 10
27489.50188006591
 20
15636.88167094677
 30
0.0
 40
50.0
  1
KMMXG10.16
 41
0.8
 72
     1
 11
27632.51863984244
 21
15636.88167094677
 31
0.0
100
AcDbAttribute
  2
S
 70
     0
1001
AcDbAttr
1070
     0
1070
     1
  0
ATTRIB
  5
2C98C
330
2C98A
100
AcDbEntity
  8
$TD_AUDIT_GENERATED_(2C5)
100
AcDbText
 10
27075.1805188296
 20
15682.30867701386
 30
0.0
 40
30.0
  1
张维翰
 41
0.8000000000000002
100
AcDbAttribute
  2
主管
 70
     0
1001
AcDbAttr
1070
     0
1070
     1
  0
ATTRIB
  5
2C98D
330
2C98A
100
AcDbEntity
  8
$TD_AUDIT_GENERATED_(2C5)
100
AcDbText
 10
27074.47700517271
 20
15751.9105542913
 30
0.0
 40
30.0
  1
贾文龙
 41
0.8000000000000002
100
AcDbAttribute
  2
设计
 70
     0
1001
AcDbAttr
1070
     0
1070
     1
  0
ATTRIB
  5
2C98E
330
2C98A
100
AcDbEntity
  8
$TD_AUDIT_GENERATED_(2C5)
100
AcDbText
 10
27270.25468511241
 20
15617.86401126977
 30
0.0
 40
30.0
  1

 41
0.8000000000000002
100
AcDbAttribute
  2
N
 70
     0
1001
AcDbAttr
1070
     0
1070
     1
  0
ATTRIB
  5
2C98F
330
2C98A
100
AcDbEntity
  8
$TD_AUDIT_GENERATED_(2C5)
100
AcDbText
 10
27028.17719726388
 20
15616.67849675659
 30
0.0
 40
30.0
  1

 41
0.8000000000000002
 72
     1
 11
27028.17719726388
 21
15616.67849675659
 31
0.0
100
AcDbAttribute
  2
M
 70
     0
1001
AcDbAttr
1070
     0
1070
     1
  0
SEQEND
  5
2C990
330
2C98A
100
AcDbEntity
  8
$TD_AUDIT_GENERATED_(2C5)
  0
INSERT
  5
2C991
330
1F
100
AcDbEntity
  8
$TD_AUDIT_GENERATED_(2C5)
100
AcDbBlockReference
 66
     1
  2
$TD_AUDIT_GENERATED_(8CD2)
 10
26094.31587518966
 20
15943.73649757901
 30
0.0
 41
10.0
 42
10.0
 43
10.0
  0
ATTRIB
  5
2C992
330
2C991
100
AcDbEntity
  8
0
100
AcDbText
 10
26144.31587518966
 20
15961.23649757901
 30
0.0
 40
35.0
  1

 41
0.7
  7
$TD_AUDIT_GENERATED_(2C7)
 72
     1
 11
26144.31587518966
 21
15978.73649757901
 31
0.0
100
AcDbAttribute
  2
1
 70
     0
 74
     2
  0
ATTRIB
  5
2C993
330
2C991
100
AcDbEntity
  8
0
 62
   141
100
AcDbText
 10
26224.31587518966
 20
15961.23649757901
 30
0.0
 40
35.0
  1

 41
0.6
  7
$TD_AUDIT_GENERATED_(2C7)
 11
26224.31587518966
 21
15978.73649757901
 31
0.0
100
AcDbAttribute
  2
2
 70
     0
 74
     2
  0
ATTRIB
  5
2C994
330
2C991
100
AcDbEntity
  8
0
 62
   141
100
AcDbText
 10
26624.31587518966
 20
15961.23649757901
 30
0.0
 40
35.0
  1

 41
0.7
  7
$TD_AUDIT_GENERATED_(2C8)
 11
26624.31587518966
 21
15978.73649757901
 31
0.0
100
AcDbAttribute
  2
3
 70
     0
 74
     2
  0
ATTRIB
  5
2C995
330
2C991
100
AcDbEntity
  8
0
100
AcDbText
 10
27044.31587518966
 20
15961.23649757901
 30
0.0
 40
35.0
  1

 41
0.7
  7
$TD_AUDIT_GENERATED_(2C7)
 72
     1
 11
27044.31587518966
 21
15978.73649757901
 31
0.0
100
AcDbAttribute
  2
4
 70
     0
 74
     2
  0
ATTRIB
  5
2C996
330
2C991
100
AcDbEntity
  8
0
 62
   141
100
AcDbText
 10
27124.31587518966
 20
15961.23649757901
 30
0.0
 40
35.0
  1

 41
0.7
  7
$TD_AUDIT_GENERATED_(2C7)
 11
27124.31587518966
 21
15978.73649757901
 31
0.0
100
AcDbAttribute
  2
5
 70
     0
 74
     2
  0
ATTRIB
  5
2C997
330
2C991
100
AcDbEntity
  8
0
100
AcDbText
 10
27444.31587518966
 20
15961.23649757901
 30
0.0
 40
35.0
  1

 41
0.7
  7
$TD_AUDIT_GENERATED_(2C7)
 72
     1
 11
27444.31587518966
 21
15978.73649757901
 31
0.0
100
AcDbAttribute
  2
6
 70
     0
 74
     2
  0
ATTRIB
  5
2C998
330
2C991
100
AcDbEntity
  8
0
100
AcDbText
 10
27544.31587518966
 20
15961.23649757901
 30
0.0
 40
35.0
  1

 41
0.7
  7
$TD_AUDIT_GENERATED_(2C7)
 72
     1
 11
27544.31587518966
 21
15978.73649757901
 31
0.0
100
AcDbAttribute
  2
7
 70
     0
 74
     2
  0
ATTRIB
  5
2C999
330
2C991
100
AcDbEntity
  8
0
100
AcDbText
 10
27744.31587518966
 20
15961.23649757901
 30
0.0
 40
35.0
  1

 41
0.7
  7
$TD_AUDIT_GENERATED_(2C8)
 72
     1
 11
27744.31587518966
 21
15978.73649757901
 31
0.0
100
AcDbAttribute
  2
8
 70
     0
 74
     2
  0
SEQEND
  5
2C99A
330
2C991
100
AcDbEntity
  8
$TD_AUDIT_GENERATED_(2C5)
  0
INSERT
  5
2C99B
330
1F
100
AcDbEntity
  8
$TD_AUDIT_GENERATED_(2C5)
100
AcDbBlockReference
 66
     1
  2
$TD_AUDIT_GENERATED_(8CD2)
 10
26094.31583965304
 20
16013.73650102438
 30
0.0
 41
10.0
 42
10.0
 43
10.0
  0
ATTRIB
  5
2C99C
330
2C99B
100
AcDbEntity
  8
0
100
AcDbText
 10
26144.31583965304
 20
16031.23650102438
 30
0.0
 40
35.0
  1

 41
0.7
  7
$TD_AUDIT_GENERATED_(2C7)
 72
     1
 11
26144.31583965304
 21
16048.73650102438
 31
0.0
100
AcDbAttribute
  2
1
 70
     0
 74
     2
  0
ATTRIB
  5
2C99D
330
2C99B
100
AcDbEntity
  8
0
 62
   141
100
AcDbText
 10
26224.31583965304
 20
16031.23650102438
 30
0.0
 40
35.0
  1

 41
0.6
  7
$TD_AUDIT_GENERATED_(2C7)
 11
26224.31583965304
 21
16048.73650102438
 31
0.0
100
AcDbAttribute
  2
2
 70
     0
 74
     2
  0
ATTRIB
  5
2C99E
330
2C99B
100
AcDbEntity
  8
0
 62
   141
100
AcDbText
 10
26624.31583965304
 20
16031.23650102438
 30
0.0
 40
35.0
  1

 41
0.7
  7
$TD_AUDIT_GENERATED_(2C8)
 11
26624.31583965304
 21
16048.73650102438
 31
0.0
100
AcDbAttribute
  2
3
 70
     0
 74
     2
  0
ATTRIB
  5
2C99F
330
2C99B
100
AcDbEntity
  8
0
100
AcDbText
 10
27044.31583965304
 20
16031.23650102438
 30
0.0
 40
35.0
  1

 41
0.7
  7
$TD_AUDIT_GENERATED_(2C7)
 72
     1
 11
27044.31583965304
 21
16048.73650102438
 31
0.0
100
AcDbAttribute
  2
4
 70
     0
 74
     2
  0
ATTRIB
  5
2C9A0
330
2C99B
100
AcDbEntity
  8
0
 62
   141
100
AcDbText
 10
27124.31583965304
 20
16031.23650102438
 30
0.0
 40
35.0
  1

 41
0.7
  7
$TD_AUDIT_GENERATED_(2C7)
 11
27124.31583965304
 21
16048.73650102438
 31
0.0
100
AcDbAttribute
  2
5
 70
     0
 74
     2
  0
ATTRIB
  5
2C9A1
330
2C99B
100
AcDbEntity
  8
0
100
AcDbText
 10
27444.31583965304
 20
16031.23650102438
 30
0.0
 40
35.0
  1

 41
0.7
  7
$TD_AUDIT_GENERATED_(2C7)
 72
     1
 11
27444.31583965304
 21
16048.73650102438
 31
0.0
100
AcDbAttribute
  2
6
 70
     0
 74
     2
  0
ATTRIB
  5
2C9A2
330
2C99B
100
AcDbEntity
  8
0
100
AcDbText
 10
27544.31583965304
 20
16031.23650102438
 30
0.0
 40
35.0
  1

 41
0.7
  7
$TD_AUDIT_GENERATED_(2C7)
 72
     1
 11
27544.31583965304
 21
16048.73650102438
 31
0.0
100
AcDbAttribute
  2
7
 70
     0
 74
     2
  0
ATTRIB
  5
2C9A3
330
2C99B
100
AcDbEntity
  8
0
100
AcDbText
 10
27744.31583965304
 20
16031.23650102438
 30
0.0
 40
35.0
  1

 41
0.7
  7
$TD_AUDIT_GENERATED_(2C8)
 72
     1
 11
27744.31583965304
 21
16048.73650102438
 31
0.0
100
AcDbAttribute
  2
8
 70
     0
 74
     2
  0
SEQEND
  5
2C9A4
330
2C99B
100
AcDbEntity
  8
$TD_AUDIT_GENERATED_(2C5)
  0
INSERT
  5
2C9A5
330
1F
100
AcDbEntity
  8
$TD_AUDIT_GENERATED_(2C5)
100
AcDbBlockReference
 66
     1
  2
$TD_AUDIT_GENERATED_(8CD2)
 10
26094.31583965304
 20
16083.73650446974
 30
0.0
 41
10.0
 42
10.0
 43
10.0
  0
ATTRIB
  5
2C9A6
330
2C9A5
100
AcDbEntity
  8
0
100
AcDbText
 10
26144.31583965304
 20
16101.23650446974
 30
0.0
 40
35.0
  1

 41
0.7
  7
$TD_AUDIT_GENERATED_(2C7)
 72
     1
 11
26144.31583965304
 21
16118.73650446974
 31
0.0
100
AcDbAttribute
  2
1
 70
     0
 74
     2
  0
ATTRIB
  5
2C9A7
330
2C9A5
100
AcDbEntity
  8
0
 62
   141
100
AcDbText
 10
26224.31583965304
 20
16101.23650446974
 30
0.0
 40
35.0
  1

 41
0.6
  7
$TD_AUDIT_GENERATED_(2C7)
 11
26224.31583965304
 21
16118.73650446974
 31
0.0
100
AcDbAttribute
  2
2
 70
     0
 74
     2
  0
ATTRIB
  5
2C9A8
330
2C9A5
100
AcDbEntity
  8
0
 62
   141
100
AcDbText
 10
26624.31583965304
 20
16101.23650446974
 30
0.0
 40
35.0
  1

 41
0.7
  7
$TD_AUDIT_GENERATED_(2C8)
 11
26624.31583965304
 21
16118.73650446974
 31
0.0
100
AcDbAttribute
  2
3
 70
     0
 74
     2
  0
ATTRIB
  5
2C9A9
330
2C9A5
100
AcDbEntity
  8
0
100
AcDbText
 10
27044.31583965304
 20
16101.23650446974
 30
0.0
 40
35.0
  1

 41
0.7
  7
$TD_AUDIT_GENERATED_(2C7)
 72
     1
 11
27044.31583965304
 21
16118.73650446974
 31
0.0
100
AcDbAttribute
  2
4
 70
     0
 74
     2
  0
ATTRIB
  5
2C9AA
330
2C9A5
100
AcDbEntity
  8
0
 62
   141
100
AcDbText
 10
27124.31583965304
 20
16101.23650446974
 30
0.0
 40
35.0
  1

 41
0.7
  7
$TD_AUDIT_GENERATED_(2C7)
 11
27124.31583965304
 21
16118.73650446974
 31
0.0
100
AcDbAttribute
  2
5
 70
     0
 74
     2
  0
ATTRIB
  5
2C9AB
330
2C9A5
100
AcDbEntity
  8
0
100
AcDbText
 10
27444.31583965304
 20
16101.23650446974
 30
0.0
 40
35.0
  1

 41
0.7
  7
$TD_AUDIT_GENERATED_(2C7)
 72
     1
 11
27444.31583965304
 21
16118.73650446974
 31
0.0
100
AcDbAttribute
  2
6
 70
     0
 74
     2
  0
ATTRIB
  5
2C9AC
330
2C9A5
100
AcDbEntity
  8
0
100
AcDbText
 10
27544.31583965304
 20
16101.23650446974
 30
0.0
 40
35.0
  1

 41
0.7
  7
$TD_AUDIT_GENERATED_(2C7)
 72
     1
 11
27544.31583965304
 21
16118.73650446974
 31
0.0
100
AcDbAttribute
  2
7
 70
     0
 74
     2
  0
ATTRIB
  5
2C9AD
330
2C9A5
100
AcDbEntity
  8
0
100
AcDbText
 10
27744.31583965304
 20
16101.23650446974
 30
0.0
 40
35.0
  1

 41
0.7
  7
$TD_AUDIT_GENERATED_(2C8)
 72
     1
 11
27744.31583965304
 21
16118.73650446974
 31
0.0
100
AcDbAttribute
  2
8
 70
     0
 74
     2
  0
SEQEND
  5
2C9AE
330
2C9A5
100
AcDbEntity
  8
$TD_AUDIT_GENERATED_(2C5)
  0
INSERT
  5
2C9AF
330
1F
100
AcDbEntity
  8
$TD_AUDIT_GENERATED_(2C5)
100
AcDbBlockReference
 66
     1
  2
$TD_AUDIT_GENERATED_(8CD2)
 10
26094.31583965304
 20
16153.73650791511
 30
0.0
 41
10.0
 42
10.0
 43
10.0
  0
ATTRIB
  5
2C9B0
330
2C9AF
100
AcDbEntity
  8
0
100
AcDbText
 10
26144.31583965304
 20
16171.23650791511
 30
0.0
 40
35.0
  1

 41
0.7
  7
$TD_AUDIT_GENERATED_(2C7)
 72
     1
 11
26144.31583965304
 21
16188.73650791511
 31
0.0
100
AcDbAttribute
  2
1
 70
     0
 74
     2
  0
ATTRIB
  5
2C9B1
330
2C9AF
100
AcDbEntity
  8
0
 62
   141
100
AcDbText
 10
26224.31583965304
 20
16171.23650791511
 30
0.0
 40
35.0
  1

 41
0.6
  7
$TD_AUDIT_GENERATED_(2C7)
 11
26224.31583965304
 21
16188.73650791511
 31
0.0
100
AcDbAttribute
  2
2
 70
     0
 74
     2
  0
ATTRIB
  5
2C9B2
330
2C9AF
100
AcDbEntity
  8
0
 62
   141
100
AcDbText
 10
26624.31583965304
 20
16171.23650791511
 30
0.0
 40
35.0
  1

 41
0.7
  7
$TD_AUDIT_GENERATED_(2C8)
 11
26624.31583965304
 21
16188.73650791511
 31
0.0
100
AcDbAttribute
  2
3
 70
     0
 74
     2
  0
ATTRIB
  5
2C9B3
330
2C9AF
100
AcDbEntity
  8
0
100
AcDbText
 10
27044.31583965304
 20
16171.23650791511
 30
0.0
 40
35.0
  1

 41
0.7
  7
$TD_AUDIT_GENERATED_(2C7)
 72
     1
 11
27044.31583965304
 21
16188.73650791511
 31
0.0
100
AcDbAttribute
  2
4
 70
     0
 74
     2
  0
ATTRIB
  5
2C9B4
330
2C9AF
100
AcDbEntity
  8
0
 62
   141
100
AcDbText
 10
27124.31583965304
 20
16171.23650791511
 30
0.0
 40
35.0
  1

 41
0.7
  7
$TD_AUDIT_GENERATED_(2C7)
 11
27124.31583965304
 21
16188.73650791511
 31
0.0
100
AcDbAttribute
  2
5
 70
     0
 74
     2
  0
ATTRIB
  5
2C9B5
330
2C9AF
100
AcDbEntity
  8
0
100
AcDbText
 10
27444.31583965304
 20
16171.23650791511
 30
0.0
 40
35.0
  1

 41
0.7
  7
$TD_AUDIT_GENERATED_(2C7)
 72
     1
 11
27444.31583965304
 21
16188.73650791511
 31
0.0
100
AcDbAttribute
  2
6
 70
     0
 74
     2
  0
ATTRIB
  5
2C9B6
330
2C9AF
100
AcDbEntity
  8
0
100
AcDbText
 10
27544.31583965304
 20
16171.23650791511
 30
0.0
 40
35.0
  1

 41
0.7
  7
$TD_AUDIT_GENERATED_(2C7)
 72
     1
 11
27544.31583965304
 21
16188.73650791511
 31
0.0
100
AcDbAttribute
  2
7
 70
     0
 74
     2
  0
ATTRIB
  5
2C9B7
330
2C9AF
100
AcDbEntity
  8
0
100
AcDbText
 10
27744.31583965304
 20
16171.23650791511
 30
0.0
 40
35.0
  1

 41
0.7
  7
$TD_AUDIT_GENERATED_(2C8)
 72
     1
 11
27744.31583965304
 21
16188.73650791511
 31
0.0
100
AcDbAttribute
  2
8
 70
     0
 74
     2
  0
SEQEND
  5
2C9B8
330
2C9AF
100
AcDbEntity
  8
$TD_AUDIT_GENERATED_(2C5)
  0
INSERT
  5
2C9B9
330
1F
100
AcDbEntity
  8
$TD_AUDIT_GENERATED_(2C5)
100
AcDbBlockReference
 66
     1
  2
$TD_AUDIT_GENERATED_(8CD2)
 10
26094.31589206199
 20
16223.73651136047
 30
0.0
 41
10.0
 42
10.0
 43
10.0
  0
ATTRIB
  5
2C9BA
330
2C9B9
100
AcDbEntity
  8
0
100
AcDbText
 10
26144.31589206199
 20
16241.23651136047
 30
0.0
 40
35.0
  1

 41
0.7
  7
$TD_AUDIT_GENERATED_(2C7)
 72
     1
 11
26144.31589206199
 21
16258.73651136047
 31
0.0
100
AcDbAttribute
  2
1
 70
     0
 74
     2
  0
ATTRIB
  5
2C9BB
330
2C9B9
100
AcDbEntity
  8
0
 62
   141
100
AcDbText
 10
26224.31589206199
 20
16241.23651136047
 30
0.0
 40
35.0
  1

 41
0.6
  7
$TD_AUDIT_GENERATED_(2C7)
 11
26224.31589206199
 21
16258.73651136047
 31
0.0
100
AcDbAttribute
  2
2
 70
     0
 74
     2
  0
ATTRIB
  5
2C9BC
330
2C9B9
100
AcDbEntity
  8
0
 62
   141
100
AcDbText
 10
26624.31589206199
 20
16241.23651136047
 30
0.0
 40
35.0
  1

 41
0.7
  7
$TD_AUDIT_GENERATED_(2C8)
 11
26624.31589206199
 21
16258.73651136047
 31
0.0
100
AcDbAttribute
  2
3
 70
     0
 74
     2
  0
ATTRIB
  5
2C9BD
330
2C9B9
100
AcDbEntity
  8
0
100
AcDbText
 10
27044.31589206199
 20
16241.23651136047
 30
0.0
 40
35.0
  1

 41
0.7
  7
$TD_AUDIT_GENERATED_(2C7)
 72
     1
 11
27044.31589206199
 21
16258.73651136047
 31
0.0
100
AcDbAttribute
  2
4
 70
     0
 74
     2
  0
ATTRIB
  5
2C9BE
330
2C9B9
100
AcDbEntity
  8
0
 62
   141
100
AcDbText
 10
27124.31589206199
 20
16241.23651136047
 30
0.0
 40
35.0
  1

 41
0.7
  7
$TD_AUDIT_GENERATED_(2C7)
 11
27124.31589206199
 21
16258.73651136047
 31
0.0
100
AcDbAttribute
  2
5
 70
     0
 74
     2
  0
ATTRIB
  5
2C9BF
330
2C9B9
100
AcDbEntity
  8
0
100
AcDbText
 10
27444.31589206199
 20
16241.23651136047
 30
0.0
 40
35.0
  1

 41
0.7
  7
$TD_AUDIT_GENERATED_(2C7)
 72
     1
 11
27444.31589206199
 21
16258.73651136047
 31
0.0
100
AcDbAttribute
  2
6
 70
     0
 74
     2
  0
ATTRIB
  5
2C9C0
330
2C9B9
100
AcDbEntity
  8
0
100
AcDbText
 10
27544.31589206199
 20
16241.23651136047
 30
0.0
 40
35.0
  1

 41
0.7
  7
$TD_AUDIT_GENERATED_(2C7)
 72
     1
 11
27544.31589206199
 21
16258.73651136047
 31
0.0
100
AcDbAttribute
  2
7
 70
     0
 74
     2
  0
ATTRIB
  5
2C9C1
330
2C9B9
100
AcDbEntity
  8
0
100
AcDbText
 10
27744.31589206199
 20
16241.23651136047
 30
0.0
 40
35.0
  1

 41
0.7
  7
$TD_AUDIT_GENERATED_(2C8)
 72
     1
 11
27744.31589206199
 21
16258.73651136047
 31
0.0
100
AcDbAttribute
  2
8
 70
     0
 74
     2
  0
SEQEND
  5
2C9C2
330
2C9B9
100
AcDbEntity
  8
$TD_AUDIT_GENERATED_(2C5)
  0
INSERT
  5
2C9C3
330
1F
100
AcDbEntity
  8
$TD_AUDIT_GENERATED_(2C5)
100
AcDbBlockReference
 66
     1
  2
$TD_AUDIT_GENERATED_(8CD2)
 10
26094.3158565254
 20
16293.73651480584
 30
0.0
 41
10.0
 42
10.0
 43
10.0
  0
ATTRIB
  5
2C9C4
330
2C9C3
100
AcDbEntity
  8
0
100
AcDbText
 10
26144.3158565254
 20
16311.23651480584
 30
0.0
 40
35.0
  1

 41
0.7
  7
$TD_AUDIT_GENERATED_(2C7)
 72
     1
 11
26144.3158565254
 21
16328.73651480584
 31
0.0
100
AcDbAttribute
  2
1
 70
     0
 74
     2
  0
ATTRIB
  5
2C9C5
330
2C9C3
100
AcDbEntity
  8
0
 62
   141
100
AcDbText
 10
26224.3158565254
 20
16311.23651480584
 30
0.0
 40
35.0
  1

 41
0.6
  7
$TD_AUDIT_GENERATED_(2C7)
 11
26224.3158565254
 21
16328.73651480584
 31
0.0
100
AcDbAttribute
  2
2
 70
     0
 74
     2
  0
ATTRIB
  5
2C9C6
330
2C9C3
100
AcDbEntity
  8
0
 62
   141
100
AcDbText
 10
26624.3158565254
 20
16311.23651480584
 30
0.0
 40
35.0
  1

 41
0.7
  7
$TD_AUDIT_GENERATED_(2C8)
 11
26624.3158565254
 21
16328.73651480584
 31
0.0
100
AcDbAttribute
  2
3
 70
     0
 74
     2
  0
ATTRIB
  5
2C9C7
330
2C9C3
100
AcDbEntity
  8
0
100
AcDbText
 10
27044.3158565254
 20
16311.23651480584
 30
0.0
 40
35.0
  1

 41
0.7
  7
$TD_AUDIT_GENERATED_(2C7)
 72
     1
 11
27044.3158565254
 21
16328.73651480584
 31
0.0
100
AcDbAttribute
  2
4
 70
     0
 74
     2
  0
ATTRIB
  5
2C9C8
330
2C9C3
100
AcDbEntity
  8
0
 62
   141
100
AcDbText
 10
27124.3158565254
 20
16311.23651480584
 30
0.0
 40
35.0
  1

 41
0.7
  7
$TD_AUDIT_GENERATED_(2C7)
 11
27124.3158565254
 21
16328.73651480584
 31
0.0
100
AcDbAttribute
  2
5
 70
     0
 74
     2
  0
ATTRIB
  5
2C9C9
330
2C9C3
100
AcDbEntity
  8
0
100
AcDbText
 10
27444.3158565254
 20
16311.23651480584
 30
0.0
 40
35.0
  1

 41
0.7
  7
$TD_AUDIT_GENERATED_(2C7)
 72
     1
 11
27444.3158565254
 21
16328.73651480584
 31
0.0
100
AcDbAttribute
  2
6
 70
     0
 74
     2
  0
ATTRIB
  5
2C9CA
330
2C9C3
100
AcDbEntity
  8
0
100
AcDbText
 10
27544.3158565254
 20
16311.23651480584
 30
0.0
 40
35.0
  1

 41
0.7
  7
$TD_AUDIT_GENERATED_(2C7)
 72
     1
 11
27544.3158565254
 21
16328.73651480584
 31
0.0
100
AcDbAttribute
  2
7
 70
     0
 74
     2
  0
ATTRIB
  5
2C9CB
330
2C9C3
100
AcDbEntity
  8
0
100
AcDbText
 10
27744.3158565254
 20
16311.23651480584
 30
0.0
 40
35.0
  1

 41
0.7
  7
$TD_AUDIT_GENERATED_(2C8)
 72
     1
 11
27744.3158565254
 21
16328.73651480584
 31
0.0
100
AcDbAttribute
  2
8
 70
     0
 74
     2
  0
SEQEND
  5
2C9CC
330
2C9C3
100
AcDbEntity
  8
$TD_AUDIT_GENERATED_(2C5)
  0
INSERT
  5
2C9CD
330
1F
100
AcDbEntity
  8
$TD_AUDIT_GENERATED_(2C5)
100
AcDbBlockReference
 66
     1
  2
$TD_AUDIT_GENERATED_(8CD2)
 10
26094.3158565254
 20
16363.73651825121
 30
0.0
 41
10.0
 42
10.0
 43
10.0
  0
ATTRIB
  5
2C9CE
330
2C9CD
100
AcDbEntity
  8
0
100
AcDbText
 10
26144.3158565254
 20
16381.23651825121
 30
0.0
 40
35.0
  1

 41
0.7
  7
$TD_AUDIT_GENERATED_(2C7)
 72
     1
 11
26144.3158565254
 21
16398.73651825121
 31
0.0
100
AcDbAttribute
  2
1
 70
     0
 74
     2
  0
ATTRIB
  5
2C9CF
330
2C9CD
100
AcDbEntity
  8
0
 62
   141
100
AcDbText
 10
26224.3158565254
 20
16381.23651825121
 30
0.0
 40
35.0
  1

 41
0.6
  7
$TD_AUDIT_GENERATED_(2C7)
 11
26224.3158565254
 21
16398.73651825121
 31
0.0
100
AcDbAttribute
  2
2
 70
     0
 74
     2
  0
ATTRIB
  5
2C9D0
330
2C9CD
100
AcDbEntity
  8
0
 62
   141
100
AcDbText
 10
26624.3158565254
 20
16381.23651825121
 30
0.0
 40
35.0
  1

 41
0.7
  7
$TD_AUDIT_GENERATED_(2C8)
 11
26624.3158565254
 21
16398.73651825121
 31
0.0
100
AcDbAttribute
  2
3
 70
     0
 74
     2
  0
ATTRIB
  5
2C9D1
330
2C9CD
100
AcDbEntity
  8
0
100
AcDbText
 10
27044.3158565254
 20
16381.23651825121
 30
0.0
 40
35.0
  1

 41
0.7
  7
$TD_AUDIT_GENERATED_(2C7)
 72
     1
 11
27044.3158565254
 21
16398.73651825121
 31
0.0
100
AcDbAttribute
  2
4
 70
     0
 74
     2
  0
ATTRIB
  5
2C9D2
330
2C9CD
100
AcDbEntity
  8
0
 62
   141
100
AcDbText
 10
27124.3158565254
 20
16381.23651825121
 30
0.0
 40
35.0
  1

 41
0.7
  7
$TD_AUDIT_GENERATED_(2C7)
 11
27124.3158565254
 21
16398.73651825121
 31
0.0
100
AcDbAttribute
  2
5
 70
     0
 74
     2
  0
ATTRIB
  5
2C9D3
330
2C9CD
100
AcDbEntity
  8
0
100
AcDbText
 10
27444.3158565254
 20
16381.23651825121
 30
0.0
 40
35.0
  1

 41
0.7
  7
$TD_AUDIT_GENERATED_(2C7)
 72
     1
 11
27444.3158565254
 21
16398.73651825121
 31
0.0
100
AcDbAttribute
  2
6
 70
     0
 74
     2
  0
ATTRIB
  5
2C9D4
330
2C9CD
100
AcDbEntity
  8
0
100
AcDbText
 10
27544.3158565254
 20
16381.23651825121
 30
0.0
 40
35.0
  1

 41
0.7
  7
$TD_AUDIT_GENERATED_(2C7)
 72
     1
 11
27544.3158565254
 21
16398.73651825121
 31
0.0
100
AcDbAttribute
  2
7
 70
     0
 74
     2
  0
ATTRIB
  5
2C9D5
330
2C9CD
100
AcDbEntity
  8
0
100
AcDbText
 10
27744.3158565254
 20
16381.23651825121
 30
0.0
 40
35.0
  1

 41
0.7
  7
$TD_AUDIT_GENERATED_(2C8)
 72
     1
 11
27744.3158565254
 21
16398.73651825121
 31
0.0
100
AcDbAttribute
  2
8
 70
     0
 74
     2
  0
SEQEND
  5
2C9D6
330
2C9CD
100
AcDbEntity
  8
$TD_AUDIT_GENERATED_(2C5)
  0
INSERT
  5
2C9D7
330
1F
100
AcDbEntity
  8
$TD_AUDIT_GENERATED_(2C5)
100
AcDbBlockReference
 66
     1
  2
$TD_AUDIT_GENERATED_(8CD2)
 10
26094.3158565254
 20
16433.73652169656
 30
0.0
 41
10.0
 42
10.0
 43
10.0
  0
ATTRIB
  5
2C9D8
330
2C9D7
100
AcDbEntity
  8
0
100
AcDbText
 10
26144.3158565254
 20
16451.23652169656
 30
0.0
 40
35.0
  1

 41
0.7
  7
$TD_AUDIT_GENERATED_(2C7)
 72
     1
 11
26144.3158565254
 21
16468.73652169656
 31
0.0
100
AcDbAttribute
  2
1
 70
     0
 74
     2
  0
ATTRIB
  5
2C9D9
330
2C9D7
100
AcDbEntity
  8
0
 62
   141
100
AcDbText
 10
26224.3158565254
 20
16451.23652169656
 30
0.0
 40
35.0
  1

 41
0.6
  7
$TD_AUDIT_GENERATED_(2C7)
 11
26224.3158565254
 21
16468.73652169656
 31
0.0
100
AcDbAttribute
  2
2
 70
     0
 74
     2
  0
ATTRIB
  5
2C9DA
330
2C9D7
100
AcDbEntity
  8
0
 62
   141
100
AcDbText
 10
26624.3158565254
 20
16451.23652169656
 30
0.0
 40
35.0
  1

 41
0.7
  7
$TD_AUDIT_GENERATED_(2C8)
 11
26624.3158565254
 21
16468.73652169656
 31
0.0
100
AcDbAttribute
  2
3
 70
     0
 74
     2
  0
ATTRIB
  5
2C9DB
330
2C9D7
100
AcDbEntity
  8
0
100
AcDbText
 10
27044.3158565254
 20
16451.23652169656
 30
0.0
 40
35.0
  1

 41
0.7
  7
$TD_AUDIT_GENERATED_(2C7)
 72
     1
 11
27044.3158565254
 21
16468.73652169656
 31
0.0
100
AcDbAttribute
  2
4
 70
     0
 74
     2
  0
ATTRIB
  5
2C9DC
330
2C9D7
100
AcDbEntity
  8
0
 62
   141
100
AcDbText
 10
27124.3158565254
 20
16451.23652169656
 30
0.0
 40
35.0
  1

 41
0.7
  7
$TD_AUDIT_GENERATED_(2C7)
 11
27124.3158565254
 21
16468.73652169656
 31
0.0
100
AcDbAttribute
  2
5
 70
     0
 74
     2
  0
ATTRIB
  5
2C9DD
330
2C9D7
100
AcDbEntity
  8
0
100
AcDbText
 10
27444.3158565254
 20
16451.23652169656
 30
0.0
 40
35.0
  1

 41
0.7
  7
$TD_AUDIT_GENERATED_(2C7)
 72
     1
 11
27444.3158565254
 21
16468.73652169656
 31
0.0
100
AcDbAttribute
  2
6
 70
     0
 74
     2
  0
ATTRIB
  5
2C9DE
330
2C9D7
100
AcDbEntity
  8
0
100
AcDbText
 10
27544.3158565254
 20
16451.23652169656
 30
0.0
 40
35.0
  1

 41
0.7
  7
$TD_AUDIT_GENERATED_(2C7)
 72
     1
 11
27544.3158565254
 21
16468.73652169656
 31
0.0
100
AcDbAttribute
  2
7
 70
     0
 74
     2
  0
ATTRIB
  5
2C9DF
330
2C9D7
100
AcDbEntity
  8
0
100
AcDbText
 10
27744.3158565254
 20
16451.23652169656
 30
0.0
 40
35.0
  1

 41
0.7
  7
$TD_AUDIT_GENERATED_(2C8)
 72
     1
 11
27744.3158565254
 21
16468.73652169656
 31
0.0
100
AcDbAttribute
  2
8
 70
     0
 74
     2
  0
SEQEND
  5
2C9E0
330
2C9D7
100
AcDbEntity
  8
$TD_AUDIT_GENERATED_(2C5)
  0
INSERT
  5
2C9E1
330
1F
100
AcDbEntity
  8
$TD_AUDIT_GENERATED_(2C5)
100
AcDbBlockReference
 66
     1
  2
$TD_AUDIT_GENERATED_(8CD2)
 10
26094.31590893436
 20
16503.73652514193
 30
0.0
 41
10.0
 42
10.0
 43
10.0
  0
ATTRIB
  5
2C9E2
330
2C9E1
100
AcDbEntity
  8
0
100
AcDbText
 10
26144.31590893436
 20
16521.23652514193
 30
0.0
 40
35.0
  1

 41
0.7
  7
$TD_AUDIT_GENERATED_(2C7)
 72
     1
 11
26144.31590893436
 21
16538.73652514193
 31
0.0
100
AcDbAttribute
  2
1
 70
     0
 74
     2
  0
ATTRIB
  5
2C9E3
330
2C9E1
100
AcDbEntity
  8
0
 62
   141
100
AcDbText
 10
26224.31590893436
 20
16521.23652514193
 30
0.0
 40
35.0
  1

 41
0.6
  7
$TD_AUDIT_GENERATED_(2C7)
 11
26224.31590893436
 21
16538.73652514193
 31
0.0
100
AcDbAttribute
  2
2
 70
     0
 74
     2
  0
ATTRIB
  5
2C9E4
330
2C9E1
100
AcDbEntity
  8
0
 62
   141
100
AcDbText
 10
26624.31590893436
 20
16521.23652514193
 30
0.0
 40
35.0
  1

 41
0.7
  7
$TD_AUDIT_GENERATED_(2C8)
 11
26624.31590893436
 21
16538.73652514193
 31
0.0
100
AcDbAttribute
  2
3
 70
     0
 74
     2
  0
ATTRIB
  5
2C9E5
330
2C9E1
100
AcDbEntity
  8
0
100
AcDbText
 10
27044.31590893436
 20
16521.23652514193
 30
0.0
 40
35.0
  1

 41
0.7
  7
$TD_AUDIT_GENERATED_(2C7)
 72
     1
 11
27044.31590893436
 21
16538.73652514193
 31
0.0
100
AcDbAttribute
  2
4
 70
     0
 74
     2
  0
ATTRIB
  5
2C9E6
330
2C9E1
100
AcDbEntity
  8
0
 62
   141
100
AcDbText
 10
27124.31590893436
 20
16521.23652514193
 30
0.0
 40
35.0
  1

 41
0.7
  7
$TD_AUDIT_GENERATED_(2C7)
 11
27124.31590893436
 21
16538.73652514193
 31
0.0
100
AcDbAttribute
  2
5
 70
     0
 74
     2
  0
ATTRIB
  5
2C9E7
330
2C9E1
100
AcDbEntity
  8
0
100
AcDbText
 10
27444.31590893436
 20
16521.23652514193
 30
0.0
 40
35.0
  1

 41
0.7
  7
$TD_AUDIT_GENERATED_(2C7)
 72
     1
 11
27444.31590893436
 21
16538.73652514193
 31
0.0
100
AcDbAttribute
  2
6
 70
     0
 74
     2
  0
ATTRIB
  5
2C9E8
330
2C9E1
100
AcDbEntity
  8
0
100
AcDbText
 10
27544.31590893436
 20
16521.23652514193
 30
0.0
 40
35.0
  1

 41
0.7
  7
$TD_AUDIT_GENERATED_(2C7)
 72
     1
 11
27544.31590893436
 21
16538.73652514193
 31
0.0
100
AcDbAttribute
  2
7
 70
     0
 74
     2
  0
ATTRIB
  5
2C9E9
330
2C9E1
100
AcDbEntity
  8
0
100
AcDbText
 10
27744.31590893436
 20
16521.23652514193
 30
0.0
 40
35.0
  1

 41
0.7
  7
$TD_AUDIT_GENERATED_(2C8)
 72
     1
 11
27744.31590893436
 21
16538.73652514193
 31
0.0
100
AcDbAttribute
  2
8
 70
     0
 74
     2
  0
SEQEND
  5
2C9EA
330
2C9E1
100
AcDbEntity
  8
$TD_AUDIT_GENERATED_(2C5)
  0
INSERT
  5
2C9EB
330
1F
100
AcDbEntity
  8
$TD_AUDIT_GENERATED_(2C5)
100
AcDbBlockReference
 66
     1
  2
$TD_AUDIT_GENERATED_(8CD2)
 10
26094.31587339774
 20
16573.7365285873
 30
0.0
 41
10.0
 42
10.0
 43
10.0
  0
ATTRIB
  5
2C9EC
330
2C9EB
100
AcDbEntity
  8
0
100
AcDbText
 10
26144.31587339774
 20
16591.2365285873
 30
0.0
 40
35.0
  1

 41
0.7
  7
$TD_AUDIT_GENERATED_(2C7)
 72
     1
 11
26144.31587339774
 21
16608.7365285873
 31
0.0
100
AcDbAttribute
  2
1
 70
     0
 74
     2
  0
ATTRIB
  5
2C9ED
330
2C9EB
100
AcDbEntity
  8
0
 62
   141
100
AcDbText
 10
26224.31587339774
 20
16591.2365285873
 30
0.0
 40
35.0
  1

 41
0.6
  7
$TD_AUDIT_GENERATED_(2C7)
 11
26224.31587339774
 21
16608.7365285873
 31
0.0
100
AcDbAttribute
  2
2
 70
     0
 74
     2
  0
ATTRIB
  5
2C9EE
330
2C9EB
100
AcDbEntity
  8
0
 62
   141
100
AcDbText
 10
26624.31587339774
 20
16591.2365285873
 30
0.0
 40
35.0
  1

 41
0.7
  7
$TD_AUDIT_GENERATED_(2C8)
 11
26624.31587339774
 21
16608.7365285873
 31
0.0
100
AcDbAttribute
  2
3
 70
     0
 74
     2
  0
ATTRIB
  5
2C9EF
330
2C9EB
100
AcDbEntity
  8
0
100
AcDbText
 10
27044.31587339774
 20
16591.2365285873
 30
0.0
 40
35.0
  1

 41
0.7
  7
$TD_AUDIT_GENERATED_(2C7)
 72
     1
 11
27044.31587339774
 21
16608.7365285873
 31
0.0
100
AcDbAttribute
  2
4
 70
     0
 74
     2
  0
ATTRIB
  5
2C9F0
330
2C9EB
100
AcDbEntity
  8
0
 62
   141
100
AcDbText
 10
27124.31587339774
 20
16591.2365285873
 30
0.0
 40
35.0
  1

 41
0.7
  7
$TD_AUDIT_GENERATED_(2C7)
 11
27124.31587339774
 21
16608.7365285873
 31
0.0
100
AcDbAttribute
  2
5
 70
     0
 74
     2
  0
ATTRIB
  5
2C9F1
330
2C9EB
100
AcDbEntity
  8
0
100
AcDbText
 10
27444.31587339774
 20
16591.2365285873
 30
0.0
 40
35.0
  1

 41
0.7
  7
$TD_AUDIT_GENERATED_(2C7)
 72
     1
 11
27444.31587339774
 21
16608.7365285873
 31
0.0
100
AcDbAttribute
  2
6
 70
     0
 74
     2
  0
ATTRIB
  5
2C9F2
330
2C9EB
100
AcDbEntity
  8
0
100
AcDbText
 10
27544.31587339774
 20
16591.2365285873
 30
0.0
 40
35.0
  1

 41
0.7
  7
$TD_AUDIT_GENERATED_(2C7)
 72
     1
 11
27544.31587339774
 21
16608.7365285873
 31
0.0
100
AcDbAttribute
  2
7
 70
     0
 74
     2
  0
ATTRIB
  5
2C9F3
330
2C9EB
100
AcDbEntity
  8
0
100
AcDbText
 10
27744.31587339774
 20
16591.2365285873
 30
0.0
 40
35.0
  1

 41
0.7
  7
$TD_AUDIT_GENERATED_(2C8)
 72
     1
 11
27744.31587339774
 21
16608.7365285873
 31
0.0
100
AcDbAttribute
  2
8
 70
     0
 74
     2
  0
SEQEND
  5
2C9F4
330
2C9EB
100
AcDbEntity
  8
$TD_AUDIT_GENERATED_(2C5)
  0
INSERT
  5
2C9F5
330
1F
100
AcDbEntity
  8
$TD_AUDIT_GENERATED_(2C5)
100
AcDbBlockReference
 66
     1
  2
$TD_AUDIT_GENERATED_(8CD2)
 10
26094.31587339774
 20
16643.73653203267
 30
0.0
 41
10.0
 42
10.0
 43
10.0
  0
ATTRIB
  5
2C9F6
330
2C9F5
100
AcDbEntity
  8
0
100
AcDbText
 10
26144.31587339774
 20
16661.23653203267
 30
0.0
 40
35.0
  1

 41
0.7
  7
$TD_AUDIT_GENERATED_(2C7)
 72
     1
 11
26144.31587339774
 21
16678.73653203267
 31
0.0
100
AcDbAttribute
  2
1
 70
     0
 74
     2
  0
ATTRIB
  5
2C9F7
330
2C9F5
100
AcDbEntity
  8
0
 62
   141
100
AcDbText
 10
26224.31587339774
 20
16661.23653203267
 30
0.0
 40
35.0
  1

 41
0.6
  7
$TD_AUDIT_GENERATED_(2C7)
 11
26224.31587339774
 21
16678.73653203267
 31
0.0
100
AcDbAttribute
  2
2
 70
     0
 74
     2
  0
ATTRIB
  5
2C9F8
330
2C9F5
100
AcDbEntity
  8
0
 62
   141
100
AcDbText
 10
26624.31587339774
 20
16661.23653203267
 30
0.0
 40
35.0
  1

 41
0.7
  7
$TD_AUDIT_GENERATED_(2C8)
 11
26624.31587339774
 21
16678.73653203267
 31
0.0
100
AcDbAttribute
  2
3
 70
     0
 74
     2
  0
ATTRIB
  5
2C9F9
330
2C9F5
100
AcDbEntity
  8
0
100
AcDbText
 10
27044.31587339774
 20
16661.23653203267
 30
0.0
 40
35.0
  1

 41
0.7
  7
$TD_AUDIT_GENERATED_(2C7)
 72
     1
 11
27044.31587339774
 21
16678.73653203267
 31
0.0
100
AcDbAttribute
  2
4
 70
     0
 74
     2
  0
ATTRIB
  5
2C9FA
330
2C9F5
100
AcDbEntity
  8
0
 62
   141
100
AcDbText
 10
27124.31587339774
 20
16661.23653203267
 30
0.0
 40
35.0
  1

 41
0.7
  7
$TD_AUDIT_GENERATED_(2C7)
 11
27124.31587339774
 21
16678.73653203267
 31
0.0
100
AcDbAttribute
  2
5
 70
     0
 74
     2
  0
ATTRIB
  5
2C9FB
330
2C9F5
100
AcDbEntity
  8
0
100
AcDbText
 10
27444.31587339774
 20
16661.23653203267
 30
0.0
 40
35.0
  1

 41
0.7
  7
$TD_AUDIT_GENERATED_(2C7)
 72
     1
 11
27444.31587339774
 21
16678.73653203267
 31
0.0
100
AcDbAttribute
  2
6
 70
     0
 74
     2
  0
ATTRIB
  5
2C9FC
330
2C9F5
100
AcDbEntity
  8
0
100
AcDbText
 10
27544.31587339774
 20
16661.23653203267
 30
0.0
 40
35.0
  1

 41
0.7
  7
$TD_AUDIT_GENERATED_(2C7)
 72
     1
 11
27544.31587339774
 21
16678.73653203267
 31
0.0
100
AcDbAttribute
  2
7
 70
     0
 74
     2
  0
ATTRIB
  5
2C9FD
330
2C9F5
100
AcDbEntity
  8
0
100
AcDbText
 10
27744.31587339774
 20
16661.23653203267
 30
0.0
 40
35.0
  1

 41
0.7
  7
$TD_AUDIT_GENERATED_(2C8)
 72
     1
 11
27744.31587339774
 21
16678.73653203267
 31
0.0
100
AcDbAttribute
  2
8
 70
     0
 74
     2
  0
SEQEND
  5
2C9FE
330
2C9F5
100
AcDbEntity
  8
$TD_AUDIT_GENERATED_(2C5)
  0
INSERT
  5
2C9FF
330
1F
100
AcDbEntity
  8
$TD_AUDIT_GENERATED_(2C5)
100
AcDbBlockReference
 66
     1
  2
$TD_AUDIT_GENERATED_(8CD2)
 10
26094.31587339774
 20
16713.73653547804
 30
0.0
 41
10.0
 42
10.0
 43
10.0
  0
ATTRIB
  5
2CA00
330
2C9FF
100
AcDbEntity
  8
0
100
AcDbText
 10
26144.31587339774
 20
16731.23653547804
 30
0.0
 40
35.0
  1

 41
0.7
  7
$TD_AUDIT_GENERATED_(2C7)
 72
     1
 11
26144.31587339774
 21
16748.73653547804
 31
0.0
100
AcDbAttribute
  2
1
 70
     0
 74
     2
  0
ATTRIB
  5
2CA01
330
2C9FF
100
AcDbEntity
  8
0
 62
   141
100
AcDbText
 10
26224.31587339774
 20
16731.23653547804
 30
0.0
 40
35.0
  1

 41
0.6
  7
$TD_AUDIT_GENERATED_(2C7)
 11
26224.31587339774
 21
16748.73653547804
 31
0.0
100
AcDbAttribute
  2
2
 70
     0
 74
     2
  0
ATTRIB
  5
2CA02
330
2C9FF
100
AcDbEntity
  8
0
 62
   141
100
AcDbText
 10
26624.31587339774
 20
16731.23653547804
 30
0.0
 40
35.0
  1

 41
0.7
  7
$TD_AUDIT_GENERATED_(2C8)
 11
26624.31587339774
 21
16748.73653547804
 31
0.0
100
AcDbAttribute
  2
3
 70
     0
 74
     2
  0
ATTRIB
  5
2CA03
330
2C9FF
100
AcDbEntity
  8
0
100
AcDbText
 10
27044.31587339774
 20
16731.23653547804
 30
0.0
 40
35.0
  1

 41
0.7
  7
$TD_AUDIT_GENERATED_(2C7)
 72
     1
 11
27044.31587339774
 21
16748.73653547804
 31
0.0
100
AcDbAttribute
  2
4
 70
     0
 74
     2
  0
ATTRIB
  5
2CA04
330
2C9FF
100
AcDbEntity
  8
0
 62
   141
100
AcDbText
 10
27124.31587339774
 20
16731.23653547804
 30
0.0
 40
35.0
  1

 41
0.7
  7
$TD_AUDIT_GENERATED_(2C7)
 11
27124.31587339774
 21
16748.73653547804
 31
0.0
100
AcDbAttribute
  2
5
 70
     0
 74
     2
  0
ATTRIB
  5
2CA05
330
2C9FF
100
AcDbEntity
  8
0
100
AcDbText
 10
27444.31587339774
 20
16731.23653547804
 30
0.0
 40
35.0
  1

 41
0.7
  7
$TD_AUDIT_GENERATED_(2C7)
 72
     1
 11
27444.31587339774
 21
16748.73653547804
 31
0.0
100
AcDbAttribute
  2
6
 70
     0
 74
     2
  0
ATTRIB
  5
2CA06
330
2C9FF
100
AcDbEntity
  8
0
100
AcDbText
 10
27544.31587339774
 20
16731.23653547804
 30
0.0
 40
35.0
  1

 41
0.7
  7
$TD_AUDIT_GENERATED_(2C7)
 72
     1
 11
27544.31587339774
 21
16748.73653547804
 31
0.0
100
AcDbAttribute
  2
7
 70
     0
 74
     2
  0
ATTRIB
  5
2CA07
330
2C9FF
100
AcDbEntity
  8
0
100
AcDbText
 10
27744.31587339774
 20
16731.23653547804
 30
0.0
 40
35.0
  1

 41
0.7
  7
$TD_AUDIT_GENERATED_(2C8)
 72
     1
 11
27744.31587339774
 21
16748.73653547804
 31
0.0
100
AcDbAttribute
  2
8
 70
     0
 74
     2
  0
SEQEND
  5
2CA08
330
2C9FF
100
AcDbEntity
  8
$TD_AUDIT_GENERATED_(2C5)
  0
INSERT
  5
2CA09
330
1F
100
AcDbEntity
  8
$TD_AUDIT_GENERATED_(2C5)
100
AcDbBlockReference
 66
     1
  2
$TD_AUDIT_GENERATED_(8CD2)
 10
26094.31592580669
 20
16783.7365389234
 30
0.0
 41
10.0
 42
10.0
 43
10.0
  0
ATTRIB
  5
2CA0A
330
2CA09
100
AcDbEntity
  8
0
100
AcDbText
 10
26144.31592580669
 20
16801.2365389234
 30
0.0
 40
35.0
  1

 41
0.7
  7
$TD_AUDIT_GENERATED_(2C7)
 72
     1
 11
26144.31592580669
 21
16818.7365389234
 31
0.0
100
AcDbAttribute
  2
1
 70
     0
 74
     2
  0
ATTRIB
  5
2CA0B
330
2CA09
100
AcDbEntity
  8
0
 62
   141
100
AcDbText
 10
26224.31592580669
 20
16801.2365389234
 30
0.0
 40
35.0
  1

 41
0.6
  7
$TD_AUDIT_GENERATED_(2C7)
 11
26224.31592580669
 21
16818.7365389234
 31
0.0
100
AcDbAttribute
  2
2
 70
     0
 74
     2
  0
ATTRIB
  5
2CA0C
330
2CA09
100
AcDbEntity
  8
0
 62
   141
100
AcDbText
 10
26624.31592580669
 20
16801.2365389234
 30
0.0
 40
35.0
  1

 41
0.7
  7
$TD_AUDIT_GENERATED_(2C8)
 11
26624.31592580669
 21
16818.7365389234
 31
0.0
100
AcDbAttribute
  2
3
 70
     0
 74
     2
  0
ATTRIB
  5
2CA0D
330
2CA09
100
AcDbEntity
  8
0
100
AcDbText
 10
27044.31592580669
 20
16801.2365389234
 30
0.0
 40
35.0
  1

 41
0.7
  7
$TD_AUDIT_GENERATED_(2C7)
 72
     1
 11
27044.31592580669
 21
16818.7365389234
 31
0.0
100
AcDbAttribute
  2
4
 70
     0
 74
     2
  0
ATTRIB
  5
2CA0E
330
2CA09
100
AcDbEntity
  8
0
 62
   141
100
AcDbText
 10
27124.31592580669
 20
16801.2365389234
 30
0.0
 40
35.0
  1

 41
0.7
  7
$TD_AUDIT_GENERATED_(2C7)
 11
27124.31592580669
 21
16818.7365389234
 31
0.0
100
AcDbAttribute
  2
5
 70
     0
 74
     2
  0
ATTRIB
  5
2CA0F
330
2CA09
100
AcDbEntity
  8
0
100
AcDbText
 10
27444.31592580669
 20
16801.2365389234
 30
0.0
 40
35.0
  1

 41
0.7
  7
$TD_AUDIT_GENERATED_(2C7)
 72
     1
 11
27444.31592580669
 21
16818.7365389234
 31
0.0
100
AcDbAttribute
  2
6
 70
     0
 74
     2
  0
ATTRIB
  5
2CA10
330
2CA09
100
AcDbEntity
  8
0
100
AcDbText
 10
27544.31592580669
 20
16801.2365389234
 30
0.0
 40
35.0
  1

 41
0.7
  7
$TD_AUDIT_GENERATED_(2C7)
 72
     1
 11
27544.31592580669
 21
16818.7365389234
 31
0.0
100
AcDbAttribute
  2
7
 70
     0
 74
     2
  0
ATTRIB
  5
2CA11
330
2CA09
100
AcDbEntity
  8
0
100
AcDbText
 10
27744.31592580669
 20
16801.2365389234
 30
0.0
 40
35.0
  1

 41
0.7
  7
$TD_AUDIT_GENERATED_(2C8)
 72
     1
 11
27744.31592580669
 21
16818.7365389234
 31
0.0
100
AcDbAttribute
  2
8
 70
     0
 74
     2
  0
SEQEND
  5
2CA12
330
2CA09
100
AcDbEntity
  8
$TD_AUDIT_GENERATED_(2C5)
  0
INSERT
  5
2CA13
330
1F
100
AcDbEntity
  8
$TD_AUDIT_GENERATED_(2C5)
100
AcDbBlockReference
 66
     1
  2
$TD_AUDIT_GENERATED_(8CD2)
 10
26094.31589027007
 20
16853.73654236877
 30
0.0
 41
10.0
 42
10.0
 43
10.0
  0
ATTRIB
  5
2CA14
330
2CA13
100
AcDbEntity
  8
0
100
AcDbText
 10
26144.31589027007
 20
16871.23654236877
 30
0.0
 40
35.0
  1

 41
0.7
  7
$TD_AUDIT_GENERATED_(2C7)
 72
     1
 11
26144.31589027007
 21
16888.73654236877
 31
0.0
100
AcDbAttribute
  2
1
 70
     0
 74
     2
  0
ATTRIB
  5
2CA15
330
2CA13
100
AcDbEntity
  8
0
 62
   141
100
AcDbText
 10
26224.31589027007
 20
16871.23654236877
 30
0.0
 40
35.0
  1

 41
0.6
  7
$TD_AUDIT_GENERATED_(2C7)
 11
26224.31589027007
 21
16888.73654236877
 31
0.0
100
AcDbAttribute
  2
2
 70
     0
 74
     2
  0
ATTRIB
  5
2CA16
330
2CA13
100
AcDbEntity
  8
0
 62
   141
100
AcDbText
 10
26624.31589027007
 20
16871.23654236877
 30
0.0
 40
35.0
  1

 41
0.7
  7
$TD_AUDIT_GENERATED_(2C8)
 11
26624.31589027007
 21
16888.73654236877
 31
0.0
100
AcDbAttribute
  2
3
 70
     0
 74
     2
  0
ATTRIB
  5
2CA17
330
2CA13
100
AcDbEntity
  8
0
100
AcDbText
 10
27044.31589027007
 20
16871.23654236877
 30
0.0
 40
35.0
  1

 41
0.7
  7
$TD_AUDIT_GENERATED_(2C7)
 72
     1
 11
27044.31589027007
 21
16888.73654236877
 31
0.0
100
AcDbAttribute
  2
4
 70
     0
 74
     2
  0
ATTRIB
  5
2CA18
330
2CA13
100
AcDbEntity
  8
0
 62
   141
100
AcDbText
 10
27124.31589027007
 20
16871.23654236877
 30
0.0
 40
35.0
  1

 41
0.7
  7
$TD_AUDIT_GENERATED_(2C7)
 11
27124.31589027007
 21
16888.73654236877
 31
0.0
100
AcDbAttribute
  2
5
 70
     0
 74
     2
  0
ATTRIB
  5
2CA19
330
2CA13
100
AcDbEntity
  8
0
100
AcDbText
 10
27444.31589027007
 20
16871.23654236877
 30
0.0
 40
35.0
  1

 41
0.7
  7
$TD_AUDIT_GENERATED_(2C7)
 72
     1
 11
27444.31589027007
 21
16888.73654236877
 31
0.0
100
AcDbAttribute
  2
6
 70
     0
 74
     2
  0
ATTRIB
  5
2CA1A
330
2CA13
100
AcDbEntity
  8
0
100
AcDbText
 10
27544.31589027007
 20
16871.23654236877
 30
0.0
 40
35.0
  1

 41
0.7
  7
$TD_AUDIT_GENERATED_(2C7)
 72
     1
 11
27544.31589027007
 21
16888.73654236877
 31
0.0
100
AcDbAttribute
  2
7
 70
     0
 74
     2
  0
ATTRIB
  5
2CA1B
330
2CA13
100
AcDbEntity
  8
0
100
AcDbText
 10
27744.31589027007
 20
16871.23654236877
 30
0.0
 40
35.0
  1

 41
0.7
  7
$TD_AUDIT_GENERATED_(2C8)
 72
     1
 11
27744.31589027007
 21
16888.73654236877
 31
0.0
100
AcDbAttribute
  2
8
 70
     0
 74
     2
  0
SEQEND
  5
2CA1C
330
2CA13
100
AcDbEntity
  8
$TD_AUDIT_GENERATED_(2C5)
  0
INSERT
  5
2CA1D
330
1F
100
AcDbEntity
  8
$TD_AUDIT_GENERATED_(2C5)
100
AcDbBlockReference
 66
     1
  2
$TD_AUDIT_GENERATED_(8CD2)
 10
26094.31589027007
 20
16923.73654581414
 30
0.0
 41
10.0
 42
10.0
 43
10.0
  0
ATTRIB
  5
2CA1E
330
2CA1D
100
AcDbEntity
  8
0
100
AcDbText
 10
26144.31589027007
 20
16941.23654581414
 30
0.0
 40
35.0
  1

 41
0.7
  7
$TD_AUDIT_GENERATED_(2C7)
 72
     1
 11
26144.31589027007
 21
16958.73654581414
 31
0.0
100
AcDbAttribute
  2
1
 70
     0
 74
     2
  0
ATTRIB
  5
2CA1F
330
2CA1D
100
AcDbEntity
  8
0
 62
   141
100
AcDbText
 10
26224.31589027007
 20
16941.23654581414
 30
0.0
 40
35.0
  1

 41
0.6
  7
$TD_AUDIT_GENERATED_(2C7)
 11
26224.31589027007
 21
16958.73654581414
 31
0.0
100
AcDbAttribute
  2
2
 70
     0
 74
     2
  0
ATTRIB
  5
2CA20
330
2CA1D
100
AcDbEntity
  8
0
 62
   141
100
AcDbText
 10
26624.31589027007
 20
16941.23654581414
 30
0.0
 40
35.0
  1

 41
0.7
  7
$TD_AUDIT_GENERATED_(2C8)
 11
26624.31589027007
 21
16958.73654581414
 31
0.0
100
AcDbAttribute
  2
3
 70
     0
 74
     2
  0
ATTRIB
  5
2CA21
330
2CA1D
100
AcDbEntity
  8
0
100
AcDbText
 10
27044.31589027007
 20
16941.23654581414
 30
0.0
 40
35.0
  1

 41
0.7
  7
$TD_AUDIT_GENERATED_(2C7)
 72
     1
 11
27044.31589027007
 21
16958.73654581414
 31
0.0
100
AcDbAttribute
  2
4
 70
     0
 74
     2
  0
ATTRIB
  5
2CA22
330
2CA1D
100
AcDbEntity
  8
0
 62
   141
100
AcDbText
 10
27124.31589027007
 20
16941.23654581414
 30
0.0
 40
35.0
  1

 41
0.7
  7
$TD_AUDIT_GENERATED_(2C7)
 11
27124.31589027007
 21
16958.73654581414
 31
0.0
100
AcDbAttribute
  2
5
 70
     0
 74
     2
  0
ATTRIB
  5
2CA23
330
2CA1D
100
AcDbEntity
  8
0
100
AcDbText
 10
27444.31589027007
 20
16941.23654581414
 30
0.0
 40
35.0
  1

 41
0.7
  7
$TD_AUDIT_GENERATED_(2C7)
 72
     1
 11
27444.31589027007
 21
16958.73654581414
 31
0.0
100
AcDbAttribute
  2
6
 70
     0
 74
     2
  0
ATTRIB
  5
2CA24
330
2CA1D
100
AcDbEntity
  8
0
100
AcDbText
 10
27544.31589027007
 20
16941.23654581414
 30
0.0
 40
35.0
  1

 41
0.7
  7
$TD_AUDIT_GENERATED_(2C7)
 72
     1
 11
27544.31589027007
 21
16958.73654581414
 31
0.0
100
AcDbAttribute
  2
7
 70
     0
 74
     2
  0
ATTRIB
  5
2CA25
330
2CA1D
100
AcDbEntity
  8
0
100
AcDbText
 10
27744.31589027007
 20
16941.23654581414
 30
0.0
 40
35.0
  1

 41
0.7
  7
$TD_AUDIT_GENERATED_(2C8)
 72
     1
 11
27744.31589027007
 21
16958.73654581414
 31
0.0
100
AcDbAttribute
  2
8
 70
     0
 74
     2
  0
SEQEND
  5
2CA26
330
2CA1D
100
AcDbEntity
  8
$TD_AUDIT_GENERATED_(2C5)
  0
INSERT
  5
2CA27
330
1F
100
AcDbEntity
  8
$TD_AUDIT_GENERATED_(2C5)
100
AcDbBlockReference
 66
     1
  2
$TD_AUDIT_GENERATED_(8CD2)
 10
26094.31589027007
 20
16993.73654925949
 30
0.0
 41
10.0
 42
10.0
 43
10.0
  0
ATTRIB
  5
2CA28
330
2CA27
100
AcDbEntity
  8
0
100
AcDbText
 10
26144.31589027007
 20
17011.23654925949
 30
0.0
 40
35.0
  1

 41
0.7
  7
$TD_AUDIT_GENERATED_(2C7)
 72
     1
 11
26144.31589027007
 21
17028.73654925949
 31
0.0
100
AcDbAttribute
  2
1
 70
     0
 74
     2
  0
ATTRIB
  5
2CA29
330
2CA27
100
AcDbEntity
  8
0
 62
   141
100
AcDbText
 10
26224.31589027007
 20
17011.23654925949
 30
0.0
 40
35.0
  1

 41
0.6
  7
$TD_AUDIT_GENERATED_(2C7)
 11
26224.31589027007
 21
17028.73654925949
 31
0.0
100
AcDbAttribute
  2
2
 70
     0
 74
     2
  0
ATTRIB
  5
2CA2A
330
2CA27
100
AcDbEntity
  8
0
 62
   141
100
AcDbText
 10
26624.31589027007
 20
17011.23654925949
 30
0.0
 40
35.0
  1

 41
0.7
  7
$TD_AUDIT_GENERATED_(2C8)
 11
26624.31589027007
 21
17028.73654925949
 31
0.0
100
AcDbAttribute
  2
3
 70
     0
 74
     2
  0
ATTRIB
  5
2CA2B
330
2CA27
100
AcDbEntity
  8
0
100
AcDbText
 10
27044.31589027007
 20
17011.23654925949
 30
0.0
 40
35.0
  1

 41
0.7
  7
$TD_AUDIT_GENERATED_(2C7)
 72
     1
 11
27044.31589027007
 21
17028.73654925949
 31
0.0
100
AcDbAttribute
  2
4
 70
     0
 74
     2
  0
ATTRIB
  5
2CA2C
330
2CA27
100
AcDbEntity
  8
0
 62
   141
100
AcDbText
 10
27124.31589027007
 20
17011.23654925949
 30
0.0
 40
35.0
  1

 41
0.7
  7
$TD_AUDIT_GENERATED_(2C7)
 11
27124.31589027007
 21
17028.73654925949
 31
0.0
100
AcDbAttribute
  2
5
 70
     0
 74
     2
  0
ATTRIB
  5
2CA2D
330
2CA27
100
AcDbEntity
  8
0
100
AcDbText
 10
27444.31589027007
 20
17011.23654925949
 30
0.0
 40
35.0
  1

 41
0.7
  7
$TD_AUDIT_GENERATED_(2C7)
 72
     1
 11
27444.31589027007
 21
17028.73654925949
 31
0.0
100
AcDbAttribute
  2
6
 70
     0
 74
     2
  0
ATTRIB
  5
2CA2E
330
2CA27
100
AcDbEntity
  8
0
100
AcDbText
 10
27544.31589027007
 20
17011.23654925949
 30
0.0
 40
35.0
  1

 41
0.7
  7
$TD_AUDIT_GENERATED_(2C7)
 72
     1
 11
27544.31589027007
 21
17028.73654925949
 31
0.0
100
AcDbAttribute
  2
7
 70
     0
 74
     2
  0
ATTRIB
  5
2CA2F
330
2CA27
100
AcDbEntity
  8
0
100
AcDbText
 10
27744.31589027007
 20
17011.23654925949
 30
0.0
 40
35.0
  1

 41
0.7
  7
$TD_AUDIT_GENERATED_(2C8)
 72
     1
 11
27744.31589027007
 21
17028.73654925949
 31
0.0
100
AcDbAttribute
  2
8
 70
     0
 74
     2
  0
SEQEND
  5
2CA30
330
2CA27
100
AcDbEntity
  8
$TD_AUDIT_GENERATED_(2C5)
  0
INSERT
  5
2CA31
330
1F
100
AcDbEntity
  8
$TD_AUDIT_GENERATED_(2C5)
100
AcDbBlockReference
 66
     1
  2
$TD_AUDIT_GENERATED_(8CD2)
 10
26094.31594267903
 20
17063.73655270486
 30
0.0
 41
10.0
 42
10.0
 43
10.0
  0
ATTRIB
  5
2CA32
330
2CA31
100
AcDbEntity
  8
0
100
AcDbText
 10
26144.31594267903
 20
17081.23655270486
 30
0.0
 40
35.0
  1

 41
0.7
  7
$TD_AUDIT_GENERATED_(2C7)
 72
     1
 11
26144.31594267903
 21
17098.73655270486
 31
0.0
100
AcDbAttribute
  2
1
 70
     0
 74
     2
  0
ATTRIB
  5
2CA33
330
2CA31
100
AcDbEntity
  8
0
 62
   141
100
AcDbText
 10
26224.31594267903
 20
17081.23655270486
 30
0.0
 40
35.0
  1

 41
0.6
  7
$TD_AUDIT_GENERATED_(2C7)
 11
26224.31594267903
 21
17098.73655270486
 31
0.0
100
AcDbAttribute
  2
2
 70
     0
 74
     2
  0
ATTRIB
  5
2CA34
330
2CA31
100
AcDbEntity
  8
0
 62
   141
100
AcDbText
 10
26624.31594267903
 20
17081.23655270486
 30
0.0
 40
35.0
  1

 41
0.7
  7
$TD_AUDIT_GENERATED_(2C8)
 11
26624.31594267903
 21
17098.73655270486
 31
0.0
100
AcDbAttribute
  2
3
 70
     0
 74
     2
  0
ATTRIB
  5
2CA35
330
2CA31
100
AcDbEntity
  8
0
100
AcDbText
 10
27044.31594267903
 20
17081.23655270486
 30
0.0
 40
35.0
  1

 41
0.7
  7
$TD_AUDIT_GENERATED_(2C7)
 72
     1
 11
27044.31594267903
 21
17098.73655270486
 31
0.0
100
AcDbAttribute
  2
4
 70
     0
 74
     2
  0
ATTRIB
  5
2CA36
330
2CA31
100
AcDbEntity
  8
0
 62
   141
100
AcDbText
 10
27124.31594267903
 20
17081.23655270486
 30
0.0
 40
35.0
  1

 41
0.7
  7
$TD_AUDIT_GENERATED_(2C7)
 11
27124.31594267903
 21
17098.73655270486
 31
0.0
100
AcDbAttribute
  2
5
 70
     0
 74
     2
  0
ATTRIB
  5
2CA37
330
2CA31
100
AcDbEntity
  8
0
100
AcDbText
 10
27444.31594267903
 20
17081.23655270486
 30
0.0
 40
35.0
  1

 41
0.7
  7
$TD_AUDIT_GENERATED_(2C7)
 72
     1
 11
27444.31594267903
 21
17098.73655270486
 31
0.0
100
AcDbAttribute
  2
6
 70
     0
 74
     2
  0
ATTRIB
  5
2CA38
330
2CA31
100
AcDbEntity
  8
0
100
AcDbText
 10
27544.31594267903
 20
17081.23655270486
 30
0.0
 40
35.0
  1

 41
0.7
  7
$TD_AUDIT_GENERATED_(2C7)
 72
     1
 11
27544.31594267903
 21
17098.73655270486
 31
0.0
100
AcDbAttribute
  2
7
 70
     0
 74
     2
  0
ATTRIB
  5
2CA39
330
2CA31
100
AcDbEntity
  8
0
100
AcDbText
 10
27744.31594267903
 20
17081.23655270486
 30
0.0
 40
35.0
  1

 41
0.7
  7
$TD_AUDIT_GENERATED_(2C8)
 72
     1
 11
27744.31594267903
 21
17098.73655270486
 31
0.0
100
AcDbAttribute
  2
8
 70
     0
 74
     2
  0
SEQEND
  5
2CA3A
330
2CA31
100
AcDbEntity
  8
$TD_AUDIT_GENERATED_(2C5)
  0
INSERT
  5
2CA3B
330
1F
100
AcDbEntity
  8
$TD_AUDIT_GENERATED_(2C5)
100
AcDbBlockReference
 66
     1
  2
$TD_AUDIT_GENERATED_(8CD2)
 10
26094.31590714243
 20
17133.73655615023
 30
0.0
 41
10.0
 42
10.0
 43
10.0
  0
ATTRIB
  5
2CA3C
330
2CA3B
100
AcDbEntity
  8
0
100
AcDbText
 10
26144.31590714243
 20
17151.23655615023
 30
0.0
 40
35.0
  1

 41
0.7
  7
$TD_AUDIT_GENERATED_(2C7)
 72
     1
 11
26144.31590714243
 21
17168.73655615023
 31
0.0
100
AcDbAttribute
  2
1
 70
     0
 74
     2
  0
ATTRIB
  5
2CA3D
330
2CA3B
100
AcDbEntity
  8
0
 62
   141
100
AcDbText
 10
26224.31590714243
 20
17151.23655615023
 30
0.0
 40
35.0
  1

 41
0.6
  7
$TD_AUDIT_GENERATED_(2C7)
 11
26224.31590714243
 21
17168.73655615023
 31
0.0
100
AcDbAttribute
  2
2
 70
     0
 74
     2
  0
ATTRIB
  5
2CA3E
330
2CA3B
100
AcDbEntity
  8
0
 62
   141
100
AcDbText
 10
26624.31590714243
 20
17151.23655615023
 30
0.0
 40
35.0
  1

 41
0.7
  7
$TD_AUDIT_GENERATED_(2C8)
 11
26624.31590714243
 21
17168.73655615023
 31
0.0
100
AcDbAttribute
  2
3
 70
     0
 74
     2
  0
ATTRIB
  5
2CA3F
330
2CA3B
100
AcDbEntity
  8
0
100
AcDbText
 10
27044.31590714243
 20
17151.23655615023
 30
0.0
 40
35.0
  1

 41
0.7
  7
$TD_AUDIT_GENERATED_(2C7)
 72
     1
 11
27044.31590714243
 21
17168.73655615023
 31
0.0
100
AcDbAttribute
  2
4
 70
     0
 74
     2
  0
ATTRIB
  5
2CA40
330
2CA3B
100
AcDbEntity
  8
0
 62
   141
100
AcDbText
 10
27124.31590714243
 20
17151.23655615023
 30
0.0
 40
35.0
  1

 41
0.7
  7
$TD_AUDIT_GENERATED_(2C7)
 11
27124.31590714243
 21
17168.73655615023
 31
0.0
100
AcDbAttribute
  2
5
 70
     0
 74
     2
  0
ATTRIB
  5
2CA41
330
2CA3B
100
AcDbEntity
  8
0
100
AcDbText
 10
27444.31590714243
 20
17151.23655615023
 30
0.0
 40
35.0
  1

 41
0.7
  7
$TD_AUDIT_GENERATED_(2C7)
 72
     1
 11
27444.31590714243
 21
17168.73655615023
 31
0.0
100
AcDbAttribute
  2
6
 70
     0
 74
     2
  0
ATTRIB
  5
2CA42
330
2CA3B
100
AcDbEntity
  8
0
100
AcDbText
 10
27544.31590714243
 20
17151.23655615023
 30
0.0
 40
35.0
  1

 41
0.7
  7
$TD_AUDIT_GENERATED_(2C7)
 72
     1
 11
27544.31590714243
 21
17168.73655615023
 31
0.0
100
AcDbAttribute
  2
7
 70
     0
 74
     2
  0
ATTRIB
  5
2CA43
330
2CA3B
100
AcDbEntity
  8
0
100
AcDbText
 10
27744.31590714243
 20
17151.23655615023
 30
0.0
 40
35.0
  1

 41
0.7
  7
$TD_AUDIT_GENERATED_(2C8)
 72
     1
 11
27744.31590714243
 21
17168.73655615023
 31
0.0
100
AcDbAttribute
  2
8
 70
     0
 74
     2
  0
SEQEND
  5
2CA44
330
2CA3B
100
AcDbEntity
  8
$TD_AUDIT_GENERATED_(2C5)
  0
INSERT
  5
2CA45
330
1F
100
AcDbEntity
  8
$TD_AUDIT_GENERATED_(2C5)
100
AcDbBlockReference
 66
     1
  2
$TD_AUDIT_GENERATED_(8CD2)
 10
26094.31590714243
 20
17203.7365595956
 30
0.0
 41
10.0
 42
10.0
 43
10.0
  0
ATTRIB
  5
2CA46
330
2CA45
100
AcDbEntity
  8
0
100
AcDbText
 10
26144.31590714243
 20
17221.2365595956
 30
0.0
 40
35.0
  1

 41
0.7
  7
$TD_AUDIT_GENERATED_(2C7)
 72
     1
 11
26144.31590714243
 21
17238.7365595956
 31
0.0
100
AcDbAttribute
  2
1
 70
     0
 74
     2
  0
ATTRIB
  5
2CA47
330
2CA45
100
AcDbEntity
  8
0
 62
   141
100
AcDbText
 10
26224.31590714243
 20
17221.2365595956
 30
0.0
 40
35.0
  1

 41
0.6
  7
$TD_AUDIT_GENERATED_(2C7)
 11
26224.31590714243
 21
17238.7365595956
 31
0.0
100
AcDbAttribute
  2
2
 70
     0
 74
     2
  0
ATTRIB
  5
2CA48
330
2CA45
100
AcDbEntity
  8
0
 62
   141
100
AcDbText
 10
26624.31590714243
 20
17221.2365595956
 30
0.0
 40
35.0
  1

 41
0.7
  7
$TD_AUDIT_GENERATED_(2C8)
 11
26624.31590714243
 21
17238.7365595956
 31
0.0
100
AcDbAttribute
  2
3
 70
     0
 74
     2
  0
ATTRIB
  5
2CA49
330
2CA45
100
AcDbEntity
  8
0
100
AcDbText
 10
27044.31590714243
 20
17221.2365595956
 30
0.0
 40
35.0
  1

 41
0.7
  7
$TD_AUDIT_GENERATED_(2C7)
 72
     1
 11
27044.31590714243
 21
17238.7365595956
 31
0.0
100
AcDbAttribute
  2
4
 70
     0
 74
     2
  0
ATTRIB
  5
2CA4A
330
2CA45
100
AcDbEntity
  8
0
 62
   141
100
AcDbText
 10
27124.31590714243
 20
17221.2365595956
 30
0.0
 40
35.0
  1

 41
0.7
  7
$TD_AUDIT_GENERATED_(2C7)
 11
27124.31590714243
 21
17238.7365595956
 31
0.0
100
AcDbAttribute
  2
5
 70
     0
 74
     2
  0
ATTRIB
  5
2CA4B
330
2CA45
100
AcDbEntity
  8
0
100
AcDbText
 10
27444.31590714243
 20
17221.2365595956
 30
0.0
 40
35.0
  1

 41
0.7
  7
$TD_AUDIT_GENERATED_(2C7)
 72
     1
 11
27444.31590714243
 21
17238.7365595956
 31
0.0
100
AcDbAttribute
  2
6
 70
     0
 74
     2
  0
ATTRIB
  5
2CA4C
330
2CA45
100
AcDbEntity
  8
0
100
AcDbText
 10
27544.31590714243
 20
17221.2365595956
 30
0.0
 40
35.0
  1

 41
0.7
  7
$TD_AUDIT_GENERATED_(2C7)
 72
     1
 11
27544.31590714243
 21
17238.7365595956
 31
0.0
100
AcDbAttribute
  2
7
 70
     0
 74
     2
  0
ATTRIB
  5
2CA4D
330
2CA45
100
AcDbEntity
  8
0
100
AcDbText
 10
27744.31590714243
 20
17221.2365595956
 30
0.0
 40
35.0
  1

 41
0.7
  7
$TD_AUDIT_GENERATED_(2C8)
 72
     1
 11
27744.31590714243
 21
17238.7365595956
 31
0.0
100
AcDbAttribute
  2
8
 70
     0
 74
     2
  0
SEQEND
  5
2CA4E
330
2CA45
100
AcDbEntity
  8
$TD_AUDIT_GENERATED_(2C5)
  0
INSERT
  5
2CA4F
330
1F
100
AcDbEntity
  8
$TD_AUDIT_GENERATED_(2C5)
100
AcDbBlockReference
 66
     1
  2
$TD_AUDIT_GENERATED_(8CD2)
 10
26094.31590714243
 20
17273.73656304097
 30
0.0
 41
10.0
 42
10.0
 43
10.0
  0
ATTRIB
  5
2CA50
330
2CA4F
100
AcDbEntity
  8
0
100
AcDbText
 10
26144.31590714243
 20
17291.23656304097
 30
0.0
 40
35.0
  1

 41
0.7
  7
$TD_AUDIT_GENERATED_(2C7)
 72
     1
 11
26144.31590714243
 21
17308.73656304097
 31
0.0
100
AcDbAttribute
  2
1
 70
     0
 74
     2
  0
ATTRIB
  5
2CA51
330
2CA4F
100
AcDbEntity
  8
0
 62
   141
100
AcDbText
 10
26224.31590714243
 20
17291.23656304097
 30
0.0
 40
35.0
  1

 41
0.6
  7
$TD_AUDIT_GENERATED_(2C7)
 11
26224.31590714243
 21
17308.73656304097
 31
0.0
100
AcDbAttribute
  2
2
 70
     0
 74
     2
  0
ATTRIB
  5
2CA52
330
2CA4F
100
AcDbEntity
  8
0
 62
   141
100
AcDbText
 10
26624.31590714243
 20
17291.23656304097
 30
0.0
 40
35.0
  1

 41
0.7
  7
$TD_AUDIT_GENERATED_(2C8)
 11
26624.31590714243
 21
17308.73656304097
 31
0.0
100
AcDbAttribute
  2
3
 70
     0
 74
     2
  0
ATTRIB
  5
2CA53
330
2CA4F
100
AcDbEntity
  8
0
100
AcDbText
 10
27044.31590714243
 20
17291.23656304097
 30
0.0
 40
35.0
  1

 41
0.7
  7
$TD_AUDIT_GENERATED_(2C7)
 72
     1
 11
27044.31590714243
 21
17308.73656304097
 31
0.0
100
AcDbAttribute
  2
4
 70
     0
 74
     2
  0
ATTRIB
  5
2CA54
330
2CA4F
100
AcDbEntity
  8
0
 62
   141
100
AcDbText
 10
27124.31590714243
 20
17291.23656304097
 30
0.0
 40
35.0
  1

 41
0.7
  7
$TD_AUDIT_GENERATED_(2C7)
 11
27124.31590714243
 21
17308.73656304097
 31
0.0
100
AcDbAttribute
  2
5
 70
     0
 74
     2
  0
ATTRIB
  5
2CA55
330
2CA4F
100
AcDbEntity
  8
0
100
AcDbText
 10
27444.31590714243
 20
17291.23656304097
 30
0.0
 40
35.0
  1

 41
0.7
  7
$TD_AUDIT_GENERATED_(2C7)
 72
     1
 11
27444.31590714243
 21
17308.73656304097
 31
0.0
100
AcDbAttribute
  2
6
 70
     0
 74
     2
  0
ATTRIB
  5
2CA56
330
2CA4F
100
AcDbEntity
  8
0
100
AcDbText
 10
27544.31590714243
 20
17291.23656304097
 30
0.0
 40
35.0
  1

 41
0.7
  7
$TD_AUDIT_GENERATED_(2C7)
 72
     1
 11
27544.31590714243
 21
17308.73656304097
 31
0.0
100
AcDbAttribute
  2
7
 70
     0
 74
     2
  0
ATTRIB
  5
2CA57
330
2CA4F
100
AcDbEntity
  8
0
100
AcDbText
 10
27744.31590714243
 20
17291.23656304097
 30
0.0
 40
35.0
  1

 41
0.7
  7
$TD_AUDIT_GENERATED_(2C8)
 72
     1
 11
27744.31590714243
 21
17308.73656304097
 31
0.0
100
AcDbAttribute
  2
8
 70
     0
 74
     2
  0
SEQEND
  5
2CA58
330
2CA4F
100
AcDbEntity
  8
$TD_AUDIT_GENERATED_(2C5)
  0
INSERT
  5
2CA59
330
1F
100
AcDbEntity
  8
$TD_AUDIT_GENERATED_(2C5)
100
AcDbBlockReference
 66
     1
  2
$TD_AUDIT_GENERATED_(8CD2)
 10
26094.31594267903
 20
17343.73656648633
 30
0.0
 41
10.0
 42
10.0
 43
10.0
  0
ATTRIB
  5
2CA5A
330
2CA59
100
AcDbEntity
  8
0
100
AcDbText
 10
26144.31594267903
 20
17361.23656648633
 30
0.0
 40
35.0
  1

 41
0.7
  7
$TD_AUDIT_GENERATED_(2C7)
 72
     1
 11
26144.31594267903
 21
17378.73656648633
 31
0.0
100
AcDbAttribute
  2
1
 70
     0
 74
     2
  0
ATTRIB
  5
2CA5B
330
2CA59
100
AcDbEntity
  8
0
 62
   141
100
AcDbText
 10
26224.31594267903
 20
17361.23656648633
 30
0.0
 40
35.0
  1

 41
0.6
  7
$TD_AUDIT_GENERATED_(2C7)
 11
26224.31594267903
 21
17378.73656648633
 31
0.0
100
AcDbAttribute
  2
2
 70
     0
 74
     2
  0
ATTRIB
  5
2CA5C
330
2CA59
100
AcDbEntity
  8
0
 62
   141
100
AcDbText
 10
26624.31594267903
 20
17361.23656648633
 30
0.0
 40
35.0
  1

 41
0.7
  7
$TD_AUDIT_GENERATED_(2C8)
 11
26624.31594267903
 21
17378.73656648633
 31
0.0
100
AcDbAttribute
  2
3
 70
     0
 74
     2
  0
ATTRIB
  5
2CA5D
330
2CA59
100
AcDbEntity
  8
0
100
AcDbText
 10
27044.31594267903
 20
17361.23656648633
 30
0.0
 40
35.0
  1

 41
0.7
  7
$TD_AUDIT_GENERATED_(2C7)
 72
     1
 11
27044.31594267903
 21
17378.73656648633
 31
0.0
100
AcDbAttribute
  2
4
 70
     0
 74
     2
  0
ATTRIB
  5
2CA5E
330
2CA59
100
AcDbEntity
  8
0
 62
   141
100
AcDbText
 10
27124.31594267903
 20
17361.23656648633
 30
0.0
 40
35.0
  1

 41
0.7
  7
$TD_AUDIT_GENERATED_(2C7)
 11
27124.31594267903
 21
17378.73656648633
 31
0.0
100
AcDbAttribute
  2
5
 70
     0
 74
     2
  0
ATTRIB
  5
2CA5F
330
2CA59
100
AcDbEntity
  8
0
100
AcDbText
 10
27444.31594267903
 20
17361.23656648633
 30
0.0
 40
35.0
  1

 41
0.7
  7
$TD_AUDIT_GENERATED_(2C7)
 72
     1
 11
27444.31594267903
 21
17378.73656648633
 31
0.0
100
AcDbAttribute
  2
6
 70
     0
 74
     2
  0
ATTRIB
  5
2CA60
330
2CA59
100
AcDbEntity
  8
0
100
AcDbText
 10
27544.31594267903
 20
17361.23656648633
 30
0.0
 40
35.0
  1

 41
0.7
  7
$TD_AUDIT_GENERATED_(2C7)
 72
     1
 11
27544.31594267903
 21
17378.73656648633
 31
0.0
100
AcDbAttribute
  2
7
 70
     0
 74
     2
  0
ATTRIB
  5
2CA61
330
2CA59
100
AcDbEntity
  8
0
100
AcDbText
 10
27744.31594267903
 20
17361.23656648633
 30
0.0
 40
35.0
  1

 41
0.7
  7
$TD_AUDIT_GENERATED_(2C8)
 72
     1
 11
27744.31594267903
 21
17378.73656648633
 31
0.0
100
AcDbAttribute
  2
8
 70
     0
 74
     2
  0
SEQEND
  5
2CA62
330
2CA59
100
AcDbEntity
  8
$TD_AUDIT_GENERATED_(2C5)
  0
INSERT
  5
2CA63
330
1F
100
AcDbEntity
  8
$TD_AUDIT_GENERATED_(2C5)
100
AcDbBlockReference
 66
     1
  2
$TD_AUDIT_GENERATED_(8CD2)
 10
26094.31590714243
 20
17413.7365699317
 30
0.0
 41
10.0
 42
10.0
 43
10.0
  0
ATTRIB
  5
2CA64
330
2CA63
100
AcDbEntity
  8
0
100
AcDbText
 10
26144.31590714243
 20
17431.2365699317
 30
0.0
 40
35.0
  1

 41
0.7
  7
$TD_AUDIT_GENERATED_(2C7)
 72
     1
 11
26144.31590714243
 21
17448.7365699317
 31
0.0
100
AcDbAttribute
  2
1
 70
     0
 74
     2
  0
ATTRIB
  5
2CA65
330
2CA63
100
AcDbEntity
  8
0
 62
   141
100
AcDbText
 10
26224.31590714243
 20
17431.2365699317
 30
0.0
 40
35.0
  1

 41
0.6
  7
$TD_AUDIT_GENERATED_(2C7)
 11
26224.31590714243
 21
17448.7365699317
 31
0.0
100
AcDbAttribute
  2
2
 70
     0
 74
     2
  0
ATTRIB
  5
2CA66
330
2CA63
100
AcDbEntity
  8
0
 62
   141
100
AcDbText
 10
26624.31590714243
 20
17431.2365699317
 30
0.0
 40
35.0
  1

 41
0.7
  7
$TD_AUDIT_GENERATED_(2C8)
 11
26624.31590714243
 21
17448.7365699317
 31
0.0
100
AcDbAttribute
  2
3
 70
     0
 74
     2
  0
ATTRIB
  5
2CA67
330
2CA63
100
AcDbEntity
  8
0
100
AcDbText
 10
27044.31590714243
 20
17431.2365699317
 30
0.0
 40
35.0
  1

 41
0.7
  7
$TD_AUDIT_GENERATED_(2C7)
 72
     1
 11
27044.31590714243
 21
17448.7365699317
 31
0.0
100
AcDbAttribute
  2
4
 70
     0
 74
     2
  0
ATTRIB
  5
2CA68
330
2CA63
100
AcDbEntity
  8
0
 62
   141
100
AcDbText
 10
27124.31590714243
 20
17431.2365699317
 30
0.0
 40
35.0
  1

 41
0.7
  7
$TD_AUDIT_GENERATED_(2C7)
 11
27124.31590714243
 21
17448.7365699317
 31
0.0
100
AcDbAttribute
  2
5
 70
     0
 74
     2
  0
ATTRIB
  5
2CA69
330
2CA63
100
AcDbEntity
  8
0
100
AcDbText
 10
27444.31590714243
 20
17431.2365699317
 30
0.0
 40
35.0
  1

 41
0.7
  7
$TD_AUDIT_GENERATED_(2C7)
 72
     1
 11
27444.31590714243
 21
17448.7365699317
 31
0.0
100
AcDbAttribute
  2
6
 70
     0
 74
     2
  0
ATTRIB
  5
2CA6A
330
2CA63
100
AcDbEntity
  8
0
100
AcDbText
 10
27544.31590714243
 20
17431.2365699317
 30
0.0
 40
35.0
  1

 41
0.7
  7
$TD_AUDIT_GENERATED_(2C7)
 72
     1
 11
27544.31590714243
 21
17448.7365699317
 31
0.0
100
AcDbAttribute
  2
7
 70
     0
 74
     2
  0
ATTRIB
  5
2CA6B
330
2CA63
100
AcDbEntity
  8
0
100
AcDbText
 10
27744.31590714243
 20
17431.2365699317
 30
0.0
 40
35.0
  1

 41
0.7
  7
$TD_AUDIT_GENERATED_(2C8)
 72
     1
 11
27744.31590714243
 21
17448.7365699317
 31
0.0
100
AcDbAttribute
  2
8
 70
     0
 74
     2
  0
SEQEND
  5
2CA6C
330
2CA63
100
AcDbEntity
  8
$TD_AUDIT_GENERATED_(2C5)
  0
INSERT
  5
2CA6D
330
1F
100
AcDbEntity
  8
$TD_AUDIT_GENERATED_(2C5)
100
AcDbBlockReference
 66
     1
  2
$TD_AUDIT_GENERATED_(8CD2)
 10
26094.31590714243
 20
17483.73657337707
 30
0.0
 41
10.0
 42
10.0
 43
10.0
  0
ATTRIB
  5
2CA6E
330
2CA6D
100
AcDbEntity
  8
0
100
AcDbText
 10
26144.31590714243
 20
17501.23657337707
 30
0.0
 40
35.0
  1

 41
0.7
  7
$TD_AUDIT_GENERATED_(2C7)
 72
     1
 11
26144.31590714243
 21
17518.73657337707
 31
0.0
100
AcDbAttribute
  2
1
 70
     0
 74
     2
  0
ATTRIB
  5
2CA6F
330
2CA6D
100
AcDbEntity
  8
0
 62
   141
100
AcDbText
 10
26224.31590714243
 20
17501.23657337707
 30
0.0
 40
35.0
  1

 41
0.6
  7
$TD_AUDIT_GENERATED_(2C7)
 11
26224.31590714243
 21
17518.73657337707
 31
0.0
100
AcDbAttribute
  2
2
 70
     0
 74
     2
  0
ATTRIB
  5
2CA70
330
2CA6D
100
AcDbEntity
  8
0
 62
   141
100
AcDbText
 10
26624.31590714243
 20
17501.23657337707
 30
0.0
 40
35.0
  1

 41
0.7
  7
$TD_AUDIT_GENERATED_(2C8)
 11
26624.31590714243
 21
17518.73657337707
 31
0.0
100
AcDbAttribute
  2
3
 70
     0
 74
     2
  0
ATTRIB
  5
2CA71
330
2CA6D
100
AcDbEntity
  8
0
100
AcDbText
 10
27044.31590714243
 20
17501.23657337707
 30
0.0
 40
35.0
  1

 41
0.7
  7
$TD_AUDIT_GENERATED_(2C7)
 72
     1
 11
27044.31590714243
 21
17518.73657337707
 31
0.0
100
AcDbAttribute
  2
4
 70
     0
 74
     2
  0
ATTRIB
  5
2CA72
330
2CA6D
100
AcDbEntity
  8
0
 62
   141
100
AcDbText
 10
27124.31590714243
 20
17501.23657337707
 30
0.0
 40
35.0
  1

 41
0.7
  7
$TD_AUDIT_GENERATED_(2C7)
 11
27124.31590714243
 21
17518.73657337707
 31
0.0
100
AcDbAttribute
  2
5
 70
     0
 74
     2
  0
ATTRIB
  5
2CA73
330
2CA6D
100
AcDbEntity
  8
0
100
AcDbText
 10
27444.31590714243
 20
17501.23657337707
 30
0.0
 40
35.0
  1

 41
0.7
  7
$TD_AUDIT_GENERATED_(2C7)
 72
     1
 11
27444.31590714243
 21
17518.73657337707
 31
0.0
100
AcDbAttribute
  2
6
 70
     0
 74
     2
  0
ATTRIB
  5
2CA74
330
2CA6D
100
AcDbEntity
  8
0
100
AcDbText
 10
27544.31590714243
 20
17501.23657337707
 30
0.0
 40
35.0
  1

 41
0.7
  7
$TD_AUDIT_GENERATED_(2C7)
 72
     1
 11
27544.31590714243
 21
17518.73657337707
 31
0.0
100
AcDbAttribute
  2
7
 70
     0
 74
     2
  0
ATTRIB
  5
2CA75
330
2CA6D
100
AcDbEntity
  8
0
100
AcDbText
 10
27744.31590714243
 20
17501.23657337707
 30
0.0
 40
35.0
  1

 41
0.7
  7
$TD_AUDIT_GENERATED_(2C8)
 72
     1
 11
27744.31590714243
 21
17518.73657337707
 31
0.0
100
AcDbAttribute
  2
8
 70
     0
 74
     2
  0
SEQEND
  5
2CA76
330
2CA6D
100
AcDbEntity
  8
$TD_AUDIT_GENERATED_(2C5)
  0
INSERT
  5
2CA77
330
1F
100
AcDbEntity
  8
$TD_AUDIT_GENERATED_(2C5)
100
AcDbBlockReference
 66
     1
  2
$TD_AUDIT_GENERATED_(8CD2)
 10
26094.31590714243
 20
17553.73657682242
 30
0.0
 41
10.0
 42
10.0
 43
10.0
  0
ATTRIB
  5
2CA78
330
2CA77
100
AcDbEntity
  8
0
100
AcDbText
 10
26144.31590714243
 20
17571.23657682242
 30
0.0
 40
35.0
  1

 41
0.7
  7
$TD_AUDIT_GENERATED_(2C7)
 72
     1
 11
26144.31590714243
 21
17588.73657682242
 31
0.0
100
AcDbAttribute
  2
1
 70
     0
 74
     2
  0
ATTRIB
  5
2CA79
330
2CA77
100
AcDbEntity
  8
0
 62
   141
100
AcDbText
 10
26224.31590714243
 20
17571.23657682242
 30
0.0
 40
35.0
  1

 41
0.6
  7
$TD_AUDIT_GENERATED_(2C7)
 11
26224.31590714243
 21
17588.73657682242
 31
0.0
100
AcDbAttribute
  2
2
 70
     0
 74
     2
  0
ATTRIB
  5
2CA7A
330
2CA77
100
AcDbEntity
  8
0
 62
   141
100
AcDbText
 10
26624.31590714243
 20
17571.23657682242
 30
0.0
 40
35.0
  1

 41
0.7
  7
$TD_AUDIT_GENERATED_(2C8)
 11
26624.31590714243
 21
17588.73657682242
 31
0.0
100
AcDbAttribute
  2
3
 70
     0
 74
     2
  0
ATTRIB
  5
2CA7B
330
2CA77
100
AcDbEntity
  8
0
100
AcDbText
 10
27044.31590714243
 20
17571.23657682242
 30
0.0
 40
35.0
  1

 41
0.7
  7
$TD_AUDIT_GENERATED_(2C7)
 72
     1
 11
27044.31590714243
 21
17588.73657682242
 31
0.0
100
AcDbAttribute
  2
4
 70
     0
 74
     2
  0
ATTRIB
  5
2CA7C
330
2CA77
100
AcDbEntity
  8
0
 62
   141
100
AcDbText
 10
27124.31590714243
 20
17571.23657682242
 30
0.0
 40
35.0
  1

 41
0.7
  7
$TD_AUDIT_GENERATED_(2C7)
 11
27124.31590714243
 21
17588.73657682242
 31
0.0
100
AcDbAttribute
  2
5
 70
     0
 74
     2
  0
ATTRIB
  5
2CA7D
330
2CA77
100
AcDbEntity
  8
0
100
AcDbText
 10
27444.31590714243
 20
17571.23657682242
 30
0.0
 40
35.0
  1

 41
0.7
  7
$TD_AUDIT_GENERATED_(2C7)
 72
     1
 11
27444.31590714243
 21
17588.73657682242
 31
0.0
100
AcDbAttribute
  2
6
 70
     0
 74
     2
  0
ATTRIB
  5
2CA7E
330
2CA77
100
AcDbEntity
  8
0
100
AcDbText
 10
27544.31590714243
 20
17571.23657682242
 30
0.0
 40
35.0
  1

 41
0.7
  7
$TD_AUDIT_GENERATED_(2C7)
 72
     1
 11
27544.31590714243
 21
17588.73657682242
 31
0.0
100
AcDbAttribute
  2
7
 70
     0
 74
     2
  0
ATTRIB
  5
2CA7F
330
2CA77
100
AcDbEntity
  8
0
100
AcDbText
 10
27744.31590714243
 20
17571.23657682242
 30
0.0
 40
35.0
  1

 41
0.7
  7
$TD_AUDIT_GENERATED_(2C8)
 72
     1
 11
27744.31590714243
 21
17588.73657682242
 31
0.0
100
AcDbAttribute
  2
8
 70
     0
 74
     2
  0
SEQEND
  5
2CA80
330
2CA77
100
AcDbEntity
  8
$TD_AUDIT_GENERATED_(2C5)
  0
INSERT
  5
2CA81
330
1F
100
AcDbEntity
  8
$TD_AUDIT_GENERATED_(2C5)
100
AcDbBlockReference
 66
     1
  2
$TD_AUDIT_GENERATED_(8CD2)
 10
26094.31595955139
 20
17623.73658026779
 30
0.0
 41
10.0
 42
10.0
 43
10.0
  0
ATTRIB
  5
2CA82
330
2CA81
100
AcDbEntity
  8
0
100
AcDbText
 10
26144.31595955139
 20
17641.23658026779
 30
0.0
 40
35.0
  1

 41
0.7
  7
$TD_AUDIT_GENERATED_(2C7)
 72
     1
 11
26144.31595955139
 21
17658.73658026779
 31
0.0
100
AcDbAttribute
  2
1
 70
     0
 74
     2
  0
ATTRIB
  5
2CA83
330
2CA81
100
AcDbEntity
  8
0
 62
   141
100
AcDbText
 10
26224.31595955139
 20
17641.23658026779
 30
0.0
 40
35.0
  1

 41
0.6
  7
$TD_AUDIT_GENERATED_(2C7)
 11
26224.31595955139
 21
17658.73658026779
 31
0.0
100
AcDbAttribute
  2
2
 70
     0
 74
     2
  0
ATTRIB
  5
2CA84
330
2CA81
100
AcDbEntity
  8
0
 62
   141
100
AcDbText
 10
26624.31595955139
 20
17641.23658026779
 30
0.0
 40
35.0
  1

 41
0.7
  7
$TD_AUDIT_GENERATED_(2C8)
 11
26624.31595955139
 21
17658.73658026779
 31
0.0
100
AcDbAttribute
  2
3
 70
     0
 74
     2
  0
ATTRIB
  5
2CA85
330
2CA81
100
AcDbEntity
  8
0
100
AcDbText
 10
27044.31595955139
 20
17641.23658026779
 30
0.0
 40
35.0
  1

 41
0.7
  7
$TD_AUDIT_GENERATED_(2C7)
 72
     1
 11
27044.31595955139
 21
17658.73658026779
 31
0.0
100
AcDbAttribute
  2
4
 70
     0
 74
     2
  0
ATTRIB
  5
2CA86
330
2CA81
100
AcDbEntity
  8
0
 62
   141
100
AcDbText
 10
27124.31595955139
 20
17641.23658026779
 30
0.0
 40
35.0
  1

 41
0.7
  7
$TD_AUDIT_GENERATED_(2C7)
 11
27124.31595955139
 21
17658.73658026779
 31
0.0
100
AcDbAttribute
  2
5
 70
     0
 74
     2
  0
ATTRIB
  5
2CA87
330
2CA81
100
AcDbEntity
  8
0
100
AcDbText
 10
27444.31595955139
 20
17641.23658026779
 30
0.0
 40
35.0
  1

 41
0.7
  7
$TD_AUDIT_GENERATED_(2C7)
 72
     1
 11
27444.31595955139
 21
17658.73658026779
 31
0.0
100
AcDbAttribute
  2
6
 70
     0
 74
     2
  0
ATTRIB
  5
2CA88
330
2CA81
100
AcDbEntity
  8
0
100
AcDbText
 10
27544.31595955139
 20
17641.23658026779
 30
0.0
 40
35.0
  1

 41
0.7
  7
$TD_AUDIT_GENERATED_(2C7)
 72
     1
 11
27544.31595955139
 21
17658.73658026779
 31
0.0
100
AcDbAttribute
  2
7
 70
     0
 74
     2
  0
ATTRIB
  5
2CA89
330
2CA81
100
AcDbEntity
  8
0
100
AcDbText
 10
27744.31595955139
 20
17641.23658026779
 30
0.0
 40
35.0
  1

 41
0.7
  7
$TD_AUDIT_GENERATED_(2C8)
 72
     1
 11
27744.31595955139
 21
17658.73658026779
 31
0.0
100
AcDbAttribute
  2
8
 70
     0
 74
     2
  0
SEQEND
  5
2CA8A
330
2CA81
100
AcDbEntity
  8
$TD_AUDIT_GENERATED_(2C5)
  0
INSERT
  5
2CA8B
330
1F
100
AcDbEntity
  8
$TD_AUDIT_GENERATED_(2C5)
100
AcDbBlockReference
 66
     1
  2
$TD_AUDIT_GENERATED_(8CD2)
 10
26094.31592401477
 20
17693.73658371316
 30
0.0
 41
10.0
 42
10.0
 43
10.0
  0
ATTRIB
  5
2CA8C
330
2CA8B
100
AcDbEntity
  8
0
100
AcDbText
 10
26144.31592401477
 20
17711.23658371316
 30
0.0
 40
35.0
  1

 41
0.7
  7
$TD_AUDIT_GENERATED_(2C7)
 72
     1
 11
26144.31592401477
 21
17728.73658371316
 31
0.0
100
AcDbAttribute
  2
1
 70
     0
 74
     2
  0
ATTRIB
  5
2CA8D
330
2CA8B
100
AcDbEntity
  8
0
 62
   141
100
AcDbText
 10
26224.31592401477
 20
17711.23658371316
 30
0.0
 40
35.0
  1

 41
0.6
  7
$TD_AUDIT_GENERATED_(2C7)
 11
26224.31592401477
 21
17728.73658371316
 31
0.0
100
AcDbAttribute
  2
2
 70
     0
 74
     2
  0
ATTRIB
  5
2CA8E
330
2CA8B
100
AcDbEntity
  8
0
 62
   141
100
AcDbText
 10
26624.31592401477
 20
17711.23658371316
 30
0.0
 40
35.0
  1

 41
0.7
  7
$TD_AUDIT_GENERATED_(2C8)
 11
26624.31592401477
 21
17728.73658371316
 31
0.0
100
AcDbAttribute
  2
3
 70
     0
 74
     2
  0
ATTRIB
  5
2CA8F
330
2CA8B
100
AcDbEntity
  8
0
100
AcDbText
 10
27044.31592401477
 20
17711.23658371316
 30
0.0
 40
35.0
  1

 41
0.7
  7
$TD_AUDIT_GENERATED_(2C7)
 72
     1
 11
27044.31592401477
 21
17728.73658371316
 31
0.0
100
AcDbAttribute
  2
4
 70
     0
 74
     2
  0
ATTRIB
  5
2CA90
330
2CA8B
100
AcDbEntity
  8
0
 62
   141
100
AcDbText
 10
27124.31592401477
 20
17711.23658371316
 30
0.0
 40
35.0
  1

 41
0.7
  7
$TD_AUDIT_GENERATED_(2C7)
 11
27124.31592401477
 21
17728.73658371316
 31
0.0
100
AcDbAttribute
  2
5
 70
     0
 74
     2
  0
ATTRIB
  5
2CA91
330
2CA8B
100
AcDbEntity
  8
0
100
AcDbText
 10
27444.31592401477
 20
17711.23658371316
 30
0.0
 40
35.0
  1

 41
0.7
  7
$TD_AUDIT_GENERATED_(2C7)
 72
     1
 11
27444.31592401477
 21
17728.73658371316
 31
0.0
100
AcDbAttribute
  2
6
 70
     0
 74
     2
  0
ATTRIB
  5
2CA92
330
2CA8B
100
AcDbEntity
  8
0
100
AcDbText
 10
27544.31592401477
 20
17711.23658371316
 30
0.0
 40
35.0
  1

 41
0.7
  7
$TD_AUDIT_GENERATED_(2C7)
 72
     1
 11
27544.31592401477
 21
17728.73658371316
 31
0.0
100
AcDbAttribute
  2
7
 70
     0
 74
     2
  0
ATTRIB
  5
2CA93
330
2CA8B
100
AcDbEntity
  8
0
100
AcDbText
 10
27744.31592401477
 20
17711.23658371316
 30
0.0
 40
35.0
  1

 41
0.7
  7
$TD_AUDIT_GENERATED_(2C8)
 72
     1
 11
27744.31592401477
 21
17728.73658371316
 31
0.0
100
AcDbAttribute
  2
8
 70
     0
 74
     2
  0
SEQEND
  5
2CA94
330
2CA8B
100
AcDbEntity
  8
$TD_AUDIT_GENERATED_(2C5)
  0
INSERT
  5
2CA95
330
1F
100
AcDbEntity
  8
$TD_AUDIT_GENERATED_(2C5)
100
AcDbBlockReference
 66
     1
  2
$TD_AUDIT_GENERATED_(8CD2)
 10
26094.31592401477
 20
17763.73658715853
 30
0.0
 41
10.0
 42
10.0
 43
10.0
  0
ATTRIB
  5
2CA96
330
2CA95
100
AcDbEntity
  8
0
100
AcDbText
 10
26144.31592401477
 20
17781.23658715853
 30
0.0
 40
35.0
  1

 41
0.7
  7
$TD_AUDIT_GENERATED_(2C7)
 72
     1
 11
26144.31592401477
 21
17798.73658715853
 31
0.0
100
AcDbAttribute
  2
1
 70
     0
 74
     2
  0
ATTRIB
  5
2CA97
330
2CA95
100
AcDbEntity
  8
0
 62
   141
100
AcDbText
 10
26224.31592401477
 20
17781.23658715853
 30
0.0
 40
35.0
  1

 41
0.6
  7
$TD_AUDIT_GENERATED_(2C7)
 11
26224.31592401477
 21
17798.73658715853
 31
0.0
100
AcDbAttribute
  2
2
 70
     0
 74
     2
  0
ATTRIB
  5
2CA98
330
2CA95
100
AcDbEntity
  8
0
 62
   141
100
AcDbText
 10
26624.31592401477
 20
17781.23658715853
 30
0.0
 40
35.0
  1

 41
0.7
  7
$TD_AUDIT_GENERATED_(2C8)
 11
26624.31592401477
 21
17798.73658715853
 31
0.0
100
AcDbAttribute
  2
3
 70
     0
 74
     2
  0
ATTRIB
  5
2CA99
330
2CA95
100
AcDbEntity
  8
0
100
AcDbText
 10
27044.31592401477
 20
17781.23658715853
 30
0.0
 40
35.0
  1

 41
0.7
  7
$TD_AUDIT_GENERATED_(2C7)
 72
     1
 11
27044.31592401477
 21
17798.73658715853
 31
0.0
100
AcDbAttribute
  2
4
 70
     0
 74
     2
  0
ATTRIB
  5
2CA9A
330
2CA95
100
AcDbEntity
  8
0
 62
   141
100
AcDbText
 10
27124.31592401477
 20
17781.23658715853
 30
0.0
 40
35.0
  1

 41
0.7
  7
$TD_AUDIT_GENERATED_(2C7)
 11
27124.31592401477
 21
17798.73658715853
 31
0.0
100
AcDbAttribute
  2
5
 70
     0
 74
     2
  0
ATTRIB
  5
2CA9B
330
2CA95
100
AcDbEntity
  8
0
100
AcDbText
 10
27444.31592401477
 20
17781.23658715853
 30
0.0
 40
35.0
  1

 41
0.7
  7
$TD_AUDIT_GENERATED_(2C7)
 72
     1
 11
27444.31592401477
 21
17798.73658715853
 31
0.0
100
AcDbAttribute
  2
6
 70
     0
 74
     2
  0
ATTRIB
  5
2CA9C
330
2CA95
100
AcDbEntity
  8
0
100
AcDbText
 10
27544.31592401477
 20
17781.23658715853
 30
0.0
 40
35.0
  1

 41
0.7
  7
$TD_AUDIT_GENERATED_(2C7)
 72
     1
 11
27544.31592401477
 21
17798.73658715853
 31
0.0
100
AcDbAttribute
  2
7
 70
     0
 74
     2
  0
ATTRIB
  5
2CA9D
330
2CA95
100
AcDbEntity
  8
0
100
AcDbText
 10
27744.31592401477
 20
17781.23658715853
 30
0.0
 40
35.0
  1

 41
0.7
  7
$TD_AUDIT_GENERATED_(2C8)
 72
     1
 11
27744.31592401477
 21
17798.73658715853
 31
0.0
100
AcDbAttribute
  2
8
 70
     0
 74
     2
  0
SEQEND
  5
2CA9E
330
2CA95
100
AcDbEntity
  8
$TD_AUDIT_GENERATED_(2C5)
  0
INSERT
  5
2CA9F
330
1F
100
AcDbEntity
  8
$TD_AUDIT_GENERATED_(2C5)
100
AcDbBlockReference
 66
     1
  2
$TD_AUDIT_GENERATED_(8CD2)
 10
26094.31592401477
 20
17833.7365906039
 30
0.0
 41
10.0
 42
10.0
 43
10.0
  0
ATTRIB
  5
2CAA0
330
2CA9F
100
AcDbEntity
  8
0
100
AcDbText
 10
26144.31592401477
 20
17851.2365906039
 30
0.0
 40
35.0
  1

 41
0.7
  7
$TD_AUDIT_GENERATED_(2C7)
 72
     1
 11
26144.31592401477
 21
17868.7365906039
 31
0.0
100
AcDbAttribute
  2
1
 70
     0
 74
     2
  0
ATTRIB
  5
2CAA1
330
2CA9F
100
AcDbEntity
  8
0
 62
   141
100
AcDbText
 10
26224.31592401477
 20
17851.2365906039
 30
0.0
 40
35.0
  1

 41
0.6
  7
$TD_AUDIT_GENERATED_(2C7)
 11
26224.31592401477
 21
17868.7365906039
 31
0.0
100
AcDbAttribute
  2
2
 70
     0
 74
     2
  0
ATTRIB
  5
2CAA2
330
2CA9F
100
AcDbEntity
  8
0
 62
   141
100
AcDbText
 10
26624.31592401477
 20
17851.2365906039
 30
0.0
 40
35.0
  1

 41
0.7
  7
$TD_AUDIT_GENERATED_(2C8)
 11
26624.31592401477
 21
17868.7365906039
 31
0.0
100
AcDbAttribute
  2
3
 70
     0
 74
     2
  0
ATTRIB
  5
2CAA3
330
2CA9F
100
AcDbEntity
  8
0
100
AcDbText
 10
27044.31592401477
 20
17851.2365906039
 30
0.0
 40
35.0
  1

 41
0.7
  7
$TD_AUDIT_GENERATED_(2C7)
 72
     1
 11
27044.31592401477
 21
17868.7365906039
 31
0.0
100
AcDbAttribute
  2
4
 70
     0
 74
     2
  0
ATTRIB
  5
2CAA4
330
2CA9F
100
AcDbEntity
  8
0
 62
   141
100
AcDbText
 10
27124.31592401477
 20
17851.2365906039
 30
0.0
 40
35.0
  1

 41
0.7
  7
$TD_AUDIT_GENERATED_(2C7)
 11
27124.31592401477
 21
17868.7365906039
 31
0.0
100
AcDbAttribute
  2
5
 70
     0
 74
     2
  0
ATTRIB
  5
2CAA5
330
2CA9F
100
AcDbEntity
  8
0
100
AcDbText
 10
27444.31592401477
 20
17851.2365906039
 30
0.0
 40
35.0
  1

 41
0.7
  7
$TD_AUDIT_GENERATED_(2C7)
 72
     1
 11
27444.31592401477
 21
17868.7365906039
 31
0.0
100
AcDbAttribute
  2
6
 70
     0
 74
     2
  0
ATTRIB
  5
2CAA6
330
2CA9F
100
AcDbEntity
  8
0
100
AcDbText
 10
27544.31592401477
 20
17851.2365906039
 30
0.0
 40
35.0
  1

 41
0.7
  7
$TD_AUDIT_GENERATED_(2C7)
 72
     1
 11
27544.31592401477
 21
17868.7365906039
 31
0.0
100
AcDbAttribute
  2
7
 70
     0
 74
     2
  0
ATTRIB
  5
2CAA7
330
2CA9F
100
AcDbEntity
  8
0
100
AcDbText
 10
27744.31592401477
 20
17851.2365906039
 30
0.0
 40
35.0
  1

 41
0.7
  7
$TD_AUDIT_GENERATED_(2C8)
 72
     1
 11
27744.31592401477
 21
17868.7365906039
 31
0.0
100
AcDbAttribute
  2
8
 70
     0
 74
     2
  0
SEQEND
  5
2CAA8
330
2CA9F
100
AcDbEntity
  8
$TD_AUDIT_GENERATED_(2C5)
  0
INSERT
  5
2CAA9
330
1F
100
AcDbEntity
  8
$TD_AUDIT_GENERATED_(2C5)
100
AcDbBlockReference
 66
     1
  2
$TD_AUDIT_GENERATED_(8CD2)
 10
26094.31597642372
 20
17973.7365940493
 30
0.0
 41
10.0
 42
10.0
 43
10.0
  0
ATTRIB
  5
2CAAA
330
2CAA9
100
AcDbEntity
  8
0
100
AcDbText
 10
26144.31597642372
 20
17991.2365940493
 30
0.0
 40
35.0
  1

 41
0.7
  7
$TD_AUDIT_GENERATED_(2C7)
 72
     1
 11
26144.31597642372
 21
18008.7365940493
 31
0.0
100
AcDbAttribute
  2
1
 70
     0
 74
     2
  0
ATTRIB
  5
2CAAB
330
2CAA9
100
AcDbEntity
  8
0
 62
   141
100
AcDbText
 10
26224.31597642372
 20
17991.2365940493
 30
0.0
 40
35.0
  1

 41
0.6
  7
$TD_AUDIT_GENERATED_(2C7)
 11
26224.31597642372
 21
18008.7365940493
 31
0.0
100
AcDbAttribute
  2
2
 70
     0
 74
     2
  0
ATTRIB
  5
2CAAC
330
2CAA9
100
AcDbEntity
  8
0
 62
   141
100
AcDbText
 10
26624.31597642372
 20
17991.2365940493
 30
0.0
 40
35.0
  1

 41
0.7
  7
$TD_AUDIT_GENERATED_(2C8)
 11
26624.31597642372
 21
18008.7365940493
 31
0.0
100
AcDbAttribute
  2
3
 70
     0
 74
     2
  0
ATTRIB
  5
2CAAD
330
2CAA9
100
AcDbEntity
  8
0
100
AcDbText
 10
27044.31597642372
 20
17991.2365940493
 30
0.0
 40
35.0
  1

 41
0.7
  7
$TD_AUDIT_GENERATED_(2C7)
 72
     1
 11
27044.31597642372
 21
18008.7365940493
 31
0.0
100
AcDbAttribute
  2
4
 70
     0
 74
     2
  0
ATTRIB
  5
2CAAE
330
2CAA9
100
AcDbEntity
  8
0
 62
   141
100
AcDbText
 10
27124.31597642372
 20
17991.2365940493
 30
0.0
 40
35.0
  1

 41
0.7
  7
$TD_AUDIT_GENERATED_(2C7)
 11
27124.31597642372
 21
18008.7365940493
 31
0.0
100
AcDbAttribute
  2
5
 70
     0
 74
     2
  0
ATTRIB
  5
2CAAF
330
2CAA9
100
AcDbEntity
  8
0
100
AcDbText
 10
27444.31597642372
 20
17991.2365940493
 30
0.0
 40
35.0
  1

 41
0.7
  7
$TD_AUDIT_GENERATED_(2C7)
 72
     1
 11
27444.31597642372
 21
18008.7365940493
 31
0.0
100
AcDbAttribute
  2
6
 70
     0
 74
     2
  0
ATTRIB
  5
2CAB0
330
2CAA9
100
AcDbEntity
  8
0
100
AcDbText
 10
27544.31597642372
 20
17991.2365940493
 30
0.0
 40
35.0
  1

 41
0.7
  7
$TD_AUDIT_GENERATED_(2C7)
 72
     1
 11
27544.31597642372
 21
18008.7365940493
 31
0.0
100
AcDbAttribute
  2
7
 70
     0
 74
     2
  0
ATTRIB
  5
2CAB1
330
2CAA9
100
AcDbEntity
  8
0
100
AcDbText
 10
27744.31597642372
 20
17991.2365940493
 30
0.0
 40
35.0
  1

 41
0.7
  7
$TD_AUDIT_GENERATED_(2C8)
 72
     1
 11
27744.31597642372
 21
18008.7365940493
 31
0.0
100
AcDbAttribute
  2
8
 70
     0
 74
     2
  0
SEQEND
  5
2CAB2
330
2CAA9
100
AcDbEntity
  8
$TD_AUDIT_GENERATED_(2C5)
  0
INSERT
  5
2CAB3
330
1F
100
AcDbEntity
  8
$TD_AUDIT_GENERATED_(2C5)
100
AcDbBlockReference
 66
     1
  2
$TD_AUDIT_GENERATED_(8CD2)
 10
23717.69682827399
 20
15943.73709831617
 30
0.0
 41
10.0
 42
10.0
 43
10.0
  0
ATTRIB
  5
2CAB4
330
2CAB3
100
AcDbEntity
  8
0
100
AcDbText
 10
23767.69682827399
 20
15961.23709831617
 30
0.0
 40
35.0
  1

 41
0.7
  7
$TD_AUDIT_GENERATED_(2C7)
 72
     1
 11
23767.69682827399
 21
15978.73709831617
 31
0.0
100
AcDbAttribute
  2
1
 70
     0
 74
     2
  0
ATTRIB
  5
2CAB5
330
2CAB3
100
AcDbEntity
  8
0
 62
   141
100
AcDbText
 10
23847.69682827399
 20
15961.23709831617
 30
0.0
 40
35.0
  1

 41
0.6
  7
$TD_AUDIT_GENERATED_(2C7)
 11
23847.69682827399
 21
15978.73709831617
 31
0.0
100
AcDbAttribute
  2
2
 70
     0
 74
     2
  0
ATTRIB
  5
2CAB6
330
2CAB3
100
AcDbEntity
  8
0
 62
   141
100
AcDbText
 10
24247.69682827399
 20
15961.23709831617
 30
0.0
 40
35.0
  1

 41
0.7
  7
$TD_AUDIT_GENERATED_(2C8)
 11
24247.69682827399
 21
15978.73709831617
 31
0.0
100
AcDbAttribute
  2
3
 70
     0
 74
     2
  0
ATTRIB
  5
2CAB7
330
2CAB3
100
AcDbEntity
  8
0
100
AcDbText
 10
24667.69682827399
 20
15961.23709831617
 30
0.0
 40
35.0
  1

 41
0.7
  7
$TD_AUDIT_GENERATED_(2C7)
 72
     1
 11
24667.69682827399
 21
15978.73709831617
 31
0.0
100
AcDbAttribute
  2
4
 70
     0
 74
     2
  0
ATTRIB
  5
2CAB8
330
2CAB3
100
AcDbEntity
  8
0
 62
   141
100
AcDbText
 10
24747.69682827399
 20
15961.23709831617
 30
0.0
 40
35.0
  1

 41
0.7
  7
$TD_AUDIT_GENERATED_(2C7)
 11
24747.69682827399
 21
15978.73709831617
 31
0.0
100
AcDbAttribute
  2
5
 70
     0
 74
     2
  0
ATTRIB
  5
2CAB9
330
2CAB3
100
AcDbEntity
  8
0
100
AcDbText
 10
25067.69682827399
 20
15961.23709831617
 30
0.0
 40
35.0
  1

 41
0.7
  7
$TD_AUDIT_GENERATED_(2C7)
 72
     1
 11
25067.69682827399
 21
15978.73709831617
 31
0.0
100
AcDbAttribute
  2
6
 70
     0
 74
     2
  0
ATTRIB
  5
2CABA
330
2CAB3
100
AcDbEntity
  8
0
100
AcDbText
 10
25167.69682827399
 20
15961.23709831617
 30
0.0
 40
35.0
  1

 41
0.7
  7
$TD_AUDIT_GENERATED_(2C7)
 72
     1
 11
25167.69682827399
 21
15978.73709831617
 31
0.0
100
AcDbAttribute
  2
7
 70
     0
 74
     2
  0
ATTRIB
  5
2CABB
330
2CAB3
100
AcDbEntity
  8
0
100
AcDbText
 10
25367.69682827399
 20
15961.23709831617
 30
0.0
 40
35.0
  1

 41
0.7
  7
$TD_AUDIT_GENERATED_(2C8)
 72
     1
 11
25367.69682827399
 21
15978.73709831617
 31
0.0
100
AcDbAttribute
  2
8
 70
     0
 74
     2
  0
SEQEND
  5
2CABC
330
2CAB3
100
AcDbEntity
  8
$TD_AUDIT_GENERATED_(2C5)
  0
INSERT
  5
2CABD
330
1F
100
AcDbEntity
  8
$TD_AUDIT_GENERATED_(2C5)
100
AcDbBlockReference
 66
     1
  2
$TD_AUDIT_GENERATED_(8CD2)
 10
23717.69682827399
 20
16013.73709831617
 30
0.0
 41
10.0
 42
10.0
 43
10.0
  0
ATTRIB
  5
2CABE
330
2CABD
100
AcDbEntity
  8
0
100
AcDbText
 10
23767.69682827399
 20
16031.23709831617
 30
0.0
 40
35.0
  1

 41
0.7
  7
$TD_AUDIT_GENERATED_(2C7)
 72
     1
 11
23767.69682827399
 21
16048.73709831617
 31
0.0
100
AcDbAttribute
  2
1
 70
     0
 74
     2
  0
ATTRIB
  5
2CABF
330
2CABD
100
AcDbEntity
  8
0
 62
   141
100
AcDbText
 10
23847.69682827399
 20
16031.23709831617
 30
0.0
 40
35.0
  1

 41
0.6
  7
$TD_AUDIT_GENERATED_(2C7)
 11
23847.69682827399
 21
16048.73709831617
 31
0.0
100
AcDbAttribute
  2
2
 70
     0
 74
     2
  0
ATTRIB
  5
2CAC0
330
2CABD
100
AcDbEntity
  8
0
 62
   141
100
AcDbText
 10
24247.69682827399
 20
16031.23709831617
 30
0.0
 40
35.0
  1

 41
0.7
  7
$TD_AUDIT_GENERATED_(2C8)
 11
24247.69682827399
 21
16048.73709831617
 31
0.0
100
AcDbAttribute
  2
3
 70
     0
 74
     2
  0
ATTRIB
  5
2CAC1
330
2CABD
100
AcDbEntity
  8
0
100
AcDbText
 10
24667.69682827399
 20
16031.23709831617
 30
0.0
 40
35.0
  1

 41
0.7
  7
$TD_AUDIT_GENERATED_(2C7)
 72
     1
 11
24667.69682827399
 21
16048.73709831617
 31
0.0
100
AcDbAttribute
  2
4
 70
     0
 74
     2
  0
ATTRIB
  5
2CAC2
330
2CABD
100
AcDbEntity
  8
0
 62
   141
100
AcDbText
 10
24747.69682827399
 20
16031.23709831617
 30
0.0
 40
35.0
  1

 41
0.7
  7
$TD_AUDIT_GENERATED_(2C7)
 11
24747.69682827399
 21
16048.73709831617
 31
0.0
100
AcDbAttribute
  2
5
 70
     0
 74
     2
  0
ATTRIB
  5
2CAC3
330
2CABD
100
AcDbEntity
  8
0
100
AcDbText
 10
25067.69682827399
 20
16031.23709831617
 30
0.0
 40
35.0
  1

 41
0.7
  7
$TD_AUDIT_GENERATED_(2C7)
 72
     1
 11
25067.69682827399
 21
16048.73709831617
 31
0.0
100
AcDbAttribute
  2
6
 70
     0
 74
     2
  0
ATTRIB
  5
2CAC4
330
2CABD
100
AcDbEntity
  8
0
100
AcDbText
 10
25167.69682827399
 20
16031.23709831617
 30
0.0
 40
35.0
  1

 41
0.7
  7
$TD_AUDIT_GENERATED_(2C7)
 72
     1
 11
25167.69682827399
 21
16048.73709831617
 31
0.0
100
AcDbAttribute
  2
7
 70
     0
 74
     2
  0
ATTRIB
  5
2CAC5
330
2CABD
100
AcDbEntity
  8
0
100
AcDbText
 10
25367.69682827399
 20
16031.23709831617
 30
0.0
 40
35.0
  1

 41
0.7
  7
$TD_AUDIT_GENERATED_(2C8)
 72
     1
 11
25367.69682827399
 21
16048.73709831617
 31
0.0
100
AcDbAttribute
  2
8
 70
     0
 74
     2
  0
SEQEND
  5
2CAC6
330
2CABD
100
AcDbEntity
  8
$TD_AUDIT_GENERATED_(2C5)
  0
INSERT
  5
2CAC7
330
1F
100
AcDbEntity
  8
$TD_AUDIT_GENERATED_(2C5)
100
AcDbBlockReference
 66
     1
  2
$TD_AUDIT_GENERATED_(8CD2)
 10
23717.69682827399
 20
16083.73710176152
 30
0.0
 41
10.0
 42
10.0
 43
10.0
  0
ATTRIB
  5
2CAC8
330
2CAC7
100
AcDbEntity
  8
0
100
AcDbText
 10
23767.69682827399
 20
16101.23710176152
 30
0.0
 40
35.0
  1

 41
0.7
  7
$TD_AUDIT_GENERATED_(2C7)
 72
     1
 11
23767.69682827399
 21
16118.73710176152
 31
0.0
100
AcDbAttribute
  2
1
 70
     0
 74
     2
  0
ATTRIB
  5
2CAC9
330
2CAC7
100
AcDbEntity
  8
0
 62
   141
100
AcDbText
 10
23847.69682827399
 20
16101.23710176152
 30
0.0
 40
35.0
  1

 41
0.6
  7
$TD_AUDIT_GENERATED_(2C7)
 11
23847.69682827399
 21
16118.73710176152
 31
0.0
100
AcDbAttribute
  2
2
 70
     0
 74
     2
  0
ATTRIB
  5
2CACA
330
2CAC7
100
AcDbEntity
  8
0
 62
   141
100
AcDbText
 10
24247.69682827399
 20
16101.23710176152
 30
0.0
 40
35.0
  1

 41
0.7
  7
$TD_AUDIT_GENERATED_(2C8)
 11
24247.69682827399
 21
16118.73710176152
 31
0.0
100
AcDbAttribute
  2
3
 70
     0
 74
     2
  0
ATTRIB
  5
2CACB
330
2CAC7
100
AcDbEntity
  8
0
100
AcDbText
 10
24667.69682827399
 20
16101.23710176152
 30
0.0
 40
35.0
  1

 41
0.7
  7
$TD_AUDIT_GENERATED_(2C7)
 72
     1
 11
24667.69682827399
 21
16118.73710176152
 31
0.0
100
AcDbAttribute
  2
4
 70
     0
 74
     2
  0
ATTRIB
  5
2CACC
330
2CAC7
100
AcDbEntity
  8
0
 62
   141
100
AcDbText
 10
24747.69682827399
 20
16101.23710176152
 30
0.0
 40
35.0
  1

 41
0.7
  7
$TD_AUDIT_GENERATED_(2C7)
 11
24747.69682827399
 21
16118.73710176152
 31
0.0
100
AcDbAttribute
  2
5
 70
     0
 74
     2
  0
ATTRIB
  5
2CACD
330
2CAC7
100
AcDbEntity
  8
0
100
AcDbText
 10
25067.69682827399
 20
16101.23710176152
 30
0.0
 40
35.0
  1

 41
0.7
  7
$TD_AUDIT_GENERATED_(2C7)
 72
     1
 11
25067.69682827399
 21
16118.73710176152
 31
0.0
100
AcDbAttribute
  2
6
 70
     0
 74
     2
  0
ATTRIB
  5
2CACE
330
2CAC7
100
AcDbEntity
  8
0
100
AcDbText
 10
25167.69682827399
 20
16101.23710176152
 30
0.0
 40
35.0
  1

 41
0.7
  7
$TD_AUDIT_GENERATED_(2C7)
 72
     1
 11
25167.69682827399
 21
16118.73710176152
 31
0.0
100
AcDbAttribute
  2
7
 70
     0
 74
     2
  0
ATTRIB
  5
2CACF
330
2CAC7
100
AcDbEntity
  8
0
100
AcDbText
 10
25367.69682827399
 20
16101.23710176152
 30
0.0
 40
35.0
  1

 41
0.7
  7
$TD_AUDIT_GENERATED_(2C8)
 72
     1
 11
25367.69682827399
 21
16118.73710176152
 31
0.0
100
AcDbAttribute
  2
8
 70
     0
 74
     2
  0
SEQEND
  5
2CAD0
330
2CAC7
100
AcDbEntity
  8
$TD_AUDIT_GENERATED_(2C5)
  0
INSERT
  5
2CAD1
330
1F
100
AcDbEntity
  8
$TD_AUDIT_GENERATED_(2C5)
100
AcDbBlockReference
 66
     1
  2
$TD_AUDIT_GENERATED_(8CD2)
 10
23717.69682827399
 20
16153.73710176152
 30
0.0
 41
10.0
 42
10.0
 43
10.0
  0
ATTRIB
  5
2CAD2
330
2CAD1
100
AcDbEntity
  8
0
100
AcDbText
 10
23767.69682827399
 20
16171.23710176152
 30
0.0
 40
35.0
  1

 41
0.7
  7
$TD_AUDIT_GENERATED_(2C7)
 72
     1
 11
23767.69682827399
 21
16188.73710176152
 31
0.0
100
AcDbAttribute
  2
1
 70
     0
 74
     2
  0
ATTRIB
  5
2CAD3
330
2CAD1
100
AcDbEntity
  8
0
 62
   141
100
AcDbText
 10
23847.69682827399
 20
16171.23710176152
 30
0.0
 40
35.0
  1

 41
0.6
  7
$TD_AUDIT_GENERATED_(2C7)
 11
23847.69682827399
 21
16188.73710176152
 31
0.0
100
AcDbAttribute
  2
2
 70
     0
 74
     2
  0
ATTRIB
  5
2CAD4
330
2CAD1
100
AcDbEntity
  8
0
 62
   141
100
AcDbText
 10
24247.69682827399
 20
16171.23710176152
 30
0.0
 40
35.0
  1

 41
0.7
  7
$TD_AUDIT_GENERATED_(2C8)
 11
24247.69682827399
 21
16188.73710176152
 31
0.0
100
AcDbAttribute
  2
3
 70
     0
 74
     2
  0
ATTRIB
  5
2CAD5
330
2CAD1
100
AcDbEntity
  8
0
100
AcDbText
 10
24667.69682827399
 20
16171.23710176152
 30
0.0
 40
35.0
  1

 41
0.7
  7
$TD_AUDIT_GENERATED_(2C7)
 72
     1
 11
24667.69682827399
 21
16188.73710176152
 31
0.0
100
AcDbAttribute
  2
4
 70
     0
 74
     2
  0
ATTRIB
  5
2CAD6
330
2CAD1
100
AcDbEntity
  8
0
 62
   141
100
AcDbText
 10
24747.69682827399
 20
16171.23710176152
 30
0.0
 40
35.0
  1

 41
0.7
  7
$TD_AUDIT_GENERATED_(2C7)
 11
24747.69682827399
 21
16188.73710176152
 31
0.0
100
AcDbAttribute
  2
5
 70
     0
 74
     2
  0
ATTRIB
  5
2CAD7
330
2CAD1
100
AcDbEntity
  8
0
100
AcDbText
 10
25067.69682827399
 20
16171.23710176152
 30
0.0
 40
35.0
  1

 41
0.7
  7
$TD_AUDIT_GENERATED_(2C7)
 72
     1
 11
25067.69682827399
 21
16188.73710176152
 31
0.0
100
AcDbAttribute
  2
6
 70
     0
 74
     2
  0
ATTRIB
  5
2CAD8
330
2CAD1
100
AcDbEntity
  8
0
100
AcDbText
 10
25167.69682827399
 20
16171.23710176152
 30
0.0
 40
35.0
  1

 41
0.7
  7
$TD_AUDIT_GENERATED_(2C7)
 72
     1
 11
25167.69682827399
 21
16188.73710176152
 31
0.0
100
AcDbAttribute
  2
7
 70
     0
 74
     2
  0
ATTRIB
  5
2CAD9
330
2CAD1
100
AcDbEntity
  8
0
100
AcDbText
 10
25367.69682827399
 20
16171.23710176152
 30
0.0
 40
35.0
  1

 41
0.7
  7
$TD_AUDIT_GENERATED_(2C8)
 72
     1
 11
25367.69682827399
 21
16188.73710176152
 31
0.0
100
AcDbAttribute
  2
8
 70
     0
 74
     2
  0
SEQEND
  5
2CADA
330
2CAD1
100
AcDbEntity
  8
$TD_AUDIT_GENERATED_(2C5)
  0
MTEXT
  5
2CADB
330
1F
100
AcDbEntity
  8
$TD_AUDIT_GENERATED_(2C6)
100
AcDbMText
 10
25935.51039874407
 20
17665.33835251453
 30
0.0
 40
45.20528426381055
 41
987.4135225868298
 71
     1
 72
     5
  1
{\H0.876x;\M+5CFEE\M+5C4BF\M+5B4FA\M+5BAC5\M+5A3BAKMMXG10}\M+5A1A1\M+5A1A1\M+5A1A1\M+5A1A1
  7
$TD_AUDIT_GENERATED_(2C8)
 11
1.000000000000000E-16
 21
1.0
 31
0.0
 73
     1
 44
1.0
  0
INSERT
  5
2CADC
330
1F
100
AcDbEntity
  8
$TD_AUDIT_GENERATED_(2C5)
100
AcDbBlockReference
 66
     1
  2
$TD_AUDIT_GENERATED_(8CD2)
 10
21192.47864093133
 20
17903.73660438535
 30
0.0
 41
10.0
 42
10.0
 43
10.0
  0
ATTRIB
  5
2CADD
330
2CADC
100
AcDbEntity
  8
0
100
AcDbText
 10
21242.47864093133
 20
17921.23660438535
 30
0.0
 40
35.0
  1

 41
0.7
  7
$TD_AUDIT_GENERATED_(2C7)
 72
     1
 11
21242.47864093133
 21
17938.73660438535
 31
0.0
100
AcDbAttribute
  2
1
 70
     0
 74
     2
  0
ATTRIB
  5
2CADE
330
2CADC
100
AcDbEntity
  8
0
 62
   141
100
AcDbText
 10
21322.47864093133
 20
17921.23660438535
 30
0.0
 40
35.0
  1

 41
0.6
  7
$TD_AUDIT_GENERATED_(2C7)
 11
21322.47864093133
 21
17938.73660438535
 31
0.0
100
AcDbAttribute
  2
2
 70
     0
 74
     2
  0
ATTRIB
  5
2CADF
330
2CADC
100
AcDbEntity
  8
0
 62
   141
100
AcDbText
 10
21722.47864093133
 20
17921.23660438535
 30
0.0
 40
35.0
  1

 41
0.7
  7
$TD_AUDIT_GENERATED_(2C8)
 11
21722.47864093133
 21
17938.73660438535
 31
0.0
100
AcDbAttribute
  2
3
 70
     0
 74
     2
  0
ATTRIB
  5
2CAE0
330
2CADC
100
AcDbEntity
  8
0
100
AcDbText
 10
22142.47864093133
 20
17921.23660438535
 30
0.0
 40
35.0
  1

 41
0.7
  7
$TD_AUDIT_GENERATED_(2C7)
 72
     1
 11
22142.47864093133
 21
17938.73660438535
 31
0.0
100
AcDbAttribute
  2
4
 70
     0
 74
     2
  0
ATTRIB
  5
2CAE1
330
2CADC
100
AcDbEntity
  8
0
 62
   141
100
AcDbText
 10
22222.47864093133
 20
17921.23660438535
 30
0.0
 40
35.0
  1

 41
0.7
  7
$TD_AUDIT_GENERATED_(2C7)
 11
22222.47864093133
 21
17938.73660438535
 31
0.0
100
AcDbAttribute
  2
5
 70
     0
 74
     2
  0
ATTRIB
  5
2CAE2
330
2CADC
100
AcDbEntity
  8
0
100
AcDbText
 10
22542.47864093133
 20
17921.23660438535
 30
0.0
 40
35.0
  1

 41
0.7
  7
$TD_AUDIT_GENERATED_(2C7)
 72
     1
 11
22542.47864093133
 21
17938.73660438535
 31
0.0
100
AcDbAttribute
  2
6
 70
     0
 74
     2
  0
ATTRIB
  5
2CAE3
330
2CADC
100
AcDbEntity
  8
0
100
AcDbText
 10
22642.47864093133
 20
17921.23660438535
 30
0.0
 40
35.0
  1

 41
0.7
  7
$TD_AUDIT_GENERATED_(2C7)
 72
     1
 11
22642.47864093133
 21
17938.73660438535
 31
0.0
100
AcDbAttribute
  2
7
 70
     0
 74
     2
  0
ATTRIB
  5
2CAE4
330
2CADC
100
AcDbEntity
  8
0
100
AcDbText
 10
22842.47864093133
 20
17921.23660438535
 30
0.0
 40
35.0
  1

 41
0.7
  7
$TD_AUDIT_GENERATED_(2C8)
 72
     1
 11
22842.47864093133
 21
17938.73660438535
 31
0.0
100
AcDbAttribute
  2
8
 70
     0
 74
     2
  0
SEQEND
  5
2CAE5
330
2CADC
100
AcDbEntity
  8
$TD_AUDIT_GENERATED_(2C5)
  0
INSERT
  5
2CAE6
330
1F
100
AcDbEntity
  8
$TD_AUDIT_GENERATED_(2C5)
100
AcDbBlockReference
 66
     1
  2
$TD_AUDIT_GENERATED_(8CD2)
 10
21192.47863241287
 20
18183.73660438535
 30
0.0
 41
-10.00000000000001
 42
10.00000000000001
 43
10.00000000000001
 50
180.0
  0
ATTRIB
  5
2CAE7
330
2CAE6
100
AcDbEntity
  8
0
100
AcDbText
 10
21236.64529907953
 20
18131.23660438539
 30
0.0
 40
35.00000000000004
  1
1
 41
0.7
  7
$TD_AUDIT_GENERATED_(2C7)
 72
     1
 11
21242.47863241287
 21
18148.73660438539
 31
0.0
100
AcDbAttribute
  2
1
 70
     8
 74
     2
  0
ATTRIB
  5
2CAE8
330
2CAE6
100
AcDbEntity
  8
0
 62
   141
100
AcDbText
 10
21322.47863241287
 20
18131.23660438539
 30
0.0
 40
35.00000000000004
  1
KMMXG10.16.1
 41
0.6
  7
$TD_AUDIT_GENERATED_(2C7)
 11
21322.47863241287
 21
18148.73660438539
 31
0.0
100
AcDbAttribute
  2
2
 70
     8
 74
     2
  0
ATTRIB
  5
2CAE9
330
2CAE6
100
AcDbEntity
  8
0
 62
   141
100
AcDbText
 10
21722.47863241287
 20
18130.06342002785
 30
0.0
 40
35.00000000000004
  1
溜丸管
 41
0.7
  7
$TD_AUDIT_GENERATED_(2C8)
 11
21722.47863241287
 21
18147.56342002785
 31
0.0
100
AcDbAttribute
  2
3
 70
     8
 74
     2
  0
ATTRIB
  5
2CAEA
330
2CAE6
100
AcDbEntity
  8
0
100
AcDbText
 10
22136.64529907953
 20
18131.23660438539
 30
0.0
 40
35.00000000000004
  1
1
 41
0.7
  7
$TD_AUDIT_GENERATED_(2C7)
 72
     1
 11
22142.47863241287
 21
18148.73660438539
 31
0.0
100
AcDbAttribute
  2
4
 70
     8
 74
     2
  0
ATTRIB
  5
2CAEB
330
2CAE6
100
AcDbEntity
  8
0
 62
   141
100
AcDbText
 10
22222.47863241287
 20
18130.06342002785
 30
0.0
 40
35.00000000000004
  1
焊接件
 41
0.7
  7
$TD_AUDIT_GENERATED_(2C8)
 11
22222.47863241287
 21
18147.56342002785
 31
0.0
100
AcDbAttribute
  2
5
 70
     8
 74
     2
  0
ATTRIB
  5
2CAEC
330
2CAE6
100
AcDbEntity
  8
0
100
AcDbText
 10
22542.47863241287
 20
18166.23660438539
 30
0.0
 40
35.00000000000004
  1

 41
0.7
  7
$TD_AUDIT_GENERATED_(2C7)
 72
     1
 11
22542.47863241287
 21
18183.73660438539
 31
0.0
100
AcDbAttribute
  2
6
 70
     8
 74
     2
  0
ATTRIB
  5
2CAED
330
2CAE6
100
AcDbEntity
  8
0
100
AcDbText
 10
22613.89529907954
 20
18131.23660438539
 30
0.0
 40
35.00000000000004
  1
2.5
 41
0.7
  7
$TD_AUDIT_GENERATED_(2C7)
 72
     1
 11
22642.47863241287
 21
18148.73660438539
 31
0.0
100
AcDbAttribute
  2
7
 70
     8
 74
     2
  0
ATTRIB
  5
2CAEE
330
2CAE6
100
AcDbEntity
  8
0
100
AcDbText
 10
22842.47863241287
 20
18166.23660438539
 30
0.0
 40
35.00000000000004
  1

 41
0.7
  7
$TD_AUDIT_GENERATED_(2C8)
 72
     1
 11
22842.47863241287
 21
18183.73660438539
 31
0.0
100
AcDbAttribute
  2
8
 70
     8
 74
     2
  0
SEQEND
  5
2CAEF
330
2CAE6
100
AcDbEntity
  8
$TD_AUDIT_GENERATED_(2C5)
  0
INSERT
  5
2CAF0
330
1F
100
AcDbEntity
  8
$TD_AUDIT_GENERATED_(2C5)
100
AcDbBlockReference
 66
     1
  2
$TD_AUDIT_GENERATED_(8CD2)
 10
21192.47863241287
 20
17693.73660438535
 30
0.0
 41
10.00000000000001
 42
10.00000000000001
 43
10.00000000000001
  0
ATTRIB
  5
2CAF1
330
2CAF0
100
AcDbEntity
  8
0
100
AcDbText
 10
21233.14529907953
 20
17711.2366043853
 30
0.0
 40
35.00000000000004
  1
3
 41
0.7
  7
$TD_AUDIT_GENERATED_(2C7)
 72
     1
 11
21242.47863241287
 21
17728.7366043853
 31
0.0
100
AcDbAttribute
  2
1
 70
     8
 74
     2
  0
ATTRIB
  5
2CAF2
330
2CAF0
100
AcDbEntity
  8
0
 62
   141
100
AcDbText
 10
21322.47863241287
 20
17711.2366043853
 30
0.0
 40
35.00000000000004
  1
KMMXG10.16-2
 41
0.6
  7
$TD_AUDIT_GENERATED_(2C7)
 11
21322.47863241287
 21
17728.7366043853
 31
0.0
100
AcDbAttribute
  2
2
 70
     8
 74
     2
  0
ATTRIB
  5
2CAF3
330
2CAF0
100
AcDbEntity
  8
0
 62
   141
100
AcDbText
 10
21722.47863241287
 20
17711.2366043853
 30
0.0
 40
35.00000000000004
  1
角钢
 41
0.7
  7
$TD_AUDIT_GENERATED_(2C8)
 11
21722.47863241287
 21
17728.7366043853
 31
0.0
100
AcDbAttribute
  2
3
 70
     8
 74
     2
  0
ATTRIB
  5
2CAF4
330
2CAF0
100
AcDbEntity
  8
0
100
AcDbText
 10
22136.64529907953
 20
17711.2366043853
 30
0.0
 40
35.00000000000004
  1
1
 41
0.7
  7
$TD_AUDIT_GENERATED_(2C7)
 72
     1
 11
22142.47863241287
 21
17728.7366043853
 31
0.0
100
AcDbAttribute
  2
4
 70
     8
 74
     2
  0
ATTRIB
  5
2CAF5
330
2CAF0
100
AcDbEntity
  8
0
 62
   141
100
AcDbText
 10
22222.47863241287
 20
17711.2366043853
 30
0.0
 40
35.00000000000004
  1
Q235-A
 41
0.7
  7
$TD_AUDIT_GENERATED_(2C7)
 11
22222.47863241287
 21
17728.7366043853
 31
0.0
100
AcDbAttribute
  2
5
 70
     8
 74
     2
  0
ATTRIB
  5
2CAF6
330
2CAF0
100
AcDbEntity
  8
0
100
AcDbText
 10
22542.47863241287
 20
17711.2366043853
 30
0.0
 40
35.00000000000004
  1

 41
0.7
  7
$TD_AUDIT_GENERATED_(2C7)
 72
     1
 11
22542.47863241287
 21
17728.7366043853
 31
0.0
100
AcDbAttribute
  2
6
 70
     8
 74
     2
  0
ATTRIB
  5
2CAF7
330
2CAF0
100
AcDbEntity
  8
0
100
AcDbText
 10
22615.0619657462
 20
17711.2366043853
 30
0.0
 40
35.00000000000004
  1
2.9
 41
0.7
  7
$TD_AUDIT_GENERATED_(2C7)
 72
     1
 11
22642.47863241287
 21
17728.7366043853
 31
0.0
100
AcDbAttribute
  2
7
 70
     8
 74
     2
  0
ATTRIB
  5
2CAF8
330
2CAF0
100
AcDbEntity
  8
0
100
AcDbText
 10
22842.47863241287
 20
17711.2366043853
 30
0.0
 40
35.00000000000004
  1

 41
0.7
  7
$TD_AUDIT_GENERATED_(2C8)
 72
     1
 11
22842.47863241287
 21
17728.7366043853
 31
0.0
100
AcDbAttribute
  2
8
 70
     8
 74
     2
  0
SEQEND
  5
2CAF9
330
2CAF0
100
AcDbEntity
  8
$TD_AUDIT_GENERATED_(2C5)
  0
INSERT
  5
2CAFA
330
1F
100
AcDbEntity
  8
$TD_AUDIT_GENERATED_(2C5)
100
AcDbBlockReference
 66
     1
  2
$TD_AUDIT_GENERATED_(8CD2)
 10
21192.47863241287
 20
17623.73660438535
 30
0.0
 41
-10.00000000000001
 42
10.00000000000001
 43
10.00000000000001
 50
180.0
  0
ATTRIB
  5
2CAFB
330
2CAFA
100
AcDbEntity
  8
0
100
AcDbText
 10
21233.72863241287
 20
17571.23660438539
 30
0.0
 40
35.00000000000004
  1
4
 41
0.7
  7
$TD_AUDIT_GENERATED_(2C7)
 72
     1
 11
21242.47863241287
 21
17588.73660438539
 31
0.0
100
AcDbAttribute
  2
1
 70
     8
 74
     2
  0
ATTRIB
  5
2CAFC
330
2CAFA
100
AcDbEntity
  8
0
 62
   141
100
AcDbText
 10
21322.47863241287
 20
17571.23660438539
 30
0.0
 40
35.00000000000004
  1
KMMXG10.16.2
 41
0.6
  7
$TD_AUDIT_GENERATED_(2C7)
 11
21322.47863241287
 21
17588.73660438539
 31
0.0
100
AcDbAttribute
  2
2
 70
     8
 74
     2
  0
ATTRIB
  5
2CAFD
330
2CAFA
100
AcDbEntity
  8
0
 62
   141
100
AcDbText
 10
21722.47863241287
 20
17570.45448148036
 30
0.0
 40
35.00000000000004
  1
防护网
 41
0.7
  7
$TD_AUDIT_GENERATED_(2C8)
 11
21722.47863241287
 21
17587.95448148036
 31
0.0
100
AcDbAttribute
  2
3
 70
     8
 74
     2
  0
ATTRIB
  5
2CAFE
330
2CAFA
100
AcDbEntity
  8
0
100
AcDbText
 10
22136.64529907953
 20
17571.23660438539
 30
0.0
 40
35.00000000000004
  1
1
 41
0.7
  7
$TD_AUDIT_GENERATED_(2C7)
 72
     1
 11
22142.47863241287
 21
17588.73660438539
 31
0.0
100
AcDbAttribute
  2
4
 70
     8
 74
     2
  0
ATTRIB
  5
2CAFF
330
2CAFA
100
AcDbEntity
  8
0
 62
   141
100
AcDbText
 10
22222.47863241287
 20
17570.06342002785
 30
0.0
 40
35.00000000000004
  1
焊接件
 41
0.7
  7
$TD_AUDIT_GENERATED_(2C8)
 11
22222.47863241287
 21
17587.56342002785
 31
0.0
100
AcDbAttribute
  2
5
 70
     8
 74
     2
  0
ATTRIB
  5
2CB00
330
2CAFA
100
AcDbEntity
  8
0
100
AcDbText
 10
22542.47863241287
 20
17606.23660438539
 30
0.0
 40
35.00000000000004
  1

 41
0.7
  7
$TD_AUDIT_GENERATED_(2C7)
 72
     1
 11
22542.47863241287
 21
17623.73660438539
 31
0.0
100
AcDbAttribute
  2
6
 70
     8
 74
     2
  0
ATTRIB
  5
2CB01
330
2CAFA
100
AcDbEntity
  8
0
100
AcDbText
 10
22605.14529907954
 20
17571.23660438539
 30
0.0
 40
35.00000000000004
  1
12.2
 41
0.7
  7
$TD_AUDIT_GENERATED_(2C7)
 72
     1
 11
22642.47863241287
 21
17588.73660438539
 31
0.0
100
AcDbAttribute
  2
7
 70
     8
 74
     2
  0
ATTRIB
  5
2CB02
330
2CAFA
100
AcDbEntity
  8
0
100
AcDbText
 10
22842.47863241287
 20
17606.23660438539
 30
0.0
 40
35.00000000000004
  1

 41
0.7
  7
$TD_AUDIT_GENERATED_(2C8)
 72
     1
 11
22842.47863241287
 21
17623.73660438539
 31
0.0
100
AcDbAttribute
  2
8
 70
     8
 74
     2
  0
SEQEND
  5
2CB03
330
2CAFA
100
AcDbEntity
  8
$TD_AUDIT_GENERATED_(2C5)
  0
INSERT
  5
2CB04
330
1F
100
AcDbEntity
  8
$TD_AUDIT_GENERATED_(2C5)
100
AcDbBlockReference
 66
     1
  2
$TD_AUDIT_GENERATED_(8CD2)
 10
21192.47863241287
 20
17343.73660438528
 30
0.0
 41
-10.00000000000001
 42
10.00000000000001
 43
10.00000000000001
 50
180.0
  0
ATTRIB
  5
2CB05
330
2CB04
100
AcDbEntity
  8
0
100
AcDbText
 10
21232.5619657462
 20
17291.23660438533
 30
0.0
 40
35.00000000000004
  1
5
 41
0.7
  7
$TD_AUDIT_GENERATED_(2C7)
 72
     1
 11
21242.47863241287
 21
17308.73660438533
 31
0.0
100
AcDbAttribute
  2
1
 70
     8
 74
     2
  0
ATTRIB
  5
2CB06
330
2CB04
100
AcDbEntity
  8
0
 62
   141
100
AcDbText
 10
21322.47863241287
 20
17291.23660438533
 30
0.0
 40
35.00000000000004
  1
KMMXG10.16.3
 41
0.6
  7
$TD_AUDIT_GENERATED_(2C7)
 11
21322.47863241287
 21
17308.73660438533
 31
0.0
100
AcDbAttribute
  2
2
 70
     8
 74
     2
  0
ATTRIB
  5
2CB07
330
2CB04
100
AcDbEntity
  8
0
 62
   141
100
AcDbText
 10
21722.47863241287
 20
17289.67235857527
 30
0.0
 40
35.00000000000004
  1
料仓
 41
0.7
  7
$TD_AUDIT_GENERATED_(2C8)
 11
21722.47863241287
 21
17307.17235857527
 31
0.0
100
AcDbAttribute
  2
3
 70
     8
 74
     2
  0
ATTRIB
  5
2CB08
330
2CB04
100
AcDbEntity
  8
0
100
AcDbText
 10
22136.64529907953
 20
17291.23660438533
 30
0.0
 40
35.00000000000004
  1
1
 41
0.7
  7
$TD_AUDIT_GENERATED_(2C7)
 72
     1
 11
22142.47863241287
 21
17308.73660438533
 31
0.0
100
AcDbAttribute
  2
4
 70
     8
 74
     2
  0
ATTRIB
  5
2CB09
330
2CB04
100
AcDbEntity
  8
0
 62
   141
100
AcDbText
 10
22222.47863241287
 20
17290.06342002779
 30
0.0
 40
35.00000000000004
  1
焊接件
 41
0.7
  7
$TD_AUDIT_GENERATED_(2C8)
 11
22222.47863241287
 21
17307.56342002779
 31
0.0
100
AcDbAttribute
  2
5
 70
     8
 74
     2
  0
ATTRIB
  5
2CB0A
330
2CB04
100
AcDbEntity
  8
0
100
AcDbText
 10
22542.47863241287
 20
17324.73660438533
 30
0.0
 40
32.00000000000004
  1

 41
0.7
  7
$TD_AUDIT_GENERATED_(2C7)
 72
     1
 11
22542.47863241287
 21
17340.73660438533
 31
0.0
100
AcDbAttribute
  2
6
 70
     8
 74
     2
  0
ATTRIB
  5
2CB0B
330
2CB04
100
AcDbEntity
  8
0
100
AcDbText
 10
22597.67863241287
 20
17292.73660438533
 30
0.0
 40
32.00000000000004
  1
183.8
 41
0.7
  7
$TD_AUDIT_GENERATED_(2C7)
 72
     1
 11
22642.47863241287
 21
17308.73660438533
 31
0.0
100
AcDbAttribute
  2
7
 70
     8
 74
     2
  0
ATTRIB
  5
2CB0C
330
2CB04
100
AcDbEntity
  8
0
100
AcDbText
 10
22842.47863241287
 20
17326.23660438533
 30
0.0
 40
35.00000000000004
  1

 41
0.7
  7
$TD_AUDIT_GENERATED_(2C8)
 72
     1
 11
22842.47863241287
 21
17343.73660438533
 31
0.0
100
AcDbAttribute
  2
8
 70
     8
 74
     2
  0
SEQEND
  5
2CB0D
330
2CB04
100
AcDbEntity
  8
$TD_AUDIT_GENERATED_(2C5)
  0
INSERT
  5
2CB0E
330
1F
100
AcDbEntity
  8
$TD_AUDIT_GENERATED_(2C5)
100
AcDbBlockReference
 66
     1
  2
$TD_AUDIT_GENERATED_(8CD2)
 10
21192.47863241287
 20
17833.73660438535
 30
0.0
 41
10.00000000000001
 42
10.00000000000001
 43
10.00000000000001
  0
ATTRIB
  5
2CB0F
330
2CB0E
100
AcDbEntity
  8
0
100
AcDbText
 10
21232.5619657462
 20
17851.2366043853
 30
0.0
 40
35.00000000000004
  1
2
 41
0.7
  7
$TD_AUDIT_GENERATED_(2C7)
 72
     1
 11
21242.47863241287
 21
17868.7366043853
 31
0.0
100
AcDbAttribute
  2
1
 70
     8
 74
     2
  0
ATTRIB
  5
2CB10
330
2CB0E
100
AcDbEntity
  8
0
 62
   141
100
AcDbText
 10
21322.47863241287
 20
17851.2366043853
 30
0.0
 40
35.00000000000004
  1
KMMXG10.16-1
 41
0.6
  7
$TD_AUDIT_GENERATED_(2C7)
 11
21322.47863241287
 21
17868.7366043853
 31
0.0
100
AcDbAttribute
  2
2
 70
     8
 74
     2
  0
ATTRIB
  5
2CB11
330
2CB0E
100
AcDbEntity
  8
0
 62
   141
100
AcDbText
 10
21722.47863241287
 20
17851.2366043853
 30
0.0
 40
35.00000000000004
  1
密封胶垫
 41
0.7
  7
$TD_AUDIT_GENERATED_(2C8)
 11
21722.47863241287
 21
17868.7366043853
 31
0.0
100
AcDbAttribute
  2
3
 70
     8
 74
     2
  0
ATTRIB
  5
2CB12
330
2CB0E
100
AcDbEntity
  8
0
100
AcDbText
 10
22136.64529907953
 20
17851.2366043853
 30
0.0
 40
35.00000000000004
  1
1
 41
0.7
  7
$TD_AUDIT_GENERATED_(2C7)
 72
     1
 11
22142.47863241287
 21
17868.7366043853
 31
0.0
100
AcDbAttribute
  2
4
 70
     8
 74
     2
  0
ATTRIB
  5
2CB13
330
2CB0E
100
AcDbEntity
  8
0
 62
   141
100
AcDbText
 10
22222.47863241287
 20
17851.2366043853
 30
0.0
 40
35.00000000000004
  1
橡胶
 41
0.7
  7
$TD_AUDIT_GENERATED_(2C8)
 11
22222.47863241287
 21
17868.7366043853
 31
0.0
100
AcDbAttribute
  2
5
 70
     8
 74
     2
  0
ATTRIB
  5
2CB14
330
2CB0E
100
AcDbEntity
  8
0
100
AcDbText
 10
22542.47863241287
 20
17851.2366043853
 30
0.0
 40
35.00000000000004
  1

 41
0.7
  7
$TD_AUDIT_GENERATED_(2C7)
 72
     1
 11
22542.47863241287
 21
17868.7366043853
 31
0.0
100
AcDbAttribute
  2
6
 70
     8
 74
     2
  0
ATTRIB
  5
2CB15
330
2CB0E
100
AcDbEntity
  8
0
100
AcDbText
 10
22601.64529907954
 20
17851.2366043853
 30
0.0
 40
35.00000000000004
  1
0.02
 41
0.7
  7
$TD_AUDIT_GENERATED_(2C7)
 72
     1
 11
22642.47863241287
 21
17868.7366043853
 31
0.0
100
AcDbAttribute
  2
7
 70
     8
 74
     2
  0
ATTRIB
  5
2CB16
330
2CB0E
100
AcDbEntity
  8
0
100
AcDbText
 10
22842.47863241287
 20
17851.2366043853
 30
0.0
 40
35.00000000000004
  1

 41
0.7
  7
$TD_AUDIT_GENERATED_(2C8)
 72
     1
 11
22842.47863241287
 21
17868.7366043853
 31
0.0
100
AcDbAttribute
  2
8
 70
     8
 74
     2
  0
SEQEND
  5
2CB17
330
2CB0E
100
AcDbEntity
  8
$TD_AUDIT_GENERATED_(2C5)
  0
INSERT
  5
2CB18
330
1F
100
AcDbEntity
  8
$TD_AUDIT_GENERATED_(2C5)
100
AcDbBlockReference
 66
     1
  2
$TD_AUDIT_GENERATED_(8CD2)
 10
21192.47864093133
 20
18113.73660438535
 30
0.0
 41
-10.0
 42
10.0
 43
10.0
 50
180.0
  0
ATTRIB
  5
2CB19
330
2CB18
100
AcDbEntity
  8
0
100
AcDbText
 10
21242.47864093132
 20
18061.23660438534
 30
0.0
 40
35.00000000000001
  1

 41
0.7
  7
$TD_AUDIT_GENERATED_(2C7)
 72
     1
 11
21242.47864093132
 21
18078.73660438534
 31
0.0
100
AcDbAttribute
  2
1
 70
     8
 74
     2
  0
ATTRIB
  5
2CB1A
330
2CB18
100
AcDbEntity
  8
0
 62
   141
100
AcDbText
 10
21322.47864093133
 20
18061.23660438534
 30
0.0
 40
35.00000000000001
  1
KMMXG10.16.1-1
 41
0.58
  7
$TD_AUDIT_GENERATED_(2C7)
 11
21322.47864093133
 21
18078.73660438534
 31
0.0
100
AcDbAttribute
  2
2
 70
     8
 74
     2
  0
ATTRIB
  5
2CB1B
330
2CB18
100
AcDbEntity
  8
0
 62
   141
100
AcDbText
 10
21722.47864093132
 20
18058.49917421774
 30
0.0
 40
35.00000000000001
  1
法兰
 41
0.7
  7
$TD_AUDIT_GENERATED_(2C8)
 11
21722.47864093132
 21
18075.99917421774
 31
0.0
100
AcDbAttribute
  2
3
 70
     8
 74
     2
  0
ATTRIB
  5
2CB1C
330
2CB18
100
AcDbEntity
  8
0
100
AcDbText
 10
22136.64530759799
 20
18061.23660438534
 30
0.0
 40
35.00000000000001
  1
1
 41
0.7
  7
$TD_AUDIT_GENERATED_(2C7)
 72
     1
 11
22142.47864093132
 21
18078.73660438534
 31
0.0
100
AcDbAttribute
  2
4
 70
     8
 74
     2
  0
ATTRIB
  5
2CB1D
330
2CB18
100
AcDbEntity
  8
0
 62
   141
100
AcDbText
 10
22222.47864093133
 20
18069.56993771867
 30
0.0
 40
35.00000000000001
  1
Q235-A
 41
0.7
  7
$TD_AUDIT_GENERATED_(2C7)
 11
22222.47864093133
 21
18087.06993771867
 31
0.0
100
AcDbAttribute
  2
5
 70
     8
 74
     2
  0
ATTRIB
  5
2CB1E
330
2CB18
100
AcDbEntity
  8
0
100
AcDbText
 10
22517.97864093133
 20
18061.23660438534
 30
0.0
 40
35.00000000000001
  1
1.8
 41
0.7
  7
$TD_AUDIT_GENERATED_(2C7)
 72
     1
 11
22542.47864093133
 21
18078.73660438534
 31
0.0
100
AcDbAttribute
  2
6
 70
     8
 74
     2
  0
ATTRIB
  5
2CB1F
330
2CB18
100
AcDbEntity
  8
0
100
AcDbText
 10
22617.97864093133
 20
18061.23660438534
 30
0.0
 40
35.00000000000001
  1
1.8
 41
0.7
  7
$TD_AUDIT_GENERATED_(2C7)
 72
     1
 11
22642.47864093133
 21
18078.73660438534
 31
0.0
100
AcDbAttribute
  2
7
 70
     8
 74
     2
  0
ATTRIB
  5
2CB20
330
2CB18
100
AcDbEntity
  8
0
100
AcDbText
 10
22842.47864093133
 20
18096.23660438534
 30
0.0
 40
35.00000000000001
  1

 41
0.7
  7
$TD_AUDIT_GENERATED_(2C8)
 72
     1
 11
22842.47864093133
 21
18113.73660438534
 31
0.0
100
AcDbAttribute
  2
8
 70
     8
 74
     2
  0
SEQEND
  5
2CB21
330
2CB18
100
AcDbEntity
  8
$TD_AUDIT_GENERATED_(2C5)
  0
INSERT
  5
2CB22
330
1F
100
AcDbEntity
  8
$TD_AUDIT_GENERATED_(2C5)
100
AcDbBlockReference
 66
     1
  2
$TD_AUDIT_GENERATED_(8CD2)
 10
21192.47864093133
 20
18043.73660438535
 30
0.0
 41
-10.0
 42
10.0
 43
10.0
 50
180.0
  0
ATTRIB
  5
2CB23
330
2CB22
100
AcDbEntity
  8
0
100
AcDbText
 10
21242.47864093132
 20
17991.23660438535
 30
0.0
 40
35.00000000000001
  1

 41
0.7
  7
$TD_AUDIT_GENERATED_(2C7)
 72
     1
 11
21242.47864093132
 21
18008.73660438535
 31
0.0
100
AcDbAttribute
  2
1
 70
     8
 74
     2
  0
ATTRIB
  5
2CB24
330
2CB22
100
AcDbEntity
  8
0
 62
   141
100
AcDbText
 10
21322.47864093133
 20
17991.23660438535
 30
0.0
 40
35.00000000000001
  1
KMMXG10.16.1-2
 41
0.58
  7
$TD_AUDIT_GENERATED_(2C7)
 11
21322.47864093133
 21
18008.73660438535
 31
0.0
100
AcDbAttribute
  2
2
 70
     8
 74
     2
  0
ATTRIB
  5
2CB25
330
2CB22
100
AcDbEntity
  8
0
 62
   141
100
AcDbText
 10
21722.47864093132
 20
17990.0634200278
 30
0.0
 40
35.00000000000001
  1
钢管%%C76  L=97  δ=4
 41
0.7
  7
$TD_AUDIT_GENERATED_(2C8)
 11
21722.47864093132
 21
18007.5634200278
 31
0.0
100
AcDbAttribute
  2
3
 70
     8
 74
     2
  0
ATTRIB
  5
2CB26
330
2CB22
100
AcDbEntity
  8
0
100
AcDbText
 10
22136.64530759799
 20
17991.23660438535
 30
0.0
 40
35.00000000000001
  1
1
 41
0.7
  7
$TD_AUDIT_GENERATED_(2C7)
 72
     1
 11
22142.47864093132
 21
18008.73660438535
 31
0.0
100
AcDbAttribute
  2
4
 70
     8
 74
     2
  0
ATTRIB
  5
2CB27
330
2CB22
100
AcDbEntity
  8
0
 62
   141
100
AcDbText
 10
22222.47864093133
 20
17999.56993771868
 30
0.0
 40
35.00000000000001
  1
Q235-A
 41
0.7
  7
$TD_AUDIT_GENERATED_(2C7)
 11
22222.47864093133
 21
18017.06993771868
 31
0.0
100
AcDbAttribute
  2
5
 70
     8
 74
     2
  0
ATTRIB
  5
2CB28
330
2CB22
100
AcDbEntity
  8
0
100
AcDbText
 10
22514.47864093133
 20
17991.23660438535
 30
0.0
 40
35.00000000000001
  1
0.7
 41
0.7
  7
$TD_AUDIT_GENERATED_(2C7)
 72
     1
 11
22542.47864093133
 21
18008.73660438535
 31
0.0
100
AcDbAttribute
  2
6
 70
     8
 74
     2
  0
ATTRIB
  5
2CB29
330
2CB22
100
AcDbEntity
  8
0
100
AcDbText
 10
22614.47864093133
 20
17991.23660438535
 30
0.0
 40
35.00000000000001
  1
0.7
 41
0.7
  7
$TD_AUDIT_GENERATED_(2C7)
 72
     1
 11
22642.47864093133
 21
18008.73660438535
 31
0.0
100
AcDbAttribute
  2
7
 70
     8
 74
     2
  0
ATTRIB
  5
2CB2A
330
2CB22
100
AcDbEntity
  8
0
100
AcDbText
 10
22842.47864093133
 20
18026.23660438535
 30
0.0
 40
35.00000000000001
  1

 41
0.7
  7
$TD_AUDIT_GENERATED_(2C8)
 72
     1
 11
22842.47864093133
 21
18043.73660438535
 31
0.0
100
AcDbAttribute
  2
8
 70
     8
 74
     2
  0
SEQEND
  5
2CB2B
330
2CB22
100
AcDbEntity
  8
$TD_AUDIT_GENERATED_(2C5)
  0
INSERT
  5
2CB2C
330
1F
100
AcDbEntity
  8
$TD_AUDIT_GENERATED_(2C5)
100
AcDbBlockReference
 66
     1
  2
$TD_AUDIT_GENERATED_(8CD2)
 10
21192.47863241287
 20
17553.73660438535
 30
0.0
 41
-10.0
 42
10.0
 43
10.0
 50
180.0
  0
ATTRIB
  5
2CB2D
330
2CB2C
100
AcDbEntity
  8
0
100
AcDbText
 10
21242.47863241287
 20
17501.23660438541
 30
0.0
 40
35.00000000000001
  1

 41
0.7
  7
$TD_AUDIT_GENERATED_(2C7)
 72
     1
 11
21242.47863241287
 21
17518.73660438541
 31
0.0
100
AcDbAttribute
  2
1
 70
     8
 74
     2
  0
ATTRIB
  5
2CB2E
330
2CB2C
100
AcDbEntity
  8
0
 62
   141
100
AcDbText
 10
21322.47863241287
 20
17501.23660438541
 30
0.0
 40
35.00000000000001
  1
KMMXG10.16.2-1
 41
0.6
  7
$TD_AUDIT_GENERATED_(2C7)
 11
21322.47863241287
 21
17518.73660438541
 31
0.0
100
AcDbAttribute
  2
2
 70
     8
 74
     2
  0
ATTRIB
  5
2CB2F
330
2CB2C
100
AcDbEntity
  8
0
 62
   141
100
AcDbText
 10
21722.47863241287
 20
17500.06342002786
 30
0.0
 40
35.00000000000001
  1
把手
 41
0.7
  7
$TD_AUDIT_GENERATED_(2C8)
 11
21722.47863241287
 21
17517.56342002786
 31
0.0
100
AcDbAttribute
  2
3
 70
     8
 74
     2
  0
ATTRIB
  5
2CB30
330
2CB2C
100
AcDbEntity
  8
0
100
AcDbText
 10
22132.5619657462
 20
17501.23660438541
 30
0.0
 40
35.00000000000001
  1
2
 41
0.7
  7
$TD_AUDIT_GENERATED_(2C7)
 72
     1
 11
22142.47863241287
 21
17518.73660438541
 31
0.0
100
AcDbAttribute
  2
4
 70
     8
 74
     2
  0
ATTRIB
  5
2CB31
330
2CB2C
100
AcDbEntity
  8
0
 62
   141
100
AcDbText
 10
22222.47863241287
 20
17509.56993771874
 30
0.0
 40
35.00000000000001
  1
Q235-A
 41
0.7
  7
$TD_AUDIT_GENERATED_(2C7)
 11
22222.47863241287
 21
17527.06993771874
 31
0.0
100
AcDbAttribute
  2
5
 70
     8
 74
     2
  0
ATTRIB
  5
2CB32
330
2CB2C
100
AcDbEntity
  8
0
100
AcDbText
 10
22514.47863241287
 20
17501.23660438541
 30
0.0
 40
35.00000000000001
  1
0.3
 41
0.7
  7
$TD_AUDIT_GENERATED_(2C7)
 72
     1
 11
22542.47863241287
 21
17518.73660438541
 31
0.0
100
AcDbAttribute
  2
6
 70
     8
 74
     2
  0
ATTRIB
  5
2CB33
330
2CB2C
100
AcDbEntity
  8
0
100
AcDbText
 10
22615.0619657462
 20
17501.23660438541
 30
0.0
 40
35.00000000000001
  1
0.6
 41
0.7
  7
$TD_AUDIT_GENERATED_(2C7)
 72
     1
 11
22642.47863241287
 21
17518.73660438541
 31
0.0
100
AcDbAttribute
  2
7
 70
     8
 74
     2
  0
ATTRIB
  5
2CB34
330
2CB2C
100
AcDbEntity
  8
0
100
AcDbText
 10
22842.47863241287
 20
17536.23660438541
 30
0.0
 40
35.00000000000001
  1

 41
0.7
  7
$TD_AUDIT_GENERATED_(2C8)
 72
     1
 11
22842.47863241287
 21
17553.73660438541
 31
0.0
100
AcDbAttribute
  2
8
 70
     8
 74
     2
  0
SEQEND
  5
2CB35
330
2CB2C
100
AcDbEntity
  8
$TD_AUDIT_GENERATED_(2C5)
  0
INSERT
  5
2CB36
330
1F
100
AcDbEntity
  8
$TD_AUDIT_GENERATED_(2C5)
100
AcDbBlockReference
 66
     1
  2
$TD_AUDIT_GENERATED_(8CD2)
 10
21192.47864093133
 20
17483.73660438528
 30
0.0
 41
-10.0
 42
10.0
 43
10.0
 50
180.0
  0
ATTRIB
  5
2CB37
330
2CB36
100
AcDbEntity
  8
0
100
AcDbText
 10
21242.47864093133
 20
17431.23660438535
 30
0.0
 40
35.00000000000001
  1

 41
0.7
  7
$TD_AUDIT_GENERATED_(2C7)
 72
     1
 11
21242.47864093133
 21
17448.73660438535
 31
0.0
100
AcDbAttribute
  2
1
 70
     8
 74
     2
  0
ATTRIB
  5
2CB38
330
2CB36
100
AcDbEntity
  8
0
 62
   141
100
AcDbText
 10
21322.47864093133
 20
17431.23660438535
 30
0.0
 40
35.00000000000001
  1
KMMXG10.16.2-2
 41
0.6
  7
$TD_AUDIT_GENERATED_(2C7)
 11
21322.47864093133
 21
17448.73660438535
 31
0.0
100
AcDbAttribute
  2
2
 70
     8
 74
     2
  0
ATTRIB
  5
2CB39
330
2CB36
100
AcDbEntity
  8
0
 62
   141
100
AcDbText
 10
21722.47864093133
 20
17430.84554293283
 30
0.0
 40
35.00000000000001
  1
网孔板 880×440×4
 41
0.7
  7
$TD_AUDIT_GENERATED_(2C8)
 11
21722.47864093133
 21
17448.34554293283
 31
0.0
100
AcDbAttribute
  2
3
 70
     8
 74
     2
  0
ATTRIB
  5
2CB3A
330
2CB36
100
AcDbEntity
  8
0
100
AcDbText
 10
22136.64530759799
 20
17431.23660438535
 30
0.0
 40
35.00000000000001
  1
1
 41
0.7
  7
$TD_AUDIT_GENERATED_(2C7)
 72
     1
 11
22142.47864093133
 21
17448.73660438535
 31
0.0
100
AcDbAttribute
  2
4
 70
     8
 74
     2
  0
ATTRIB
  5
2CB3B
330
2CB36
100
AcDbEntity
  8
0
 62
   141
100
AcDbText
 10
22222.47864093133
 20
17439.56993771868
 30
0.0
 40
35.00000000000001
  1
Q235-A
 41
0.7
  7
$TD_AUDIT_GENERATED_(2C7)
 11
22222.47864093133
 21
17457.06993771868
 31
0.0
100
AcDbAttribute
  2
5
 70
     8
 74
     2
  0
ATTRIB
  5
2CB3C
330
2CB36
100
AcDbEntity
  8
0
100
AcDbText
 10
22510.39530759799
 20
17431.23660438535
 30
0.0
 40
35.00000000000001
  1
11.6
 41
0.7
  7
$TD_AUDIT_GENERATED_(2C7)
 72
     1
 11
22542.47864093133
 21
17448.73660438535
 31
0.0
100
AcDbAttribute
  2
6
 70
     8
 74
     2
  0
ATTRIB
  5
2CB3D
330
2CB36
100
AcDbEntity
  8
0
100
AcDbText
 10
22610.39530759799
 20
17431.23660438535
 30
0.0
 40
35.00000000000001
  1
11.6
 41
0.7
  7
$TD_AUDIT_GENERATED_(2C7)
 72
     1
 11
22642.47864093133
 21
17448.73660438535
 31
0.0
100
AcDbAttribute
  2
7
 70
     8
 74
     2
  0
ATTRIB
  5
2CB3E
330
2CB36
100
AcDbEntity
  8
0
100
AcDbText
 10
22807.43953478608
 20
17430.65001220658
 30
0.0
 40
35.00000000000001
  1
无图
 41
0.7
  7
$TD_AUDIT_GENERATED_(2C8)
 72
     1
 11
22842.47864093133
 21
17448.15001220658
 31
0.0
100
AcDbAttribute
  2
8
 70
     8
 74
     2
  0
SEQEND
  5
2CB3F
330
2CB36
100
AcDbEntity
  8
$TD_AUDIT_GENERATED_(2C5)
  0
INSERT
  5
2CB40
330
1F
100
AcDbEntity
  8
$TD_AUDIT_GENERATED_(2C5)
100
AcDbBlockReference
 66
     1
  2
*U3
 10
21192.47863241287
 20
17273.73660438528
 30
0.0
 41
-10.00000000000001
 42
10.00000000000001
 43
10.00000000000001
 50
180.0
  0
ATTRIB
  5
2CB41
330
2CB40
100
AcDbEntity
  8
0
100
AcDbText
 10
21242.47863241305
 20
17221.23660438507
 30
0.0
 40
35.00000000013359
  1

 41
0.6999999999999998
  7
$TD_AUDIT_GENERATED_(2C7)
 72
     1
 11
21242.47863241305
 21
17238.73660438514
 31
0.0
100
AcDbAttribute
  2
1
 70
     8
 74
     2
  0
ATTRIB
  5
2CB42
330
2CB40
100
AcDbEntity
  8
0
 62
   141
100
AcDbText
 10
21301.97986950997
 20
17221.23660438507
 30
0.0
 40
35.00000000013359
  1
KMMXG10.16.3-1
 41
0.6
  7
$TD_AUDIT_GENERATED_(2C7)
 11
21301.97986950997
 21
17238.73660438514
 31
0.0
100
AcDbAttribute
  2
2
 70
     8
 74
     2
  0
ATTRIB
  5
2CB43
330
2CB40
100
AcDbEntity
  8
0
 62
   141
100
AcDbText
 10
21722.47863241489
 20
17220.45448148004
 30
0.0
 40
35.00000000013359
  1
角钢
 41
0.6999999999999998
  7
$TD_AUDIT_GENERATED_(2C8)
 11
21722.47863241489
 21
17237.95448148011
 31
0.0
100
AcDbAttribute
  2
3
 70
     8
 74
     2
  0
ATTRIB
  5
2CB44
330
2CB40
100
AcDbEntity
  8
0
100
AcDbText
 10
22136.64529908309
 20
17221.23660438507
 30
0.0
 40
35.00000000013359
  1
1
 41
0.6999999999999998
  7
$TD_AUDIT_GENERATED_(2C7)
 72
     1
 11
22142.47863241645
 21
17238.73660438514
 31
0.0
100
AcDbAttribute
  2
4
 70
     8
 74
     2
  0
ATTRIB
  5
2CB45
330
2CB40
100
AcDbEntity
  8
0
 62
   141
100
AcDbText
 10
22222.47863241686
 20
17225.34274963649
 30
0.0
 40
35.00000000013359
  1
Q235-A
 41
0.7
  7
$TD_AUDIT_GENERATED_(2C8)
 11
22222.47863241686
 21
17242.84274963655
 31
0.0
100
AcDbAttribute
  2
5
 70
     8
 74
     2
  0
ATTRIB
  5
2CB46
330
2CB40
100
AcDbEntity
  8
0
100
AcDbText
 10
22542.47863241805
 20
17256.23660438521
 30
0.0
 40
35.00000000013359
  1

 41
0.6999999999999998
  7
$TD_AUDIT_GENERATED_(2C7)
 72
     1
 11
22542.47863241805
 21
17273.73660438527
 31
0.0
100
AcDbAttribute
  2
6
 70
     8
 74
     2
  0
ATTRIB
  5
2CB47
330
2CB40
100
AcDbEntity
  8
0
100
AcDbText
 10
22615.06196575165
 20
17221.23660438507
 30
0.0
 40
35.00000000013359
  1
2.9
 41
0.6999999999999998
  7
$TD_AUDIT_GENERATED_(2C7)
 72
     1
 11
22642.47863241842
 21
17238.73660438514
 31
0.0
100
AcDbAttribute
  2
7
 70
     8
 74
     2
  0
ATTRIB
  5
2CB48
330
2CB40
100
AcDbEntity
  8
0
100
AcDbText
 10
22842.47863241921
 20
17256.23660438521
 30
0.0
 40
35.00000000013359
  1

 41
0.6999999999999998
  7
$TD_AUDIT_GENERATED_(2C8)
 72
     1
 11
22842.47863241921
 21
17273.73660438527
 31
0.0
100
AcDbAttribute
  2
8
 70
     8
 74
     2
  0
SEQEND
  5
2CB49
330
2CB40
100
AcDbEntity
  8
$TD_AUDIT_GENERATED_(2C5)
  0
INSERT
  5
2CB4A
330
1F
100
AcDbEntity
  8
$TD_AUDIT_GENERATED_(2C5)
100
AcDbBlockReference
 66
     1
  2
*U3
 10
21192.47863241287
 20
16853.73660438472
 30
0.0
 41
-10.00000000000001
 42
10.00000000000001
 43
10.00000000000001
 50
180.0
  0
ATTRIB
  5
2CB4B
330
2CB4A
100
AcDbEntity
  8
0
100
AcDbText
 10
21242.47863241305
 20
16801.23660438451
 30
0.0
 40
35.00000000013359
  1

 41
0.6999999999999998
  7
$TD_AUDIT_GENERATED_(2C7)
 72
     1
 11
21242.47863241305
 21
16818.73660438458
 31
0.0
100
AcDbAttribute
  2
1
 70
     8
 74
     2
  0
ATTRIB
  5
2CB4C
330
2CB4A
100
AcDbEntity
  8
0
 62
   141
100
AcDbText
 10
21301.97986950997
 20
16801.23660438451
 30
0.0
 40
35.00000000013359
  1
KMMXG10.16.3-7
 41
0.6
  7
$TD_AUDIT_GENERATED_(2C7)
 11
21301.97986950997
 21
16818.73660438458
 31
0.0
100
AcDbAttribute
  2
2
 70
     8
 74
     2
  0
ATTRIB
  5
2CB4D
330
2CB4A
100
AcDbEntity
  8
0
 62
   141
100
AcDbText
 10
21722.47863241489
 20
16800.845542932
 30
0.0
 40
35.00000000013359
  1
钢板2
 41
0.6999999999999998
  7
$TD_AUDIT_GENERATED_(2C8)
 11
21722.47863241489
 21
16818.34554293206
 31
0.0
100
AcDbAttribute
  2
3
 70
     8
 74
     2
  0
ATTRIB
  5
2CB4E
330
2CB4A
100
AcDbEntity
  8
0
100
AcDbText
 10
22136.64529908309
 20
16801.23660438451
 30
0.0
 40
35.00000000013359
  1
1
 41
0.6999999999999998
  7
$TD_AUDIT_GENERATED_(2C7)
 72
     1
 11
22142.47863241645
 21
16818.73660438458
 31
0.0
100
AcDbAttribute
  2
4
 70
     8
 74
     2
  0
ATTRIB
  5
2CB4F
330
2CB4A
100
AcDbEntity
  8
0
 62
   141
100
AcDbText
 10
22222.47863241686
 20
16805.34274963593
 30
0.0
 40
35.00000000013359
  1
Q235-A
 41
0.7
  7
$TD_AUDIT_GENERATED_(2C8)
 11
22222.47863241686
 21
16822.84274963599
 31
0.0
100
AcDbAttribute
  2
5
 70
     8
 74
     2
  0
ATTRIB
  5
2CB50
330
2CB4A
100
AcDbEntity
  8
0
100
AcDbText
 10
22542.47863241805
 20
16836.23660438465
 30
0.0
 40
35.00000000013359
  1

 41
0.6999999999999998
  7
$TD_AUDIT_GENERATED_(2C7)
 72
     1
 11
22542.47863241805
 21
16853.73660438471
 31
0.0
100
AcDbAttribute
  2
6
 70
     8
 74
     2
  0
ATTRIB
  5
2CB51
330
2CB4A
100
AcDbEntity
  8
0
100
AcDbText
 10
22602.22863241827
 20
16801.23660438451
 30
0.0
 40
35.00000000013359
  1
27.2
 41
0.6999999999999998
  7
$TD_AUDIT_GENERATED_(2C7)
 72
     1
 11
22642.47863241842
 21
16818.73660438458
 31
0.0
100
AcDbAttribute
  2
7
 70
     8
 74
     2
  0
ATTRIB
  5
2CB52
330
2CB4A
100
AcDbEntity
  8
0
100
AcDbText
 10
22842.47863241921
 20
16836.23660438465
 30
0.0
 40
35.00000000013359
  1

 41
0.6999999999999998
  7
$TD_AUDIT_GENERATED_(2C8)
 72
     1
 11
22842.47863241921
 21
16853.73660438471
 31
0.0
100
AcDbAttribute
  2
8
 70
     8
 74
     2
  0
SEQEND
  5
2CB53
330
2CB4A
100
AcDbEntity
  8
$TD_AUDIT_GENERATED_(2C5)
  0
INSERT
  5
2CB54
330
1F
100
AcDbEntity
  8
$TD_AUDIT_GENERATED_(2C5)
100
AcDbBlockReference
 66
     1
  2
*U3
 10
21192.47863241287
 20
16923.73660438472
 30
0.0
 41
-10.00000000000001
 42
10.00000000000001
 43
10.00000000000001
 50
180.0
  0
ATTRIB
  5
2CB55
330
2CB54
100
AcDbEntity
  8
0
100
AcDbText
 10
21242.47863241305
 20
16871.23660438451
 30
0.0
 40
35.00000000013359
  1

 41
0.6999999999999998
  7
$TD_AUDIT_GENERATED_(2C7)
 72
     1
 11
21242.47863241305
 21
16888.73660438458
 31
0.0
100
AcDbAttribute
  2
1
 70
     8
 74
     2
  0
ATTRIB
  5
2CB56
330
2CB54
100
AcDbEntity
  8
0
 62
   141
100
AcDbText
 10
21301.97986950997
 20
16871.23660438451
 30
0.0
 40
35.00000000013359
  1
KMMXG10.16.3-6
 41
0.6
  7
$TD_AUDIT_GENERATED_(2C7)
 11
21301.97986950997
 21
16888.73660438458
 31
0.0
100
AcDbAttribute
  2
2
 70
     8
 74
     2
  0
ATTRIB
  5
2CB57
330
2CB54
100
AcDbEntity
  8
0
 62
   141
100
AcDbText
 10
21722.47863241489
 20
16870.65001220574
 30
0.0
 40
35.00000000013359
  1
折弯板2
 41
0.6999999999999998
  7
$TD_AUDIT_GENERATED_(2C8)
 11
21722.47863241489
 21
16888.1500122058
 31
0.0
100
AcDbAttribute
  2
3
 70
     8
 74
     2
  0
ATTRIB
  5
2CB58
330
2CB54
100
AcDbEntity
  8
0
100
AcDbText
 10
22136.64529908309
 20
16871.23660438451
 30
0.0
 40
35.00000000013359
  1
1
 41
0.6999999999999998
  7
$TD_AUDIT_GENERATED_(2C7)
 72
     1
 11
22142.47863241645
 21
16888.73660438458
 31
0.0
100
AcDbAttribute
  2
4
 70
     8
 74
     2
  0
ATTRIB
  5
2CB59
330
2CB54
100
AcDbEntity
  8
0
 62
   141
100
AcDbText
 10
22222.47863241686
 20
16875.34274963593
 30
0.0
 40
35.00000000013359
  1
Q235-A
 41
0.7
  7
$TD_AUDIT_GENERATED_(2C8)
 11
22222.47863241686
 21
16892.84274963599
 31
0.0
100
AcDbAttribute
  2
5
 70
     8
 74
     2
  0
ATTRIB
  5
2CB5A
330
2CB54
100
AcDbEntity
  8
0
100
AcDbText
 10
22542.47863241805
 20
16906.23660438465
 30
0.0
 40
35.00000000013359
  1

 41
0.6999999999999998
  7
$TD_AUDIT_GENERATED_(2C7)
 72
     1
 11
22542.47863241805
 21
16923.73660438471
 31
0.0
100
AcDbAttribute
  2
6
 70
     8
 74
     2
  0
ATTRIB
  5
2CB5B
330
2CB54
100
AcDbEntity
  8
0
100
AcDbText
 10
22602.8119657516
 20
16871.23660438451
 30
0.0
 40
35.00000000013359
  1
35.6
 41
0.6999999999999998
  7
$TD_AUDIT_GENERATED_(2C7)
 72
     1
 11
22642.47863241842
 21
16888.73660438458
 31
0.0
100
AcDbAttribute
  2
7
 70
     8
 74
     2
  0
ATTRIB
  5
2CB5C
330
2CB54
100
AcDbEntity
  8
0
100
AcDbText
 10
22842.47863241921
 20
16906.23660438465
 30
0.0
 40
35.00000000013359
  1

 41
0.6999999999999998
  7
$TD_AUDIT_GENERATED_(2C8)
 72
     1
 11
22842.47863241921
 21
16923.73660438471
 31
0.0
100
AcDbAttribute
  2
8
 70
     8
 74
     2
  0
SEQEND
  5
2CB5D
330
2CB54
100
AcDbEntity
  8
$TD_AUDIT_GENERATED_(2C5)
  0
INSERT
  5
2CB5E
330
1F
100
AcDbEntity
  8
$TD_AUDIT_GENERATED_(2C5)
100
AcDbBlockReference
 66
     1
  2
*U3
 10
21192.47863241287
 20
17063.736604385
 30
0.0
 41
-10.00000000000001
 42
10.00000000000001
 43
10.00000000000001
 50
180.0
  0
ATTRIB
  5
2CB5F
330
2CB5E
100
AcDbEntity
  8
0
100
AcDbText
 10
21242.47863241305
 20
17011.2366043848
 30
0.0
 40
35.00000000013359
  1

 41
0.6999999999999998
  7
$TD_AUDIT_GENERATED_(2C7)
 72
     1
 11
21242.47863241305
 21
17028.73660438486
 31
0.0
100
AcDbAttribute
  2
1
 70
     8
 74
     2
  0
ATTRIB
  5
2CB60
330
2CB5E
100
AcDbEntity
  8
0
 62
   141
100
AcDbText
 10
21301.97986950997
 20
17011.2366043848
 30
0.0
 40
35.00000000013359
  1
KMMXG10.16.3-4
 41
0.6
  7
$TD_AUDIT_GENERATED_(2C7)
 11
21301.97986950997
 21
17028.73660438486
 31
0.0
100
AcDbAttribute
  2
2
 70
     8
 74
     2
  0
ATTRIB
  5
2CB61
330
2CB5E
100
AcDbEntity
  8
0
 62
   141
100
AcDbText
 10
21722.47863241489
 20
17010.84554293228
 30
0.0
 40
35.00000000013359
  1
网孔板 888X435X5
 41
0.6999999999999998
  7
$TD_AUDIT_GENERATED_(2C8)
 11
21722.47863241489
 21
17028.34554293235
 31
0.0
100
AcDbAttribute
  2
3
 70
     8
 74
     2
  0
ATTRIB
  5
2CB62
330
2CB5E
100
AcDbEntity
  8
0
100
AcDbText
 10
22136.64529908309
 20
17011.2366043848
 30
0.0
 40
35.00000000013359
  1
1
 41
0.6999999999999998
  7
$TD_AUDIT_GENERATED_(2C7)
 72
     1
 11
22142.47863241645
 21
17028.73660438486
 31
0.0
100
AcDbAttribute
  2
4
 70
     8
 74
     2
  0
ATTRIB
  5
2CB63
330
2CB5E
100
AcDbEntity
  8
0
 62
   141
100
AcDbText
 10
22222.47863241686
 20
17015.34274963621
 30
0.0
 40
35.00000000013359
  1
Q235-A
 41
0.7
  7
$TD_AUDIT_GENERATED_(2C8)
 11
22222.47863241686
 21
17032.84274963628
 31
0.0
100
AcDbAttribute
  2
5
 70
     8
 74
     2
  0
ATTRIB
  5
2CB64
330
2CB5E
100
AcDbEntity
  8
0
100
AcDbText
 10
22542.47863241805
 20
17046.23660438493
 30
0.0
 40
35.00000000013359
  1

 41
0.6999999999999998
  7
$TD_AUDIT_GENERATED_(2C7)
 72
     1
 11
22542.47863241805
 21
17063.736604385
 31
0.0
100
AcDbAttribute
  2
6
 70
     8
 74
     2
  0
ATTRIB
  5
2CB65
330
2CB5E
100
AcDbEntity
  8
0
100
AcDbText
 10
22633.14529908505
 20
17011.2366043848
 30
0.0
 40
35.00000000013359
  1
8
 41
0.6999999999999998
  7
$TD_AUDIT_GENERATED_(2C7)
 72
     1
 11
22642.47863241842
 21
17028.73660438486
 31
0.0
100
AcDbAttribute
  2
7
 70
     8
 74
     2
  0
ATTRIB
  5
2CB66
330
2CB5E
100
AcDbEntity
  8
0
100
AcDbText
 10
22807.43952627383
 20
17010.65001220602
 30
0.0
 40
35.00000000013359
  1
无图
 41
0.6999999999999998
  7
$TD_AUDIT_GENERATED_(2C8)
 72
     1
 11
22842.47863241921
 21
17028.15001220609
 31
0.0
100
AcDbAttribute
  2
8
 70
     8
 74
     2
  0
SEQEND
  5
2CB67
330
2CB5E
100
AcDbEntity
  8
$TD_AUDIT_GENERATED_(2C5)
  0
INSERT
  5
2CB68
330
1F
100
AcDbEntity
  8
$TD_AUDIT_GENERATED_(2C5)
100
AcDbBlockReference
 66
     1
  2
*U3
 10
21192.47863241287
 20
16993.73660438472
 30
0.0
 41
-10.00000000000001
 42
10.00000000000001
 43
10.00000000000001
 50
180.0
  0
ATTRIB
  5
2CB69
330
2CB68
100
AcDbEntity
  8
0
100
AcDbText
 10
21242.47863241305
 20
16941.23660438451
 30
0.0
 40
35.00000000013359
  1

 41
0.6999999999999998
  7
$TD_AUDIT_GENERATED_(2C7)
 72
     1
 11
21242.47863241305
 21
16958.73660438458
 31
0.0
100
AcDbAttribute
  2
1
 70
     8
 74
     2
  0
ATTRIB
  5
2CB6A
330
2CB68
100
AcDbEntity
  8
0
 62
   141
100
AcDbText
 10
21301.97986950997
 20
16941.23660438451
 30
0.0
 40
35.00000000013359
  1
KMMXG10.16.3-5
 41
0.6
  7
$TD_AUDIT_GENERATED_(2C7)
 11
21301.97986950997
 21
16958.73660438458
 31
0.0
100
AcDbAttribute
  2
2
 70
     8
 74
     2
  0
ATTRIB
  5
2CB6B
330
2CB68
100
AcDbEntity
  8
0
 62
   141
100
AcDbText
 10
21722.47863241489
 20
16940.45448147948
 30
0.0
 40
35.00000000013359
  1
角钢 40X4 L=888
 41
0.6999999999999998
  7
$TD_AUDIT_GENERATED_(2C8)
 11
21722.47863241489
 21
16957.95448147955
 31
0.0
100
AcDbAttribute
  2
3
 70
     8
 74
     2
  0
ATTRIB
  5
2CB6C
330
2CB68
100
AcDbEntity
  8
0
100
AcDbText
 10
22133.14529908308
 20
16941.23660438451
 30
0.0
 40
35.00000000013359
  1
3
 41
0.6999999999999998
  7
$TD_AUDIT_GENERATED_(2C7)
 72
     1
 11
22142.47863241645
 21
16958.73660438458
 31
0.0
100
AcDbAttribute
  2
4
 70
     8
 74
     2
  0
ATTRIB
  5
2CB6D
330
2CB68
100
AcDbEntity
  8
0
 62
   141
100
AcDbText
 10
22222.47863241686
 20
16945.34274963593
 30
0.0
 40
35.00000000013359
  1
Q235-A
 41
0.7
  7
$TD_AUDIT_GENERATED_(2C8)
 11
22222.47863241686
 21
16962.84274963599
 31
0.0
100
AcDbAttribute
  2
5
 70
     8
 74
     2
  0
ATTRIB
  5
2CB6E
330
2CB68
100
AcDbEntity
  8
0
100
AcDbText
 10
22502.22863241789
 20
16941.23660438451
 30
0.0
 40
35.00000000013359
  1
2.63
 41
0.6999999999999998
  7
$TD_AUDIT_GENERATED_(2C7)
 72
     1
 11
22542.47863241805
 21
16958.73660438458
 31
0.0
100
AcDbAttribute
  2
6
 70
     8
 74
     2
  0
ATTRIB
  5
2CB6F
330
2CB68
100
AcDbEntity
  8
0
100
AcDbText
 10
22602.8119657516
 20
16941.23660438451
 30
0.0
 40
35.00000000013359
  1
7.89
 41
0.6999999999999998
  7
$TD_AUDIT_GENERATED_(2C7)
 72
     1
 11
22642.47863241842
 21
16958.73660438458
 31
0.0
100
AcDbAttribute
  2
7
 70
     8
 74
     2
  0
ATTRIB
  5
2CB70
330
2CB68
100
AcDbEntity
  8
0
100
AcDbText
 10
22807.43952627383
 20
16940.65001220574
 30
0.0
 40
35.00000000013359
  1
无图
 41
0.6999999999999998
  7
$TD_AUDIT_GENERATED_(2C8)
 72
     1
 11
22842.47863241921
 21
16958.1500122058
 31
0.0
100
AcDbAttribute
  2
8
 70
     8
 74
     2
  0
SEQEND
  5
2CB71
330
2CB68
100
AcDbEntity
  8
$TD_AUDIT_GENERATED_(2C5)
  0
INSERT
  5
2CB72
330
1F
100
AcDbEntity
  8
$TD_AUDIT_GENERATED_(2C5)
100
AcDbBlockReference
 66
     1
  2
$TD_AUDIT_GENERATED_(8CD2)
 10
21192.47838471383
 20
16503.73658578177
 30
0.0
 41
-10.00000132878167
 42
10.00000132878167
 43
10.00000132878167
 50
180.0
  0
ATTRIB
  5
2CB73
330
2CB72
100
AcDbEntity
  8
0
100
AcDbText
 10
21242.47839135774
 20
16451.23657880565
 30
0.0
 40
35.00000465074977
  1

 41
0.7
  7
$TD_AUDIT_GENERATED_(2C7)
 72
     1
 11
21242.47839135774
 21
16468.73658113102
 31
0.0
100
AcDbAttribute
  2
1
 70
     8
 74
     2
  0
ATTRIB
  5
2CB74
330
2CB72
100
AcDbEntity
  8
0
 62
   141
100
AcDbText
 10
21304.13116856566
 20
16451.23657880565
 30
0.0
 40
35.00000465074977
  1
KMMXG10.16.3-12
 41
0.6
  7
$TD_AUDIT_GENERATED_(2C7)
 11
21304.13116856566
 21
16468.73658113102
 31
0.0
100
AcDbAttribute
  2
2
 70
     8
 74
     2
  0
ATTRIB
  5
2CB75
330
2CB72
100
AcDbEntity
  8
0
 62
   141
100
AcDbText
 10
21722.47845513948
 20
16450.45445579669
 30
0.0
 40
35.00000465074977
  1
底座板
 41
0.7
  7
$TD_AUDIT_GENERATED_(2C8)
 11
21722.47845513948
 21
16467.95445812206
 31
0.0
100
AcDbAttribute
  2
3
 70
     8
 74
     2
  0
ATTRIB
  5
2CB76
330
2CB72
100
AcDbEntity
  8
0
100
AcDbText
 10
22136.64517683998
 20
16451.23657880565
 30
0.0
 40
35.00000465074977
  1
1
 41
0.7
  7
$TD_AUDIT_GENERATED_(2C7)
 72
     1
 11
22142.47851094844
 21
16468.73658113102
 31
0.0
100
AcDbAttribute
  2
4
 70
     8
 74
     2
  0
ATTRIB
  5
2CB77
330
2CB72
100
AcDbEntity
  8
0
 62
   141
100
AcDbText
 10
22222.4785215787
 20
16455.34272460266
 30
0.0
 40
35.00000465074977
  1
Q235-A
 41
0.7
 51
10.0
  7
$TD_AUDIT_GENERATED_(2C8)
 11
22222.4785215787
 21
16472.84272692803
 31
0.0
100
AcDbAttribute
  2
5
 70
     8
 74
     2
  0
ATTRIB
  5
2CB78
330
2CB72
100
AcDbEntity
  8
0
100
AcDbText
 10
22542.47856409987
 20
16486.23658345639
 30
0.0
 40
35.00000465074977
  1

 41
0.7
  7
$TD_AUDIT_GENERATED_(2C7)
 72
     1
 11
22542.47856409987
 21
16503.73658578177
 31
0.0
100
AcDbAttribute
  2
6
 70
     8
 74
     2
  0
ATTRIB
  5
2CB79
330
2CB72
100
AcDbEntity
  8
0
100
AcDbText
 10
22613.89524025627
 20
16451.23657880565
 30
0.0
 40
35.00000465074977
  1
0.5
 41
0.7
  7
$TD_AUDIT_GENERATED_(2C7)
 72
     1
 11
22642.47857738771
 21
16468.73658113102
 31
0.0
100
AcDbAttribute
  2
7
 70
     8
 74
     2
  0
ATTRIB
  5
2CB7A
330
2CB72
100
AcDbEntity
  8
0
100
AcDbText
 10
22842.47860396347
 20
16486.23658345639
 30
0.0
 40
35.00000465074977
  1

 41
0.7
  7
$TD_AUDIT_GENERATED_(2C8)
 72
     1
 11
22842.47860396347
 21
16503.73658578177
 31
0.0
100
AcDbAttribute
  2
8
 70
     8
 74
     2
  0
SEQEND
  5
2CB7B
330
2CB72
100
AcDbEntity
  8
$TD_AUDIT_GENERATED_(2C5)
  0
INSERT
  5
2CB7C
330
1F
100
AcDbEntity
  8
$TD_AUDIT_GENERATED_(2C5)
100
AcDbBlockReference
 66
     1
  2
$TD_AUDIT_GENERATED_(8CD2)
 10
21192.47863241287
 20
17203.73660438528
 30
0.0
 41
-10.00000132878167
 42
10.00000132878167
 43
10.00000132878167
 50
180.0
  0
ATTRIB
  5
2CB7D
330
2CB7C
100
AcDbEntity
  8
0
100
AcDbText
 10
21242.47863905678
 20
17151.23659740916
 30
0.0
 40
35.00000465074977
  1

 41
0.7
  7
$TD_AUDIT_GENERATED_(2C7)
 72
     1
 11
21242.47863905678
 21
17168.73659973453
 31
0.0
100
AcDbAttribute
  2
1
 70
     8
 74
     2
  0
ATTRIB
  5
2CB7E
330
2CB7C
100
AcDbEntity
  8
0
 62
   141
100
AcDbText
 10
21301.88245671183
 20
17151.23659740916
 30
0.0
 40
35.00000465074977
  1
KMMXG10.16.3-2
 41
0.6
  7
$TD_AUDIT_GENERATED_(2C7)
 11
21301.88245671183
 21
17168.73659973453
 31
0.0
100
AcDbAttribute
  2
2
 70
     8
 74
     2
  0
ATTRIB
  5
2CB7F
330
2CB7C
100
AcDbEntity
  8
0
 62
   141
100
AcDbText
 10
21722.47870283852
 20
17150.84553590468
 30
0.0
 40
35.00000465074977
  1
钢板1
 41
0.7
  7
$TD_AUDIT_GENERATED_(2C8)
 11
21722.47870283852
 21
17168.34553823005
 31
0.0
100
AcDbAttribute
  2
3
 70
     8
 74
     2
  0
ATTRIB
  5
2CB80
330
2CB7C
100
AcDbEntity
  8
0
100
AcDbText
 10
22136.64542453906
 20
17151.23659740916
 30
0.0
 40
35.00000465074977
  1
1
 41
0.7
  7
$TD_AUDIT_GENERATED_(2C7)
 72
     1
 11
22142.47875864752
 21
17168.73659973453
 31
0.0
100
AcDbAttribute
  2
4
 70
     8
 74
     2
  0
ATTRIB
  5
2CB81
330
2CB7C
100
AcDbEntity
  8
0
 62
   141
100
AcDbText
 10
22222.47876927773
 20
17155.34274320617
 30
0.0
 40
35.00000465074977
  1
Q235-A
 41
0.7
 51
10.0
  7
$TD_AUDIT_GENERATED_(2C8)
 11
22222.47876927773
 21
17172.84274553155
 31
0.0
100
AcDbAttribute
  2
5
 70
     8
 74
     2
  0
ATTRIB
  5
2CB82
330
2CB7C
100
AcDbEntity
  8
0
100
AcDbText
 10
22542.47881179895
 20
17186.23660205991
 30
0.0
 40
35.00000465074977
  1

 41
0.7
  7
$TD_AUDIT_GENERATED_(2C7)
 72
     1
 11
22542.47881179895
 21
17203.73660438528
 31
0.0
100
AcDbAttribute
  2
6
 70
     8
 74
     2
  0
ATTRIB
  5
2CB83
330
2CB7C
100
AcDbEntity
  8
0
100
AcDbText
 10
22620.89548888545
 20
17151.23659740916
 30
0.0
 40
35.00000465074977
  1
27
 41
0.7
  7
$TD_AUDIT_GENERATED_(2C7)
 72
     1
 11
22642.47882508674
 21
17168.73659973453
 31
0.0
100
AcDbAttribute
  2
7
 70
     8
 74
     2
  0
ATTRIB
  5
2CB84
330
2CB7C
100
AcDbEntity
  8
0
100
AcDbText
 10
22842.4788516625
 20
17186.23660205991
 30
0.0
 40
35.00000465074977
  1

 41
0.7
  7
$TD_AUDIT_GENERATED_(2C8)
 72
     1
 11
22842.4788516625
 21
17203.73660438528
 31
0.0
100
AcDbAttribute
  2
8
 70
     8
 74
     2
  0
SEQEND
  5
2CB85
330
2CB7C
100
AcDbEntity
  8
$TD_AUDIT_GENERATED_(2C5)
  0
INSERT
  5
2CB86
330
1F
100
AcDbEntity
  8
$TD_AUDIT_GENERATED_(2C5)
100
AcDbBlockReference
 66
     1
  2
*U3
 10
21192.47863241287
 20
17133.73659508381
 30
0.0
 41
-10.00000000000001
 42
10.00000000000001
 43
10.00000000000001
 50
180.0
  0
ATTRIB
  5
2CB87
330
2CB86
100
AcDbEntity
  8
0
100
AcDbText
 10
21242.47863241305
 20
17081.2365950836
 30
0.0
 40
35.00000000013359
  1

 41
0.6999999999999998
  7
$TD_AUDIT_GENERATED_(2C7)
 72
     1
 11
21242.47863241305
 21
17098.73659508367
 31
0.0
100
AcDbAttribute
  2
1
 70
     8
 74
     2
  0
ATTRIB
  5
2CB88
330
2CB86
100
AcDbEntity
  8
0
 62
   141
100
AcDbText
 10
21301.97986950997
 20
17081.2365950836
 30
0.0
 40
35.00000000013359
  1
KMMXG10.16.3-3
 41
0.6
  7
$TD_AUDIT_GENERATED_(2C7)
 11
21301.97986950997
 21
17098.73659508367
 31
0.0
100
AcDbAttribute
  2
2
 70
     8
 74
     2
  0
ATTRIB
  5
2CB89
330
2CB86
100
AcDbEntity
  8
0
 62
   141
100
AcDbText
 10
21722.47863241489
 20
17080.65000290483
 30
0.0
 40
35.00000000013359
  1
折弯板1
 41
0.6999999999999998
  7
$TD_AUDIT_GENERATED_(2C8)
 11
21722.47863241489
 21
17098.1500029049
 31
0.0
100
AcDbAttribute
  2
3
 70
     8
 74
     2
  0
ATTRIB
  5
2CB8A
330
2CB86
100
AcDbEntity
  8
0
100
AcDbText
 10
22136.64529908309
 20
17081.2365950836
 30
0.0
 40
35.00000000013359
  1
1
 41
0.6999999999999998
  7
$TD_AUDIT_GENERATED_(2C7)
 72
     1
 11
22142.47863241645
 21
17098.73659508367
 31
0.0
100
AcDbAttribute
  2
4
 70
     8
 74
     2
  0
ATTRIB
  5
2CB8B
330
2CB86
100
AcDbEntity
  8
0
 62
   141
100
AcDbText
 10
22222.47863241686
 20
17085.34274033502
 30
0.0
 40
35.00000000013359
  1
Q235-A
 41
0.7
  7
$TD_AUDIT_GENERATED_(2C8)
 11
22222.47863241686
 21
17102.84274033508
 31
0.0
100
AcDbAttribute
  2
5
 70
     8
 74
     2
  0
ATTRIB
  5
2CB8C
330
2CB86
100
AcDbEntity
  8
0
100
AcDbText
 10
22542.47863241805
 20
17116.23659508374
 30
0.0
 40
35.00000000013359
  1

 41
0.6999999999999998
  7
$TD_AUDIT_GENERATED_(2C7)
 72
     1
 11
22542.47863241805
 21
17133.7365950838
 31
0.0
100
AcDbAttribute
  2
6
 70
     8
 74
     2
  0
ATTRIB
  5
2CB8D
330
2CB86
100
AcDbEntity
  8
0
100
AcDbText
 10
22602.8119657516
 20
17081.2365950836
 30
0.0
 40
35.00000000013359
  1
35.9
 41
0.6999999999999998
  7
$TD_AUDIT_GENERATED_(2C7)
 72
     1
 11
22642.47863241842
 21
17098.73659508367
 31
0.0
100
AcDbAttribute
  2
7
 70
     8
 74
     2
  0
ATTRIB
  5
2CB8E
330
2CB86
100
AcDbEntity
  8
0
100
AcDbText
 10
22842.47863241921
 20
17116.23659508374
 30
0.0
 40
35.00000000013359
  1

 41
0.6999999999999998
  7
$TD_AUDIT_GENERATED_(2C8)
 72
     1
 11
22842.47863241921
 21
17133.7365950838
 31
0.0
100
AcDbAttribute
  2
8
 70
     8
 74
     2
  0
SEQEND
  5
2CB8F
330
2CB86
100
AcDbEntity
  8
$TD_AUDIT_GENERATED_(2C5)
  0
INSERT
  5
2CB90
330
1F
100
AcDbEntity
  8
$TD_AUDIT_GENERATED_(2C5)
100
AcDbBlockReference
 66
     1
  2
*U3
 10
21192.47863241287
 20
16783.73659508325
 30
0.0
 41
-10.00000000000001
 42
10.00000000000001
 43
10.00000000000001
 50
180.0
  0
ATTRIB
  5
2CB91
330
2CB90
100
AcDbEntity
  8
0
100
AcDbText
 10
21242.47863241305
 20
16731.23659508304
 30
0.0
 40
35.00000000013359
  1

 41
0.6999999999999998
  7
$TD_AUDIT_GENERATED_(2C7)
 72
     1
 11
21242.47863241305
 21
16748.73659508311
 31
0.0
100
AcDbAttribute
  2
1
 70
     8
 74
     2
  0
ATTRIB
  5
2CB92
330
2CB90
100
AcDbEntity
  8
0
 62
   141
100
AcDbText
 10
21301.97986950997
 20
16731.23659508304
 30
0.0
 40
35.00000000013359
  1
KMMXG10.16.3-8
 41
0.6
  7
$TD_AUDIT_GENERATED_(2C7)
 11
21301.97986950997
 21
16748.73659508311
 31
0.0
100
AcDbAttribute
  2
2
 70
     8
 74
     2
  0
ATTRIB
  5
2CB93
330
2CB90
100
AcDbEntity
  8
0
 62
   141
100
AcDbText
 10
21722.47863241489
 20
16730.45447217801
 30
0.0
 40
35.00000000013359
  1
角钢 80X8 L=1350
 41
0.6999999999999998
  7
$TD_AUDIT_GENERATED_(2C8)
 11
21722.47863241489
 21
16747.95447217808
 31
0.0
100
AcDbAttribute
  2
3
 70
     8
 74
     2
  0
ATTRIB
  5
2CB94
330
2CB90
100
AcDbEntity
  8
0
100
AcDbText
 10
22132.56196574974
 20
16731.23659508304
 30
0.0
 40
35.00000000013359
  1
2
 41
0.6999999999999998
  7
$TD_AUDIT_GENERATED_(2C7)
 72
     1
 11
22142.47863241645
 21
16748.73659508311
 31
0.0
100
AcDbAttribute
  2
4
 70
     8
 74
     2
  0
ATTRIB
  5
2CB95
330
2CB90
100
AcDbEntity
  8
0
 62
   141
100
AcDbText
 10
22222.47863241686
 20
16735.34274033446
 30
0.0
 40
35.00000000013359
  1
Q235-A
 41
0.7
  7
$TD_AUDIT_GENERATED_(2C8)
 11
22222.47863241686
 21
16752.84274033452
 31
0.0
100
AcDbAttribute
  2
5
 70
     8
 74
     2
  0
ATTRIB
  5
2CB96
330
2CB90
100
AcDbEntity
  8
0
100
AcDbText
 10
22505.72863241791
 20
16731.23659508304
 30
0.0
 40
35.00000000013359
  1
13.3
 41
0.6999999999999998
  7
$TD_AUDIT_GENERATED_(2C7)
 72
     1
 11
22542.47863241805
 21
16748.73659508311
 31
0.0
100
AcDbAttribute
  2
6
 70
     8
 74
     2
  0
ATTRIB
  5
2CB97
330
2CB90
100
AcDbEntity
  8
0
100
AcDbText
 10
22602.8119657516
 20
16731.23659508304
 30
0.0
 40
35.00000000013359
  1
26.6
 41
0.6999999999999998
  7
$TD_AUDIT_GENERATED_(2C7)
 72
     1
 11
22642.47863241842
 21
16748.73659508311
 31
0.0
100
AcDbAttribute
  2
7
 70
     8
 74
     2
  0
ATTRIB
  5
2CB98
330
2CB90
100
AcDbEntity
  8
0
100
AcDbText
 10
22807.43952627383
 20
16730.65000290427
 30
0.0
 40
35.00000000013359
  1
无图
 41
0.6999999999999998
  7
$TD_AUDIT_GENERATED_(2C8)
 72
     1
 11
22842.47863241921
 21
16748.15000290434
 31
0.0
100
AcDbAttribute
  2
8
 70
     8
 74
     2
  0
SEQEND
  5
2CB99
330
2CB90
100
AcDbEntity
  8
$TD_AUDIT_GENERATED_(2C5)
  0
INSERT
  5
2CB9A
330
1F
100
AcDbEntity
  8
$TD_AUDIT_GENERATED_(2C5)
100
AcDbBlockReference
 66
     1
  2
*U3
 10
21192.47863241287
 20
16713.73659508325
 30
0.0
 41
-10.00000000000001
 42
10.00000000000001
 43
10.00000000000001
 50
180.0
  0
ATTRIB
  5
2CB9B
330
2CB9A
100
AcDbEntity
  8
0
100
AcDbText
 10
21242.47863241305
 20
16661.23659508304
 30
0.0
 40
35.00000000013359
  1

 41
0.6999999999999998
  7
$TD_AUDIT_GENERATED_(2C7)
 72
     1
 11
21242.47863241305
 21
16678.73659508311
 31
0.0
100
AcDbAttribute
  2
1
 70
     8
 74
     2
  0
ATTRIB
  5
2CB9C
330
2CB9A
100
AcDbEntity
  8
0
 62
   141
100
AcDbText
 10
21301.97986950997
 20
16661.23659508304
 30
0.0
 40
35.00000000013359
  1
KMMXG10.16.3-9
 41
0.6
  7
$TD_AUDIT_GENERATED_(2C7)
 11
21301.97986950997
 21
16678.73659508311
 31
0.0
100
AcDbAttribute
  2
2
 70
     8
 74
     2
  0
ATTRIB
  5
2CB9D
330
2CB9A
100
AcDbEntity
  8
0
 62
   141
100
AcDbText
 10
21722.47863241489
 20
16660.45447217801
 30
0.0
 40
35.00000000013359
  1
底板
 41
0.6999999999999998
  7
$TD_AUDIT_GENERATED_(2C8)
 11
21722.47863241489
 21
16677.95447217808
 31
0.0
100
AcDbAttribute
  2
3
 70
     8
 74
     2
  0
ATTRIB
  5
2CB9E
330
2CB9A
100
AcDbEntity
  8
0
100
AcDbText
 10
22132.56196574974
 20
16661.23659508304
 30
0.0
 40
35.00000000013359
  1
2
 41
0.6999999999999998
  7
$TD_AUDIT_GENERATED_(2C7)
 72
     1
 11
22142.47863241645
 21
16678.73659508311
 31
0.0
100
AcDbAttribute
  2
4
 70
     8
 74
     2
  0
ATTRIB
  5
2CB9F
330
2CB9A
100
AcDbEntity
  8
0
 62
   141
100
AcDbText
 10
22222.47863241686
 20
16665.34274033446
 30
0.0
 40
35.00000000013359
  1
Q235-A
 41
0.7
  7
$TD_AUDIT_GENERATED_(2C8)
 11
22222.47863241686
 21
16682.84274033452
 31
0.0
100
AcDbAttribute
  2
5
 70
     8
 74
     2
  0
ATTRIB
  5
2CBA0
330
2CB9A
100
AcDbEntity
  8
0
100
AcDbText
 10
22515.06196575128
 20
16661.23659508304
 30
0.0
 40
35.00000000013359
  1
0.4
 41
0.6999999999999998
  7
$TD_AUDIT_GENERATED_(2C7)
 72
     1
 11
22542.47863241805
 21
16678.73659508311
 31
0.0
100
AcDbAttribute
  2
6
 70
     8
 74
     2
  0
ATTRIB
  5
2CBA1
330
2CB9A
100
AcDbEntity
  8
0
100
AcDbText
 10
22614.47863241831
 20
16661.23659508304
 30
0.0
 40
35.00000000013359
  1
0.8
 41
0.6999999999999998
  7
$TD_AUDIT_GENERATED_(2C7)
 72
     1
 11
22642.47863241842
 21
16678.73659508311
 31
0.0
100
AcDbAttribute
  2
7
 70
     8
 74
     2
  0
ATTRIB
  5
2CBA2
330
2CB9A
100
AcDbEntity
  8
0
100
AcDbText
 10
22842.47863241921
 20
16696.23659508318
 30
0.0
 40
35.00000000013359
  1

 41
0.6999999999999998
  7
$TD_AUDIT_GENERATED_(2C8)
 72
     1
 11
22842.47863241921
 21
16713.73659508324
 31
0.0
100
AcDbAttribute
  2
8
 70
     8
 74
     2
  0
SEQEND
  5
2CBA3
330
2CB9A
100
AcDbEntity
  8
$TD_AUDIT_GENERATED_(2C5)
  0
INSERT
  5
2CBA4
330
1F
100
AcDbEntity
  8
$TD_AUDIT_GENERATED_(2C5)
100
AcDbBlockReference
 66
     1
  2
$TD_AUDIT_GENERATED_(8CD2)
 10
21192.47838471383
 20
16573.73659508324
 30
0.0
 41
-10.00000132878166
 42
10.00000132878166
 43
10.00000132878166
 50
180.0
  0
ATTRIB
  5
2CBA5
330
2CBA4
100
AcDbEntity
  8
0
100
AcDbText
 10
21242.47839135774
 20
16521.23658810712
 30
0.0
 40
35.00000465074974
  1

 41
0.7
  7
$TD_AUDIT_GENERATED_(2C7)
 72
     1
 11
21242.47839135774
 21
16538.73659043249
 31
0.0
100
AcDbAttribute
  2
1
 70
     8
 74
     2
  0
ATTRIB
  5
2CBA6
330
2CBA4
100
AcDbEntity
  8
0
 62
   141
100
AcDbText
 10
21299.85731714937
 20
16521.23658810712
 30
0.0
 40
35.00000465074974
  1
KMMXG10.16.3-11
 41
0.6
  7
$TD_AUDIT_GENERATED_(2C7)
 11
21299.85731714937
 21
16538.73659043249
 31
0.0
100
AcDbAttribute
  2
2
 70
     8
 74
     2
  0
ATTRIB
  5
2CBA7
330
2CBA4
100
AcDbEntity
  8
0
 62
   141
100
AcDbText
 10
21722.47845513948
 20
16520.06340359368
 30
0.0
 40
35.00000465074974
  1
钢管 %%C76X4，L=68 
 41
0.7
  7
$TD_AUDIT_GENERATED_(2C8)
 11
21722.47845513948
 21
16537.56340591906
 31
0.0
100
AcDbAttribute
  2
3
 70
     8
 74
     2
  0
ATTRIB
  5
2CBA8
330
2CBA4
100
AcDbEntity
  8
0
100
AcDbText
 10
22136.64517683998
 20
16521.23658810712
 30
0.0
 40
35.00000465074974
  1
1
 41
0.7
  7
$TD_AUDIT_GENERATED_(2C7)
 72
     1
 11
22142.47851094844
 21
16538.73659043249
 31
0.0
100
AcDbAttribute
  2
4
 70
     8
 74
     2
  0
ATTRIB
  5
2CBA9
330
2CBA4
100
AcDbEntity
  8
0
 62
   141
100
AcDbText
 10
22222.4785215787
 20
16525.34273390413
 30
0.0
 40
35.00000465074974
  1
Q235-A
 41
0.7
 51
10.0
  7
$TD_AUDIT_GENERATED_(2C8)
 11
22222.4785215787
 21
16542.84273622951
 31
0.0
100
AcDbAttribute
  2
5
 70
     8
 74
     2
  0
ATTRIB
  5
2CBAA
330
2CBA4
100
AcDbEntity
  8
0
100
AcDbText
 10
22542.47856409987
 20
16556.23659275787
 30
0.0
 40
35.00000465074974
  1

 41
0.7
  7
$TD_AUDIT_GENERATED_(2C7)
 72
     1
 11
22542.47856409987
 21
16573.73659508324
 31
0.0
100
AcDbAttribute
  2
6
 70
     8
 74
     2
  0
ATTRIB
  5
2CBAB
330
2CBA4
100
AcDbEntity
  8
0
100
AcDbText
 10
22613.89524025626
 20
16521.23658810712
 30
0.0
 40
35.00000465074974
  1
0.5
 41
0.7
  7
$TD_AUDIT_GENERATED_(2C7)
 72
     1
 11
22642.4785773877
 21
16538.73659043249
 31
0.0
100
AcDbAttribute
  2
7
 70
     8
 74
     2
  0
ATTRIB
  5
2CBAC
330
2CBA4
100
AcDbEntity
  8
0
100
AcDbText
 10
22807.43949316227
 20
16520.6499958504
 30
0.0
 40
35.00000465074974
  1
无图
 41
0.7
  7
$TD_AUDIT_GENERATED_(2C8)
 72
     1
 11
22842.47860396347
 21
16538.14999817577
 31
0.0
100
AcDbAttribute
  2
8
 70
     8
 74
     2
  0
SEQEND
  5
2CBAD
330
2CBA4
100
AcDbEntity
  8
$TD_AUDIT_GENERATED_(2C5)
  0
INSERT
  5
2CBAE
330
1F
100
AcDbEntity
  8
$TD_AUDIT_GENERATED_(2C5)
100
AcDbBlockReference
 66
     1
  2
*U3
 10
21192.47863241287
 20
16643.73659508325
 30
0.0
 41
-10.00000000000001
 42
10.00000000000001
 43
10.00000000000001
 50
180.0
  0
ATTRIB
  5
2CBAF
330
2CBAE
100
AcDbEntity
  8
0
100
AcDbText
 10
21242.47863241306
 20
16591.23659508304
 30
0.0
 40
35.00000000013359
  1

 41
0.6999999999999998
  7
$TD_AUDIT_GENERATED_(2C7)
 72
     1
 11
21242.47863241306
 21
16608.73659508311
 31
0.0
100
AcDbAttribute
  2
1
 70
     8
 74
     2
  0
ATTRIB
  5
2CBB0
330
2CBAE
100
AcDbEntity
  8
0
 62
   141
100
AcDbText
 10
21301.97986950996
 20
16591.23659508304
 30
0.0
 40
35.00000000013359
  1
KMMXG10.16.3-10
 41
0.6
  7
$TD_AUDIT_GENERATED_(2C7)
 11
21301.97986950996
 21
16608.73659508311
 31
0.0
100
AcDbAttribute
  2
2
 70
     8
 74
     2
  0
ATTRIB
  5
2CBB1
330
2CBAE
100
AcDbEntity
  8
0
 62
   141
100
AcDbText
 10
21722.4786324149
 20
16588.49916491544
 30
0.0
 40
35.00000000013359
  1
法兰
 41
0.6999999999999998
  7
$TD_AUDIT_GENERATED_(2C8)
 11
21722.4786324149
 21
16605.9991649155
 31
0.0
100
AcDbAttribute
  2
3
 70
     8
 74
     2
  0
ATTRIB
  5
2CBB2
330
2CBAE
100
AcDbEntity
  8
0
100
AcDbText
 10
22136.64529908309
 20
16591.23659508304
 30
0.0
 40
35.00000000013359
  1
1
 41
0.6999999999999998
  7
$TD_AUDIT_GENERATED_(2C7)
 72
     1
 11
22142.47863241644
 21
16608.73659508311
 31
0.0
100
AcDbAttribute
  2
4
 70
     8
 74
     2
  0
ATTRIB
  5
2CBB3
330
2CBAE
100
AcDbEntity
  8
0
 62
   141
100
AcDbText
 10
22222.47863241686
 20
16595.34274033446
 30
0.0
 40
35.00000000013359
  1
Q235-A
 41
0.7
  7
$TD_AUDIT_GENERATED_(2C8)
 11
22222.47863241686
 21
16612.84274033452
 31
0.0
100
AcDbAttribute
  2
5
 70
     8
 74
     2
  0
ATTRIB
  5
2CBB4
330
2CBAE
100
AcDbEntity
  8
0
100
AcDbText
 10
22515.06196575127
 20
16591.23659508304
 30
0.0
 40
35.00000000013359
  1
2.6
 41
0.6999999999999998
  7
$TD_AUDIT_GENERATED_(2C7)
 72
     1
 11
22542.47863241804
 21
16608.73659508311
 31
0.0
100
AcDbAttribute
  2
6
 70
     8
 74
     2
  0
ATTRIB
  5
2CBB5
330
2CBAE
100
AcDbEntity
  8
0
100
AcDbText
 10
22615.06196575165
 20
16591.23659508304
 30
0.0
 40
35.00000000013359
  1
2.6
 41
0.6999999999999998
  7
$TD_AUDIT_GENERATED_(2C7)
 72
     1
 11
22642.47863241842
 21
16608.73659508311
 31
0.0
100
AcDbAttribute
  2
7
 70
     8
 74
     2
  0
ATTRIB
  5
2CBB6
330
2CBAE
100
AcDbEntity
  8
0
100
AcDbText
 10
22842.47863241921
 20
16626.23659508318
 30
0.0
 40
35.00000000013359
  1

 41
0.6999999999999998
  7
$TD_AUDIT_GENERATED_(2C8)
 72
     1
 11
22842.47863241921
 21
16643.73659508324
 31
0.0
100
AcDbAttribute
  2
8
 70
     8
 74
     2
  0
SEQEND
  5
2CBB7
330
2CBAE
100
AcDbEntity
  8
$TD_AUDIT_GENERATED_(2C5)
  0
INSERT
  5
2CBB8
330
1F
100
AcDbEntity
  8
$TD_AUDIT_GENERATED_(2C5)
100
AcDbBlockReference
 66
     1
  2
$TD_AUDIT_GENERATED_(8CD2)
 10
21192.47838471383
 20
16433.7365764803
 30
0.0
 41
-10.00000132878167
 42
10.00000132878167
 43
10.00000132878167
 50
180.0
  0
ATTRIB
  5
2CBB9
330
2CBB8
100
AcDbEntity
  8
0
100
AcDbText
 10
21242.47839135774
 20
16381.23656950417
 30
0.0
 40
35.00000465074977
  1

 41
0.7
  7
$TD_AUDIT_GENERATED_(2C7)
 72
     1
 11
21242.47839135774
 21
16398.73657182955
 31
0.0
100
AcDbAttribute
  2
1
 70
     8
 74
     2
  0
ATTRIB
  5
2CBBA
330
2CBB8
100
AcDbEntity
  8
0
 62
   141
100
AcDbText
 10
21304.13116856566
 20
16381.23656950417
 30
0.0
 40
35.00000465074977
  1
KMMXG10.16.3-13
 41
0.6
  7
$TD_AUDIT_GENERATED_(2C7)
 11
21304.13116856566
 21
16398.73657182955
 31
0.0
100
AcDbAttribute
  2
2
 70
     8
 74
     2
  0
ATTRIB
  5
2CBBB
330
2CBB8
100
AcDbEntity
  8
0
 62
   141
100
AcDbText
 10
21722.47845513948
 20
16379.8678542385
 30
0.0
 40
35.00000465074977
  1
料位计法兰
 41
0.7
  7
$TD_AUDIT_GENERATED_(2C8)
 11
21722.47845513948
 21
16397.36785656387
 31
0.0
100
AcDbAttribute
  2
3
 70
     8
 74
     2
  0
ATTRIB
  5
2CBBC
330
2CBB8
100
AcDbEntity
  8
0
100
AcDbText
 10
22136.64517683998
 20
16381.23656950417
 30
0.0
 40
35.00000465074977
  1
1
 41
0.7
  7
$TD_AUDIT_GENERATED_(2C7)
 72
     1
 11
22142.47851094844
 21
16398.73657182955
 31
0.0
100
AcDbAttribute
  2
4
 70
     8
 74
     2
  0
ATTRIB
  5
2CBBD
330
2CBB8
100
AcDbEntity
  8
0
 62
   141
100
AcDbText
 10
22222.4785215787
 20
16385.34271530119
 30
0.0
 40
35.00000465074977
  1
Q235-A
 41
0.7
 51
10.0
  7
$TD_AUDIT_GENERATED_(2C8)
 11
22222.4785215787
 21
16402.84271762656
 31
0.0
100
AcDbAttribute
  2
5
 70
     8
 74
     2
  0
ATTRIB
  5
2CBBE
330
2CBB8
100
AcDbEntity
  8
0
100
AcDbText
 10
22542.47856409987
 20
16416.23657415492
 30
0.0
 40
35.00000465074977
  1

 41
0.7
  7
$TD_AUDIT_GENERATED_(2C7)
 72
     1
 11
22542.47856409987
 21
16433.7365764803
 31
0.0
100
AcDbAttribute
  2
6
 70
     8
 74
     2
  0
ATTRIB
  5
2CBBF
330
2CBB8
100
AcDbEntity
  8
0
100
AcDbText
 10
22615.06190707796
 20
16381.23656950417
 30
0.0
 40
35.00000465074977
  1
2.6
 41
0.7
  7
$TD_AUDIT_GENERATED_(2C7)
 72
     1
 11
22642.47857738771
 21
16398.73657182955
 31
0.0
100
AcDbAttribute
  2
7
 70
     8
 74
     2
  0
ATTRIB
  5
2CBC0
330
2CBB8
100
AcDbEntity
  8
0
100
AcDbText
 10
22842.47860396347
 20
16416.23657415492
 30
0.0
 40
35.00000465074977
  1

 41
0.7
  7
$TD_AUDIT_GENERATED_(2C8)
 72
     1
 11
22842.47860396347
 21
16433.7365764803
 31
0.0
100
AcDbAttribute
  2
8
 70
     8
 74
     2
  0
SEQEND
  5
2CBC1
330
2CBB8
100
AcDbEntity
  8
$TD_AUDIT_GENERATED_(2C5)
  0
INSERT
  5
2CBC2
330
1F
100
AcDbEntity
  8
$TD_AUDIT_GENERATED_(2C5)
100
AcDbBlockReference
 66
     1
  2
$TD_AUDIT_GENERATED_(8CD2)
 10
21192.47838471383
 20
16363.73656717883
 30
0.0
 41
-10.00000132878167
 42
10.00000132878167
 43
10.00000132878167
 50
180.0
  0
ATTRIB
  5
2CBC3
330
2CBC2
100
AcDbEntity
  8
0
100
AcDbText
 10
21242.47839135774
 20
16311.2365602027
 30
0.0
 40
35.00000465074977
  1

 41
0.7
  7
$TD_AUDIT_GENERATED_(2C7)
 72
     1
 11
21242.47839135774
 21
16328.73656252807
 31
0.0
100
AcDbAttribute
  2
1
 70
     8
 74
     2
  0
ATTRIB
  5
2CBC4
330
2CBC2
100
AcDbEntity
  8
0
 62
   141
100
AcDbText
 10
21304.13116856566
 20
16311.2365602027
 30
0.0
 40
35.00000465074977
  1
KMMXG10.16.3-14
 41
0.6
  7
$TD_AUDIT_GENERATED_(2C7)
 11
21304.13116856566
 21
16328.73656252807
 31
0.0
100
AcDbAttribute
  2
2
 70
     8
 74
     2
  0
ATTRIB
  5
2CBC5
330
2CBC2
100
AcDbEntity
  8
0
 62
   141
100
AcDbText
 10
21722.47845513948
 20
16310.45443719374
 30
0.0
 40
35.00000465074977
  1
角钢 100X10 L=190
 41
0.7
  7
$TD_AUDIT_GENERATED_(2C8)
 11
21722.47845513948
 21
16327.95443951912
 31
0.0
100
AcDbAttribute
  2
3
 70
     8
 74
     2
  0
ATTRIB
  5
2CBC6
330
2CBC2
100
AcDbEntity
  8
0
100
AcDbText
 10
22136.64517683998
 20
16311.2365602027
 30
0.0
 40
35.00000465074977
  1
1
 41
0.7
  7
$TD_AUDIT_GENERATED_(2C7)
 72
     1
 11
22142.47851094844
 21
16328.73656252807
 31
0.0
100
AcDbAttribute
  2
4
 70
     8
 74
     2
  0
ATTRIB
  5
2CBC7
330
2CBC2
100
AcDbEntity
  8
0
 62
   141
100
AcDbText
 10
22222.4785215787
 20
16315.34270599971
 30
0.0
 40
35.00000465074977
  1
Q235-A
 41
0.7
 51
10.0
  7
$TD_AUDIT_GENERATED_(2C8)
 11
22222.4785215787
 21
16332.84270832509
 31
0.0
100
AcDbAttribute
  2
5
 70
     8
 74
     2
  0
ATTRIB
  5
2CBC8
330
2CBC2
100
AcDbEntity
  8
0
100
AcDbText
 10
22514.47856037927
 20
16311.2365602027
 30
0.0
 40
35.00000465074977
  1
0.3
 41
0.7
  7
$TD_AUDIT_GENERATED_(2C7)
 72
     1
 11
22542.47856409987
 21
16328.73656252807
 31
0.0
100
AcDbAttribute
  2
6
 70
     8
 74
     2
  0
ATTRIB
  5
2CBC9
330
2CBC2
100
AcDbEntity
  8
0
100
AcDbText
 10
22614.47857366711
 20
16311.2365602027
 30
0.0
 40
35.00000465074977
  1
0.3
 41
0.7
  7
$TD_AUDIT_GENERATED_(2C7)
 72
     1
 11
22642.47857738771
 21
16328.73656252807
 31
0.0
100
AcDbAttribute
  2
7
 70
     8
 74
     2
  0
ATTRIB
  5
2CBCA
330
2CBC2
100
AcDbEntity
  8
0
100
AcDbText
 10
22807.43949316227
 20
16310.64996794598
 30
0.0
 40
35.00000465074977
  1
无图
 41
0.7
  7
$TD_AUDIT_GENERATED_(2C8)
 72
     1
 11
22842.47860396347
 21
16328.14997027136
 31
0.0
100
AcDbAttribute
  2
8
 70
     8
 74
     2
  0
SEQEND
  5
2CBCB
330
2CBC2
100
AcDbEntity
  8
$TD_AUDIT_GENERATED_(2C5)
  0
INSERT
  5
2CBCC
330
1F
100
AcDbEntity
  8
$TD_AUDIT_GENERATED_(2C5)
100
AcDbBlockReference
 66
     1
  2
$TD_AUDIT_GENERATED_(8CD2)
 10
21192.47838471383
 20
16293.73655787735
 30
0.0
 41
-10.00000132878167
 42
10.00000132878167
 43
10.00000132878167
 50
180.0
  0
ATTRIB
  5
2CBCD
330
2CBCC
100
AcDbEntity
  8
0
100
AcDbText
 10
21242.47839135774
 20
16241.23655090123
 30
0.0
 40
35.00000465074977
  1

 41
0.7
  7
$TD_AUDIT_GENERATED_(2C7)
 72
     1
 11
21242.47839135774
 21
16258.73655322661
 31
0.0
100
AcDbAttribute
  2
1
 70
     8
 74
     2
  0
ATTRIB
  5
2CBCE
330
2CBCC
100
AcDbEntity
  8
0
 62
   141
100
AcDbText
 10
21304.13116856566
 20
16241.23655090123
 30
0.0
 40
35.00000465074977
  1
KMMXG10.16.3-15
 41
0.6
  7
$TD_AUDIT_GENERATED_(2C7)
 11
21304.13116856566
 21
16258.73655322661
 31
0.0
100
AcDbAttribute
  2
2
 70
     8
 74
     2
  0
ATTRIB
  5
2CBCF
330
2CBCC
100
AcDbEntity
  8
0
 62
   141
100
AcDbText
 10
21722.47845513948
 20
16240.45442789227
 30
0.0
 40
35.00000465074977
  1
割料板
 41
0.7
  7
$TD_AUDIT_GENERATED_(2C8)
 11
21722.47845513948
 21
16257.95443021765
 31
0.0
100
AcDbAttribute
  2
3
 70
     8
 74
     2
  0
ATTRIB
  5
2CBD0
330
2CBCC
100
AcDbEntity
  8
0
100
AcDbText
 10
22133.1451763749
 20
16241.23655090123
 30
0.0
 40
35.00000465074977
  1
3
 41
0.7
  7
$TD_AUDIT_GENERATED_(2C7)
 72
     1
 11
22142.47851094844
 21
16258.73655322661
 31
0.0
100
AcDbAttribute
  2
4
 70
     8
 74
     2
  0
ATTRIB
  5
2CBD1
330
2CBCC
100
AcDbEntity
  8
0
 62
   141
100
AcDbText
 10
22222.4785215787
 20
16245.34269669825
 30
0.0
 40
35.00000465074977
  1
Q235-A
 41
0.7
 51
10.0
  7
$TD_AUDIT_GENERATED_(2C8)
 11
22222.4785215787
 21
16262.84269902362
 31
0.0
100
AcDbAttribute
  2
5
 70
     8
 74
     2
  0
ATTRIB
  5
2CBD2
330
2CBCC
100
AcDbEntity
  8
0
100
AcDbText
 10
22502.81189216235
 20
16241.23655090123
 30
0.0
 40
35.00000465074977
  1
0.06
 41
0.7
  7
$TD_AUDIT_GENERATED_(2C7)
 72
     1
 11
22542.47856409987
 21
16258.73655322661
 31
0.0
100
AcDbAttribute
  2
6
 70
     8
 74
     2
  0
ATTRIB
  5
2CBD3
330
2CBCC
100
AcDbEntity
  8
0
100
AcDbText
 10
22606.31190591527
 20
16241.23655090123
 30
0.0
 40
35.00000465074977
  1
0.18
 41
0.7
  7
$TD_AUDIT_GENERATED_(2C7)
 72
     1
 11
22642.47857738771
 21
16258.73655322661
 31
0.0
100
AcDbAttribute
  2
7
 70
     8
 74
     2
  0
ATTRIB
  5
2CBD4
330
2CBCC
100
AcDbEntity
  8
0
100
AcDbText
 10
22842.47860396347
 20
16276.23655555198
 30
0.0
 40
35.00000465074977
  1

 41
0.7
  7
$TD_AUDIT_GENERATED_(2C8)
 72
     1
 11
22842.47860396347
 21
16293.73655787735
 31
0.0
100
AcDbAttribute
  2
8
 70
     8
 74
     2
  0
SEQEND
  5
2CBD5
330
2CBCC
100
AcDbEntity
  8
$TD_AUDIT_GENERATED_(2C5)
  0
INSERT
  5
2CBD6
330
1F
100
AcDbEntity
  8
$TD_AUDIT_GENERATED_(2C5)
100
AcDbBlockReference
 66
     1
  2
$TD_AUDIT_GENERATED_(8CD2)
 10
21192.47838471383
 20
16223.73654857588
 30
0.0
 41
-10.00000132878167
 42
10.00000132878167
 43
10.00000132878167
 50
180.0
  0
ATTRIB
  5
2CBD7
330
2CBD6
100
AcDbEntity
  8
0
100
AcDbText
 10
21218.56172151306
 20
16171.23654159976
 30
0.0
 40
35.00000465074977
  1
5.1
 41
0.7
  7
$TD_AUDIT_GENERATED_(2C7)
 72
     1
 11
21242.47839135774
 21
16188.73654392513
 31
0.0
100
AcDbAttribute
  2
1
 70
     8
 74
     2
  0
ATTRIB
  5
2CBD8
330
2CBD6
100
AcDbEntity
  8
0
 62
   141
100
AcDbText
 10
21304.13116856566
 20
16171.23654159976
 30
0.0
 40
35.00000465074977
  1
KMMXG10.16.3.1
 41
0.6
  7
$TD_AUDIT_GENERATED_(2C7)
 11
21304.13116856566
 21
16188.73654392513
 31
0.0
100
AcDbAttribute
  2
2
 70
     8
 74
     2
  0
ATTRIB
  5
2CBD9
330
2CBD6
100
AcDbEntity
  8
0
 62
   141
100
AcDbText
 10
21722.47845513948
 20
16170.4544185908
 30
0.0
 40
35.00000465074977
  1
栏杆固定座
 41
0.7
  7
$TD_AUDIT_GENERATED_(2C8)
 11
21722.47845513948
 21
16187.95442091617
 31
0.0
100
AcDbAttribute
  2
3
 70
     8
 74
     2
  0
ATTRIB
  5
2CBDA
330
2CBD6
100
AcDbEntity
  8
0
100
AcDbText
 10
22133.72850978575
 20
16171.23654159976
 30
0.0
 40
35.00000465074977
  1
4
 41
0.7
  7
$TD_AUDIT_GENERATED_(2C7)
 72
     1
 11
22142.47851094844
 21
16188.73654392513
 31
0.0
100
AcDbAttribute
  2
4
 70
     8
 74
     2
  0
ATTRIB
  5
2CBDB
330
2CBD6
100
AcDbEntity
  8
0
 62
   141
100
AcDbText
 10
22222.4785215787
 20
16170.25888783856
 30
0.0
 40
35.00000465074977
  1
组件
 41
0.7
 51
10.0
  7
$TD_AUDIT_GENERATED_(2C8)
 11
22222.4785215787
 21
16187.75889016394
 31
0.0
100
AcDbAttribute
  2
5
 70
     8
 74
     2
  0
ATTRIB
  5
2CBDC
330
2CBD6
100
AcDbEntity
  8
0
100
AcDbText
 10
22517.97856084435
 20
16171.23654159976
 30
0.0
 40
35.00000465074977
  1
1.3
 41
0.7
  7
$TD_AUDIT_GENERATED_(2C7)
 72
     1
 11
22542.47856409987
 21
16188.73654392513
 31
0.0
100
AcDbAttribute
  2
6
 70
     8
 74
     2
  0
ATTRIB
  5
2CBDD
330
2CBD6
100
AcDbEntity
  8
0
100
AcDbText
 10
22613.89524025627
 20
16171.23654159976
 30
0.0
 40
35.00000465074977
  1
5.2
 41
0.7
  7
$TD_AUDIT_GENERATED_(2C7)
 72
     1
 11
22642.47857738771
 21
16188.73654392513
 31
0.0
100
AcDbAttribute
  2
7
 70
     8
 74
     2
  0
ATTRIB
  5
2CBDE
330
2CBD6
100
AcDbEntity
  8
0
100
AcDbText
 10
22842.47860396347
 20
16206.23654625051
 30
0.0
 40
35.00000465074977
  1

 41
0.7
  7
$TD_AUDIT_GENERATED_(2C8)
 72
     1
 11
22842.47860396347
 21
16223.73654857588
 31
0.0
100
AcDbAttribute
  2
8
 70
     8
 74
     2
  0
SEQEND
  5
2CBDF
330
2CBD6
100
AcDbEntity
  8
$TD_AUDIT_GENERATED_(2C5)
  0
INSERT
  5
2CBE0
330
1F
100
AcDbEntity
  8
$TD_AUDIT_GENERATED_(2C5)
100
AcDbBlockReference
 66
     1
  2
$TD_AUDIT_GENERATED_(8CD2)
 10
21192.47838471383
 20
16153.73653927441
 30
0.0
 41
-10.00000132878166
 42
10.00000132878166
 43
10.00000132878166
 50
180.0
  0
ATTRIB
  5
2CBE1
330
2CBE0
100
AcDbEntity
  8
0
100
AcDbText
 10
21242.47839135774
 20
16136.23653694902
 30
0.0
 40
35.00000465073582
  1

 41
0.7
  7
$TD_AUDIT_GENERATED_(2C7)
 72
     1
 11
21242.47839135774
 21
16153.73653927439
 31
0.0
100
AcDbAttribute
  2
1
 70
     8
 74
     2
  0
ATTRIB
  5
2CBE2
330
2CBE0
100
AcDbEntity
  8
0
 62
   141
100
AcDbText
 10
21305.83227553398
 20
16106.20632659334
 30
0.0
 40
30.00000398634499
  1
KMMXG10.16.3.1-1
 41
0.6
  7
$TD_AUDIT_GENERATED_(2C7)
 11
21305.83227553398
 21
16121.20632858651
 31
0.0
100
AcDbAttribute
  2
2
 70
     8
 74
     2
  0
ATTRIB
  5
2CBE3
330
2CBE0
100
AcDbEntity
  8
0
 62
   141
100
AcDbText
 10
21722.4784551381
 20
16100.45440928933
 30
0.0
 40
35.00000465073582
  1
角钢90X90X9 L=100
 41
0.7
  7
$TD_AUDIT_GENERATED_(2C8)
 11
21722.4784551381
 21
16117.9544116147
 31
0.0
100
AcDbAttribute
  2
3
 70
     8
 74
     2
  0
ATTRIB
  5
2CBE4
330
2CBE0
100
AcDbEntity
  8
0
100
AcDbText
 10
22136.64517683847
 20
16101.23653229829
 30
0.0
 40
35.00000465073582
  1
1
 41
0.7
  7
$TD_AUDIT_GENERATED_(2C7)
 72
     1
 11
22142.47851094692
 21
16118.73653462366
 31
0.0
100
AcDbAttribute
  2
4
 70
     8
 74
     2
  0
ATTRIB
  5
2CBE5
330
2CBE0
100
AcDbEntity
  8
0
 62
   141
100
AcDbText
 10
22222.47852157835
 20
16109.56986673894
 30
0.0
 40
35.00000465073582
  1
Q235-A
 41
0.7
  7
$TD_AUDIT_GENERATED_(2C7)
 11
22222.47852157835
 21
16127.06986906431
 31
0.0
100
AcDbAttribute
  2
5
 70
     8
 74
     2
  0
ATTRIB
  5
2CBE6
330
2CBE0
100
AcDbEntity
  8
0
100
AcDbText
 10
22505.14522580524
 20
16101.23653229829
 30
0.0
 40
35.00000465073582
  1
1.22
 41
0.7
  7
$TD_AUDIT_GENERATED_(2C7)
 72
     1
 11
22542.47856409935
 21
16118.73653462366
 31
0.0
100
AcDbAttribute
  2
6
 70
     8
 74
     2
  0
ATTRIB
  5
2CBE7
330
2CBE0
100
AcDbEntity
  8
0
100
AcDbText
 10
22605.14523909306
 20
16101.23653229829
 30
0.0
 40
35.00000465073582
  1
1.22
 41
0.7
  7
$TD_AUDIT_GENERATED_(2C7)
 72
     1
 11
22642.47857738717
 21
16118.73653462366
 31
0.0
100
AcDbAttribute
  2
7
 70
     8
 74
     2
  0
ATTRIB
  5
2CBE8
330
2CBE0
100
AcDbEntity
  8
0
100
AcDbText
 10
22842.47860396281
 20
16136.23653694902
 30
0.0
 40
35.00000465073582
  1

 41
0.7
  7
$TD_AUDIT_GENERATED_(2C8)
 72
     1
 11
22842.47860396281
 21
16153.73653927439
 31
0.0
100
AcDbAttribute
  2
8
 70
     8
 74
     2
  0
SEQEND
  5
2CBE9
330
2CBE0
100
AcDbEntity
  8
$TD_AUDIT_GENERATED_(2C5)
  0
INSERT
  5
2CBEA
330
1F
100
AcDbEntity
  8
$TD_AUDIT_GENERATED_(2C5)
100
AcDbBlockReference
 66
     1
  2
$TD_AUDIT_GENERATED_(8CD2)
 10
21192.47843692612
 20
16083.73652997293
 30
0.0
 41
-10.00000132878166
 42
10.00000132878166
 43
10.00000132878166
 50
180.0
  0
ATTRIB
  5
2CBEB
330
2CBEA
100
AcDbEntity
  8
0
100
AcDbText
 10
21242.47844357001
 20
16066.23652764756
 30
0.0
 40
35.00000465073582
  1

 41
0.7
  7
$TD_AUDIT_GENERATED_(2C7)
 72
     1
 11
21242.47844357001
 21
16083.73652997293
 31
0.0
100
AcDbAttribute
  2
1
 70
     8
 74
     2
  0
ATTRIB
  5
2CBEC
330
2CBEA
100
AcDbEntity
  8
0
 62
   141
100
AcDbText
 10
21304.58835804831
 20
16033.77847341042
 30
0.0
 40
30.00000398634499
  1
KMMXG10.16.3.1-2
 41
0.6
  7
$TD_AUDIT_GENERATED_(2C7)
 11
21304.58835804831
 21
16048.77847540359
 31
0.0
100
AcDbAttribute
  2
2
 70
     8
 74
     2
  0
ATTRIB
  5
2CBED
330
2CBEA
100
AcDbEntity
  8
0
 62
   141
100
AcDbText
 10
21722.47850735154
 20
16030.45439998787
 30
0.0
 40
35.00000465073582
  1
底板
 41
0.7
  7
$TD_AUDIT_GENERATED_(2C8)
 11
21722.47850735154
 21
16047.95440231323
 31
0.0
100
AcDbAttribute
  2
3
 70
     8
 74
     2
  0
ATTRIB
  5
2CBEE
330
2CBEA
100
AcDbEntity
  8
0
100
AcDbText
 10
22136.64522905192
 20
16031.23652299682
 30
0.0
 40
35.00000465073582
  1
1
 41
0.7
  7
$TD_AUDIT_GENERATED_(2C7)
 72
     1
 11
22142.47856316037
 21
16048.73652532219
 31
0.0
100
AcDbAttribute
  2
4
 70
     8
 74
     2
  0
ATTRIB
  5
2CBEF
330
2CBEA
100
AcDbEntity
  8
0
 62
   141
100
AcDbText
 10
22222.47857379062
 20
16039.56985743747
 30
0.0
 40
35.00000465073582
  1
Q235-A
 41
0.7
  7
$TD_AUDIT_GENERATED_(2C7)
 11
22222.47857379062
 21
16057.06985976284
 31
0.0
100
AcDbAttribute
  2
5
 70
     8
 74
     2
  0
ATTRIB
  5
2CBF0
330
2CBEA
100
AcDbEntity
  8
0
100
AcDbText
 10
22502.22861096329
 20
16031.23652299682
 30
0.0
 40
35.00000465073582
  1
0.08
 41
0.7
  7
$TD_AUDIT_GENERATED_(2C7)
 72
     1
 11
22542.47861631164
 21
16048.73652532219
 31
0.0
100
AcDbAttribute
  2
6
 70
     8
 74
     2
  0
ATTRIB
  5
2CBF1
330
2CBEA
100
AcDbEntity
  8
0
100
AcDbText
 10
22602.22862425111
 20
16031.23652299682
 30
0.0
 40
35.00000465073582
  1
0.08
 41
0.7
  7
$TD_AUDIT_GENERATED_(2C7)
 72
     1
 11
22642.47862959946
 21
16048.73652532219
 31
0.0
100
AcDbAttribute
  2
7
 70
     8
 74
     2
  0
ATTRIB
  5
2CBF2
330
2CBEA
100
AcDbEntity
  8
0
100
AcDbText
 10
22842.47865617508
 20
16066.23652764756
 30
0.0
 40
35.00000465073582
  1

 41
0.7
  7
$TD_AUDIT_GENERATED_(2C8)
 72
     1
 11
22842.47865617508
 21
16083.73652997293
 31
0.0
100
AcDbAttribute
  2
8
 70
     8
 74
     2
  0
SEQEND
  5
2CBF3
330
2CBEA
100
AcDbEntity
  8
$TD_AUDIT_GENERATED_(2C5)
  0
INSERT
  5
2CBF4
330
1F
100
AcDbEntity
  8
$TD_AUDIT_GENERATED_(2C5)
100
AcDbBlockReference
 66
     1
  2
$TD_AUDIT_GENERATED_(8CD2)
 10
21192.47843692612
 20
16013.73652067145
 30
0.0
 41
-10.00000132878166
 42
10.00000132878166
 43
10.00000132878166
 50
180.0
  0
ATTRIB
  5
2CBF5
330
2CBF4
100
AcDbEntity
  8
0
100
AcDbText
 10
21242.47844357001
 20
15996.23651834609
 30
0.0
 40
35.00000465073582
  1

 41
0.7
  7
$TD_AUDIT_GENERATED_(2C7)
 72
     1
 11
21242.47844357001
 21
16013.73652067145
 31
0.0
100
AcDbAttribute
  2
1
 70
     8
 74
     2
  0
ATTRIB
  5
2CBF6
330
2CBF4
100
AcDbEntity
  8
0
 62
   141
100
AcDbText
 10
21304.58835804831
 20
15961.27846377675
 30
0.0
 40
35.00000465073582
  1
GB5783-86
 41
0.6
  7
$TD_AUDIT_GENERATED_(2C7)
 11
21304.58835804831
 21
15978.77846610212
 31
0.0
100
AcDbAttribute
  2
2
 70
     8
 74
     2
  0
ATTRIB
  5
2CBF7
330
2CBF4
100
AcDbEntity
  8
0
 62
   141
100
AcDbText
 10
21722.47850735154
 20
15960.06332918192
 30
0.0
 40
35.00000465073582
  1
螺栓M12×25
 41
0.7
  7
$TD_AUDIT_GENERATED_(2C8)
 11
21722.47850735154
 21
15977.56333150729
 31
0.0
100
AcDbAttribute
  2
3
 70
     8
 74
     2
  0
ATTRIB
  5
2CBF8
330
2CBF4
100
AcDbEntity
  8
0
100
AcDbText
 10
22136.64522905192
 20
15961.23651369535
 30
0.0
 40
35.00000465073582
  1
1
 41
0.7
  7
$TD_AUDIT_GENERATED_(2C7)
 72
     1
 11
22142.47856316037
 21
15978.73651602072
 31
0.0
100
AcDbAttribute
  2
4
 70
     8
 74
     2
  0
ATTRIB
  5
2CBF9
330
2CBF4
100
AcDbEntity
  8
0
 62
   141
100
AcDbText
 10
22222.47857379062
 20
15996.23651834609
 30
0.0
 40
35.00000465073582
  1

 41
0.7
  7
$TD_AUDIT_GENERATED_(2C7)
 11
22222.47857379062
 21
16013.73652067145
 31
0.0
100
AcDbAttribute
  2
5
 70
     8
 74
     2
  0
ATTRIB
  5
2CBFA
330
2CBF4
100
AcDbEntity
  8
0
100
AcDbText
 10
22542.47861631164
 20
15996.23651834609
 30
0.0
 40
35.00000465073582
  1

 41
0.7
  7
$TD_AUDIT_GENERATED_(2C7)
 72
     1
 11
22542.47861631164
 21
16013.73652067145
 31
0.0
100
AcDbAttribute
  2
6
 70
     8
 74
     2
  0
ATTRIB
  5
2CBFB
330
2CBF4
100
AcDbEntity
  8
0
100
AcDbText
 10
22642.47862959946
 20
15996.23651834609
 30
0.0
 40
35.00000465073582
  1

 41
0.7
  7
$TD_AUDIT_GENERATED_(2C7)
 72
     1
 11
22642.47862959946
 21
16013.73652067145
 31
0.0
100
AcDbAttribute
  2
7
 70
     8
 74
     2
  0
ATTRIB
  5
2CBFC
330
2CBF4
100
AcDbEntity
  8
0
100
AcDbText
 10
22789.91998997331
 20
15960.06332918192
 30
0.0
 40
35.00000465073582
  1
外购件
 41
0.7
  7
$TD_AUDIT_GENERATED_(2C8)
 72
     1
 11
22842.47865617508
 21
15977.56333150729
 31
0.0
100
AcDbAttribute
  2
8
 70
     8
 74
     2
  0
SEQEND
  5
2CBFD
330
2CBF4
100
AcDbEntity
  8
$TD_AUDIT_GENERATED_(2C5)
  0
INSERT
  5
2CBFE
330
1F
100
AcDbEntity
  8
$TD_AUDIT_GENERATED_(2C5)
100
AcDbBlockReference
 66
     1
  2
$TD_AUDIT_GENERATED_(8CD2)
 10
23717.68892374994
 20
18323.73711106303
 30
0.0
 41
-10.00000132878166
 42
10.00000132878166
 43
10.00000132878166
 50
180.0
  0
ATTRIB
  5
2CBFF
330
2CBFE
100
AcDbEntity
  8
0
100
AcDbText
 10
23767.68893039384
 20
18306.23710873766
 30
0.0
 40
35.00000465073582
  1

 41
0.7
  7
$TD_AUDIT_GENERATED_(2C7)
 72
     1
 11
23767.68893039384
 21
18323.73711106303
 31
0.0
100
AcDbAttribute
  2
1
 70
     8
 74
     2
  0
ATTRIB
  5
2CC00
330
2CBFE
100
AcDbEntity
  8
0
 62
   141
100
AcDbText
 10
23829.79884487213
 20
18271.27905416833
 30
0.0
 40
35.00000465073582
  1
GB97.1-88
 41
0.6
  7
$TD_AUDIT_GENERATED_(2C7)
 11
23829.79884487213
 21
18288.77905649369
 31
0.0
100
AcDbAttribute
  2
2
 70
     8
 74
     2
  0
ATTRIB
  5
2CC01
330
2CBFE
100
AcDbEntity
  8
0
 62
   141
100
AcDbText
 10
24247.68899417536
 20
18270.06391957349
 30
0.0
 40
35.00000465073582
  1
螺母M12
 41
0.7
  7
$TD_AUDIT_GENERATED_(2C8)
 11
24247.68899417536
 21
18287.56392189886
 31
0.0
100
AcDbAttribute
  2
3
 70
     8
 74
     2
  0
ATTRIB
  5
2CC02
330
2CBFE
100
AcDbEntity
  8
0
100
AcDbText
 10
24661.85571587575
 20
18271.23710408692
 30
0.0
 40
35.00000465073582
  1
1
 41
0.7
  7
$TD_AUDIT_GENERATED_(2C7)
 72
     1
 11
24667.6890499842
 21
18288.73710641229
 31
0.0
100
AcDbAttribute
  2
4
 70
     8
 74
     2
  0
ATTRIB
  5
2CC03
330
2CBFE
100
AcDbEntity
  8
0
 62
   141
100
AcDbText
 10
24747.68906061445
 20
18306.23710873766
 30
0.0
 40
35.00000465073582
  1

 41
0.7
  7
$TD_AUDIT_GENERATED_(2C7)
 11
24747.68906061445
 21
18323.73711106303
 31
0.0
100
AcDbAttribute
  2
5
 70
     8
 74
     2
  0
ATTRIB
  5
2CC04
330
2CBFE
100
AcDbEntity
  8
0
100
AcDbText
 10
25067.68910313546
 20
18306.23710873766
 30
0.0
 40
35.00000465073582
  1

 41
0.7
  7
$TD_AUDIT_GENERATED_(2C7)
 72
     1
 11
25067.68910313546
 21
18323.73711106303
 31
0.0
100
AcDbAttribute
  2
6
 70
     8
 74
     2
  0
ATTRIB
  5
2CC05
330
2CBFE
100
AcDbEntity
  8
0
100
AcDbText
 10
25167.68911642328
 20
18306.23710873766
 30
0.0
 40
35.00000465073582
  1

 41
0.7
  7
$TD_AUDIT_GENERATED_(2C7)
 72
     1
 11
25167.68911642328
 21
18323.73711106303
 31
0.0
100
AcDbAttribute
  2
7
 70
     8
 74
     2
  0
ATTRIB
  5
2CC06
330
2CBFE
100
AcDbEntity
  8
0
100
AcDbText
 10
25315.13047679713
 20
18270.06391957349
 30
0.0
 40
35.00000465073582
  1
外购件
 41
0.7
  7
$TD_AUDIT_GENERATED_(2C8)
 72
     1
 11
25367.68914299891
 21
18287.56392189886
 31
0.0
100
AcDbAttribute
  2
8
 70
     8
 74
     2
  0
SEQEND
  5
2CC07
330
2CBFE
100
AcDbEntity
  8
$TD_AUDIT_GENERATED_(2C5)
  0
INSERT
  5
2CC08
330
1F
100
AcDbEntity
  8
$TD_AUDIT_GENERATED_(2C5)
100
AcDbBlockReference
 66
     1
  2
$TD_AUDIT_GENERATED_(8CD2)
 10
23717.69682827393
 20
18183.73710176156
 30
0.0
 41
-10.00000000000001
 42
10.00000000000001
 43
10.00000000000001
 50
180.0
  0
ATTRIB
  5
2CC09
330
2CC08
100
AcDbEntity
  8
0
100
AcDbText
 10
23758.94682827393
 20
18131.2371017616
 30
0.0
 40
35.00000000000004
  1
6
 41
0.7
  7
$TD_AUDIT_GENERATED_(2C7)
 72
     1
 11
23767.69682827393
 21
18148.7371017616
 31
0.0
100
AcDbAttribute
  2
1
 70
     8
 74
     2
  0
ATTRIB
  5
2CC0A
330
2CC08
100
AcDbEntity
  8
0
 62
   141
100
AcDbText
 10
23847.69682827393
 20
18131.2371017616
 30
0.0
 40
35.00000000000004
  1
KMMXG10.16.6
 41
0.6
  7
$TD_AUDIT_GENERATED_(2C7)
 11
23847.69682827393
 21
18148.7371017616
 31
0.0
100
AcDbAttribute
  2
2
 70
     8
 74
     2
  0
ATTRIB
  5
2CC0B
330
2CC08
100
AcDbEntity
  8
0
 62
   141
100
AcDbText
 10
24247.69682827393
 20
18130.06391740406
 30
0.0
 40
35.00000000000004
  1
斜梯
 41
0.7
  7
$TD_AUDIT_GENERATED_(2C8)
 11
24247.69682827393
 21
18147.56391740406
 31
0.0
100
AcDbAttribute
  2
3
 70
     8
 74
     2
  0
ATTRIB
  5
2CC0C
330
2CC08
100
AcDbEntity
  8
0
100
AcDbText
 10
24661.8634949406
 20
18131.2371017616
 30
0.0
 40
35.00000000000004
  1
1
 41
0.7
  7
$TD_AUDIT_GENERATED_(2C7)
 72
     1
 11
24667.69682827393
 21
18148.7371017616
 31
0.0
100
AcDbAttribute
  2
4
 70
     8
 74
     2
  0
ATTRIB
  5
2CC0D
330
2CC08
100
AcDbEntity
  8
0
 62
   141
100
AcDbText
 10
24747.69682827393
 20
18130.06391740406
 30
0.0
 40
35.00000000000004
  1
焊接件
 41
0.7
  7
$TD_AUDIT_GENERATED_(2C8)
 11
24747.69682827393
 21
18147.56391740406
 31
0.0
100
AcDbAttribute
  2
5
 70
     8
 74
     2
  0
ATTRIB
  5
2CC0E
330
2CC08
100
AcDbEntity
  8
0
100
AcDbText
 10
25067.69682827393
 20
18164.7371017616
 30
0.0
 40
32.00000000000004
  1

 41
0.7
  7
$TD_AUDIT_GENERATED_(2C7)
 72
     1
 11
25067.69682827393
 21
18180.7371017616
 31
0.0
100
AcDbAttribute
  2
6
 70
     8
 74
     2
  0
ATTRIB
  5
2CC0F
330
2CC08
100
AcDbEntity
  8
0
100
AcDbText
 10
25126.63016160726
 20
18132.7371017616
 30
0.0
 40
32.00000000000004
  1
195.1
 41
0.7
  7
$TD_AUDIT_GENERATED_(2C7)
 72
     1
 11
25167.69682827393
 21
18148.7371017616
 31
0.0
100
AcDbAttribute
  2
7
 70
     8
 74
     2
  0
ATTRIB
  5
2CC10
330
2CC08
100
AcDbEntity
  8
0
100
AcDbText
 10
25367.69682827393
 20
18166.2371017616
 30
0.0
 40
35.00000000000004
  1

 41
0.7
  7
$TD_AUDIT_GENERATED_(2C8)
 72
     1
 11
25367.69682827393
 21
18183.7371017616
 31
0.0
100
AcDbAttribute
  2
8
 70
     8
 74
     2
  0
SEQEND
  5
2CC11
330
2CC08
100
AcDbEntity
  8
$TD_AUDIT_GENERATED_(2C5)
  0
INSERT
  5
2CC12
330
1F
100
AcDbEntity
  8
$TD_AUDIT_GENERATED_(2C5)
100
AcDbBlockReference
 66
     1
  2
$TD_AUDIT_GENERATED_(8CD2)
 10
23717.69682827399
 20
16643.73710176156
 30
0.0
 41
-10.00000000000001
 42
10.00000000000001
 43
10.00000000000001
 50
180.0
  0
ATTRIB
  5
2CC13
330
2CC12
100
AcDbEntity
  8
0
100
AcDbText
 10
23757.78016160732
 20
16591.2371017616
 30
0.0
 40
35.00000000000004
  1
7
 41
0.7
  7
$TD_AUDIT_GENERATED_(2C7)
 72
     1
 11
23767.69682827399
 21
16608.7371017616
 31
0.0
100
AcDbAttribute
  2
1
 70
     8
 74
     2
  0
ATTRIB
  5
2CC14
330
2CC12
100
AcDbEntity
  8
0
 62
   141
100
AcDbText
 10
23847.69682827399
 20
16591.2371017616
 30
0.0
 40
35.00000000000004
  1
KMMXG10.16.7
 41
0.6
  7
$TD_AUDIT_GENERATED_(2C7)
 11
23847.69682827399
 21
16608.7371017616
 31
0.0
100
AcDbAttribute
  2
2
 70
     8
 74
     2
  0
ATTRIB
  5
2CC15
330
2CC12
100
AcDbEntity
  8
0
 62
   141
100
AcDbText
 10
24247.69682827399
 20
16590.45497885657
 30
0.0
 40
35.00000000000004
  1
栏杆
 41
0.7
  7
$TD_AUDIT_GENERATED_(2C8)
 11
24247.69682827399
 21
16607.95497885657
 31
0.0
100
AcDbAttribute
  2
3
 70
     8
 74
     2
  0
ATTRIB
  5
2CC16
330
2CC12
100
AcDbEntity
  8
0
100
AcDbText
 10
24657.78016160732
 20
16591.2371017616
 30
0.0
 40
35.00000000000004
  1
2
 41
0.7
  7
$TD_AUDIT_GENERATED_(2C7)
 72
     1
 11
24667.69682827399
 21
16608.7371017616
 31
0.0
100
AcDbAttribute
  2
4
 70
     8
 74
     2
  0
ATTRIB
  5
2CC17
330
2CC12
100
AcDbEntity
  8
0
 62
   141
100
AcDbText
 10
24747.69682827399
 20
16590.06391740406
 30
0.0
 40
35.00000000000004
  1
焊接件
 41
0.7
  7
$TD_AUDIT_GENERATED_(2C8)
 11
24747.69682827399
 21
16607.56391740406
 31
0.0
100
AcDbAttribute
  2
5
 70
     8
 74
     2
  0
ATTRIB
  5
2CC18
330
2CC12
100
AcDbEntity
  8
0
100
AcDbText
 10
25033.56349494065
 20
16592.7371017616
 30
0.0
 40
32.00000000000004
  1
12.5
 41
0.7
  7
$TD_AUDIT_GENERATED_(2C7)
 72
     1
 11
25067.69682827399
 21
16608.7371017616
 31
0.0
100
AcDbAttribute
  2
6
 70
     8
 74
     2
  0
ATTRIB
  5
2CC19
330
2CC12
100
AcDbEntity
  8
0
100
AcDbText
 10
25147.43016160732
 20
16592.7371017616
 30
0.0
 40
32.00000000000004
  1
25
 41
0.7
  7
$TD_AUDIT_GENERATED_(2C7)
 72
     1
 11
25167.69682827399
 21
16608.7371017616
 31
0.0
100
AcDbAttribute
  2
7
 70
     8
 74
     2
  0
ATTRIB
  5
2CC1A
330
2CC12
100
AcDbEntity
  8
0
100
AcDbText
 10
25367.69682827399
 20
16626.2371017616
 30
0.0
 40
35.00000000000004
  1

 41
0.7
  7
$TD_AUDIT_GENERATED_(2C8)
 72
     1
 11
25367.69682827399
 21
16643.7371017616
 31
0.0
100
AcDbAttribute
  2
8
 70
     8
 74
     2
  0
SEQEND
  5
2CC1B
330
2CC12
100
AcDbEntity
  8
$TD_AUDIT_GENERATED_(2C5)
  0
INSERT
  5
2CC1C
330
1F
100
AcDbEntity
  8
$TD_AUDIT_GENERATED_(2C5)
100
AcDbBlockReference
 66
     1
  2
$TD_AUDIT_GENERATED_(8CD2)
 10
23717.69682827393
 20
18043.73710176156
 30
0.0
 41
-10.00000000000001
 42
10.00000000000001
 43
10.00000000000001
 50
180.0
  0
ATTRIB
  5
2CC1D
330
2CC1C
100
AcDbEntity
  8
0
100
AcDbText
 10
23767.69682827393
 20
17991.23710176123
 30
0.0
 40
35.00000000014601
  1

 41
0.7
  7
$TD_AUDIT_GENERATED_(2C7)
 72
     1
 11
23767.69682827393
 21
18008.7371017613
 31
0.0
100
AcDbAttribute
  2
1
 70
     8
 74
     2
  0
ATTRIB
  5
2CC1E
330
2CC1C
100
AcDbEntity
  8
0
 62
   141
100
AcDbText
 10
23847.69682827458
 20
17992.18903409309
 30
0.0
 40
33.09613533642314
  1
KMMXG10.16.6.1-1
 41
0.6
  7
$TD_AUDIT_GENERATED_(2C7)
 11
23847.69682827458
 21
18008.7371017613
 31
0.0
100
AcDbAttribute
  2
2
 70
     8
 74
     2
  0
ATTRIB
  5
2CC1F
330
2CC1C
100
AcDbEntity
  8
0
 62
   141
100
AcDbText
 10
24247.69682827574
 20
17990.25944812994
 30
0.0
 40
35.00000000014601
  1
连接板
 41
0.7
  7
$TD_AUDIT_GENERATED_(2C8)
 11
24247.69682827574
 21
18007.75944813001
 31
0.0
100
AcDbAttribute
  2
3
 70
     8
 74
     2
  0
ATTRIB
  5
2CC20
330
2CC1C
100
AcDbEntity
  8
0
100
AcDbText
 10
24661.86349494432
 20
17991.23710176123
 30
0.0
 40
35.00000000014601
  1
1
 41
0.7
  7
$TD_AUDIT_GENERATED_(2C7)
 72
     1
 11
24667.69682827768
 21
18008.7371017613
 31
0.0
100
AcDbAttribute
  2
4
 70
     8
 74
     2
  0
ATTRIB
  5
2CC21
330
2CC1C
100
AcDbEntity
  8
0
 62
   141
100
AcDbText
 10
24747.69682827833
 20
17995.34324701264
 30
0.0
 40
35.00000000014601
  1
Q235-A
 41
0.7
 51
10.0
  7
$TD_AUDIT_GENERATED_(2C8)
 11
24747.69682827833
 21
18012.84324701271
 31
0.0
100
AcDbAttribute
  2
5
 70
     8
 74
     2
  0
ATTRIB
  5
2CC22
330
2CC1C
100
AcDbEntity
  8
0
100
AcDbText
 10
25067.69682827949
 20
18024.5199300443
 30
0.0
 40
31.56565656600291
  1

 41
0.7
  7
$TD_AUDIT_GENERATED_(2C7)
 72
     1
 11
25067.69682827949
 21
18040.3027583273
 31
0.0
100
AcDbAttribute
  2
6
 70
     8
 74
     2
  0
ATTRIB
  5
2CC23
330
2CC1C
100
AcDbEntity
  8
0
100
AcDbText
 10
25137.08770676095
 20
17994.38907604948
 30
0.0
 40
28.69605142363901
  1
10.5
 41
0.7
  7
$TD_AUDIT_GENERATED_(2C7)
 72
     1
 11
25167.69682827949
 21
18008.7371017613
 31
0.0
100
AcDbAttribute
  2
7
 70
     8
 74
     2
  0
ATTRIB
  5
2CC24
330
2CC1C
100
AcDbEntity
  8
0
100
AcDbText
 10
25367.69682828014
 20
18026.23710176137
 30
0.0
 40
35.00000000014601
  1

 41
0.55
  7
$TD_AUDIT_GENERATED_(2C8)
 72
     1
 11
25367.69682828014
 21
18043.73710176144
 31
0.0
100
AcDbAttribute
  2
8
 70
     8
 74
     2
  0
SEQEND
  5
2CC25
330
2CC1C
100
AcDbEntity
  8
$TD_AUDIT_GENERATED_(2C5)
  0
INSERT
  5
2CC26
330
1F
100
AcDbEntity
  8
$TD_AUDIT_GENERATED_(2C5)
100
AcDbBlockReference
 66
     1
  2
$TD_AUDIT_GENERATED_(8CD2)
 10
23717.69682827393
 20
17763.73710176156
 30
0.0
 41
-10.00000000000001
 42
10.00000000000001
 43
10.00000000000001
 50
180.0
  0
ATTRIB
  5
2CC27
330
2CC26
100
AcDbEntity
  8
0
100
AcDbText
 10
23767.69682827393
 20
17711.23710176123
 30
0.0
 40
35.00000000014601
  1

 41
0.7
  7
$TD_AUDIT_GENERATED_(2C7)
 72
     1
 11
23767.69682827393
 21
17728.7371017613
 31
0.0
100
AcDbAttribute
  2
1
 70
     8
 74
     2
  0
ATTRIB
  5
2CC28
330
2CC26
100
AcDbEntity
  8
0
 62
   141
100
AcDbText
 10
23847.69682827458
 20
17712.18903409309
 30
0.0
 40
33.09613533642314
  1
KMMXG10.16.6.1-5
 41
0.6
  7
$TD_AUDIT_GENERATED_(2C7)
 11
23847.69682827458
 21
17728.73710176131
 31
0.0
100
AcDbAttribute
  2
2
 70
     8
 74
     2
  0
ATTRIB
  5
2CC29
330
2CC26
100
AcDbEntity
  8
0
 62
   141
100
AcDbText
 10
24247.69682827574
 20
17710.65050958246
 30
0.0
 40
35.00000000014601
  1
折弯板
 41
0.7
  7
$TD_AUDIT_GENERATED_(2C8)
 11
24247.69682827574
 21
17728.15050958253
 31
0.0
100
AcDbAttribute
  2
3
 70
     8
 74
     2
  0
ATTRIB
  5
2CC2A
330
2CC26
100
AcDbEntity
  8
0
100
AcDbText
 10
24657.78016161097
 20
17711.23710176123
 30
0.0
 40
35.00000000014601
  1
2
 41
0.7
  7
$TD_AUDIT_GENERATED_(2C7)
 72
     1
 11
24667.69682827768
 21
17728.7371017613
 31
0.0
100
AcDbAttribute
  2
4
 70
     8
 74
     2
  0
ATTRIB
  5
2CC2B
330
2CC26
100
AcDbEntity
  8
0
 62
   141
100
AcDbText
 10
24747.69682827833
 20
17715.34324701264
 30
0.0
 40
35.00000000014601
  1
Q235-A
 41
0.7
 51
10.0
  7
$TD_AUDIT_GENERATED_(2C8)
 11
24747.69682827833
 21
17732.84324701272
 31
0.0
100
AcDbAttribute
  2
5
 70
     8
 74
     2
  0
ATTRIB
  5
2CC2C
330
2CC26
100
AcDbEntity
  8
0
100
AcDbText
 10
25031.39632322859
 20
17712.9542734783
 30
0.0
 40
31.56565656600291
  1
28.7
 41
0.7
  7
$TD_AUDIT_GENERATED_(2C7)
 72
     1
 11
25067.69682827949
 21
17728.7371017613
 31
0.0
100
AcDbAttribute
  2
6
 70
     8
 74
     2
  0
ATTRIB
  5
2CC2D
330
2CC26
100
AcDbEntity
  8
0
100
AcDbText
 10
25135.65290418977
 20
17714.38907604948
 30
0.0
 40
28.69605142363901
  1
57.4
 41
0.7
  7
$TD_AUDIT_GENERATED_(2C7)
 72
     1
 11
25167.69682827949
 21
17728.73710176131
 31
0.0
100
AcDbAttribute
  2
7
 70
     8
 74
     2
  0
ATTRIB
  5
2CC2E
330
2CC26
100
AcDbEntity
  8
0
100
AcDbText
 10
25367.69682828014
 20
17746.23710176137
 30
0.0
 40
35.00000000014601
  1

 41
0.55
  7
$TD_AUDIT_GENERATED_(2C8)
 72
     1
 11
25367.69682828014
 21
17763.73710176145
 31
0.0
100
AcDbAttribute
  2
8
 70
     8
 74
     2
  0
SEQEND
  5
2CC2F
330
2CC26
100
AcDbEntity
  8
$TD_AUDIT_GENERATED_(2C5)
  0
INSERT
  5
2CC30
330
1F
100
AcDbEntity
  8
$TD_AUDIT_GENERATED_(2C5)
100
AcDbBlockReference
 66
     1
  2
$TD_AUDIT_GENERATED_(8CD2)
 10
23717.69682827393
 20
17693.73710176156
 30
0.0
 41
-10.00000000000001
 42
10.00000000000001
 43
10.00000000000001
 50
180.0
  0
ATTRIB
  5
2CC31
330
2CC30
100
AcDbEntity
  8
0
100
AcDbText
 10
23767.69682827393
 20
17641.23710176123
 30
0.0
 40
35.00000000014601
  1

 41
0.7
  7
$TD_AUDIT_GENERATED_(2C7)
 72
     1
 11
23767.69682827393
 21
17658.7371017613
 31
0.0
100
AcDbAttribute
  2
1
 70
     8
 74
     2
  0
ATTRIB
  5
2CC32
330
2CC30
100
AcDbEntity
  8
0
 62
   141
100
AcDbText
 10
23847.69682827458
 20
17642.18903409309
 30
0.0
 40
33.09613533642314
  1
KMMXG10.16.6.1-6
 41
0.6
  7
$TD_AUDIT_GENERATED_(2C7)
 11
23847.69682827458
 21
17658.73710176131
 31
0.0
100
AcDbAttribute
  2
2
 70
     8
 74
     2
  0
ATTRIB
  5
2CC33
330
2CC30
100
AcDbEntity
  8
0
 62
   141
100
AcDbText
 10
24247.69682827574
 20
17640.84604030871
 30
0.0
 40
35.00000000014601
  1
钢板180X165X6
 41
0.7
  7
$TD_AUDIT_GENERATED_(2C8)
 11
24247.69682827574
 21
17658.34604030879
 31
0.0
100
AcDbAttribute
  2
3
 70
     8
 74
     2
  0
ATTRIB
  5
2CC34
330
2CC30
100
AcDbEntity
  8
0
100
AcDbText
 10
24658.94682827765
 20
17641.23710176123
 30
0.0
 40
35.00000000014601
  1
6
 41
0.7
  7
$TD_AUDIT_GENERATED_(2C7)
 72
     1
 11
24667.69682827768
 21
17658.7371017613
 31
0.0
100
AcDbAttribute
  2
4
 70
     8
 74
     2
  0
ATTRIB
  5
2CC35
330
2CC30
100
AcDbEntity
  8
0
 62
   141
100
AcDbText
 10
24747.69682827833
 20
17645.34324701264
 30
0.0
 40
35.00000000014601
  1
Q235-A
 41
0.7
 51
10.0
  7
$TD_AUDIT_GENERATED_(2C8)
 11
24747.69682827833
 21
17662.84324701272
 31
0.0
100
AcDbAttribute
  2
5
 70
     8
 74
     2
  0
ATTRIB
  5
2CC36
330
2CC30
100
AcDbEntity
  8
0
100
AcDbText
 10
25046.12696295939
 20
17642.9542734783
 30
0.0
 40
31.56565656600291
  1
1.4
 41
0.7
  7
$TD_AUDIT_GENERATED_(2C7)
 72
     1
 11
25067.69682827949
 21
17658.7371017613
 31
0.0
100
AcDbAttribute
  2
6
 70
     8
 74
     2
  0
ATTRIB
  5
2CC37
330
2CC30
100
AcDbEntity
  8
0
100
AcDbText
 10
25145.21825466431
 20
17644.38907604948
 30
0.0
 40
28.69605142363901
  1
8.4
 41
0.7
  7
$TD_AUDIT_GENERATED_(2C7)
 72
     1
 11
25167.69682827949
 21
17658.73710176131
 31
0.0
100
AcDbAttribute
  2
7
 70
     8
 74
     2
  0
ATTRIB
  5
2CC38
330
2CC30
100
AcDbEntity
  8
0
100
AcDbText
 10
25340.16610202304
 20
17640.65050958246
 30
0.0
 40
35.00000000014601
  1
无图
 41
0.55
  7
$TD_AUDIT_GENERATED_(2C8)
 72
     1
 11
25367.69682828014
 21
17658.15050958253
 31
0.0
100
AcDbAttribute
  2
8
 70
     8
 74
     2
  0
SEQEND
  5
2CC39
330
2CC30
100
AcDbEntity
  8
$TD_AUDIT_GENERATED_(2C5)
  0
INSERT
  5
2CC3A
330
1F
100
AcDbEntity
  8
$TD_AUDIT_GENERATED_(2C5)
100
AcDbBlockReference
 66
     1
  2
$TD_AUDIT_GENERATED_(8CD2)
 10
23717.69682827393
 20
17833.73710176156
 30
0.0
 41
-10.00000000000001
 42
10.00000000000001
 43
10.00000000000001
 50
180.0
  0
ATTRIB
  5
2CC3B
330
2CC3A
100
AcDbEntity
  8
0
100
AcDbText
 10
23767.69682827393
 20
17781.23710176123
 30
0.0
 40
35.00000000014601
  1

 41
0.7
  7
$TD_AUDIT_GENERATED_(2C7)
 72
     1
 11
23767.69682827393
 21
17798.7371017613
 31
0.0
100
AcDbAttribute
  2
1
 70
     8
 74
     2
  0
ATTRIB
  5
2CC3C
330
2CC3A
100
AcDbEntity
  8
0
 62
   141
100
AcDbText
 10
23847.69682827458
 20
17782.18903409309
 30
0.0
 40
33.09613533642314
  1
KMMXG10.16.3.1
 41
0.6
  7
$TD_AUDIT_GENERATED_(2C7)
 11
23847.69682827458
 21
17798.73710176131
 31
0.0
100
AcDbAttribute
  2
2
 70
     8
 74
     2
  0
ATTRIB
  5
2CC3D
330
2CC3A
100
AcDbEntity
  8
0
 62
   141
100
AcDbText
 10
24247.69682827574
 20
17780.4549788562
 30
0.0
 40
35.00000000014601
  1
栏杆固定座
 41
0.7
  7
$TD_AUDIT_GENERATED_(2C8)
 11
24247.69682827574
 21
17797.95497885627
 31
0.0
100
AcDbAttribute
  2
3
 70
     8
 74
     2
  0
ATTRIB
  5
2CC3E
330
2CC3A
100
AcDbEntity
  8
0
100
AcDbText
 10
24658.94682827765
 20
17781.23710176123
 30
0.0
 40
35.00000000014601
  1
6
 41
0.7
  7
$TD_AUDIT_GENERATED_(2C7)
 72
     1
 11
24667.69682827768
 21
17798.7371017613
 31
0.0
100
AcDbAttribute
  2
4
 70
     8
 74
     2
  0
ATTRIB
  5
2CC3F
330
2CC3A
100
AcDbEntity
  8
0
 62
   141
100
AcDbText
 10
24747.69682827833
 20
17780.06391740368
 30
0.0
 40
35.00000000014601
  1
焊接件
 41
0.7
 51
10.0
  7
$TD_AUDIT_GENERATED_(2C8)
 11
24747.69682827833
 21
17797.56391740375
 31
0.0
100
AcDbAttribute
  2
5
 70
     8
 74
     2
  0
ATTRIB
  5
2CC40
330
2CC3A
100
AcDbEntity
  8
0
100
AcDbText
 10
25045.60086868329
 20
17782.9542734783
 30
0.0
 40
31.56565656600291
  1
1.3
 41
0.7
  7
$TD_AUDIT_GENERATED_(2C7)
 72
     1
 11
25067.69682827949
 21
17798.7371017613
 31
0.0
100
AcDbAttribute
  2
6
 70
     8
 74
     2
  0
ATTRIB
  5
2CC41
330
2CC3A
100
AcDbEntity
  8
0
100
AcDbText
 10
25144.73998714058
 20
17784.38907604948
 30
0.0
 40
28.69605142363901
  1
7.8
 41
0.7
  7
$TD_AUDIT_GENERATED_(2C7)
 72
     1
 11
25167.69682827949
 21
17798.73710176131
 31
0.0
100
AcDbAttribute
  2
7
 70
     8
 74
     2
  0
ATTRIB
  5
2CC42
330
2CC3A
100
AcDbEntity
  8
0
100
AcDbText
 10
25298.87001263739
 20
17780.4549788562
 30
0.0
 40
35.00000000014601
  1
借用16.6.1
 41
0.55
  7
$TD_AUDIT_GENERATED_(2C8)
 72
     1
 11
25367.69682828014
 21
17797.95497885627
 31
0.0
100
AcDbAttribute
  2
8
 70
     8
 74
     2
  0
SEQEND
  5
2CC43
330
2CC3A
100
AcDbEntity
  8
$TD_AUDIT_GENERATED_(2C5)
  0
INSERT
  5
2CC44
330
1F
100
AcDbEntity
  8
$TD_AUDIT_GENERATED_(2C5)
100
AcDbBlockReference
 66
     1
  2
$TD_AUDIT_GENERATED_(8CD2)
 10
23717.69682827393
 20
17973.73710176156
 30
0.0
 41
-10.00000000000001
 42
10.00000000000001
 43
10.00000000000001
 50
180.0
  0
ATTRIB
  5
2CC45
330
2CC44
100
AcDbEntity
  8
0
100
AcDbText
 10
23767.69682827393
 20
17921.23710176123
 30
0.0
 40
35.00000000014601
  1

 41
0.7
  7
$TD_AUDIT_GENERATED_(2C7)
 72
     1
 11
23767.69682827393
 21
17938.7371017613
 31
0.0
100
AcDbAttribute
  2
1
 70
     8
 74
     2
  0
ATTRIB
  5
2CC46
330
2CC44
100
AcDbEntity
  8
0
 62
   141
100
AcDbText
 10
23847.69682827458
 20
17922.18903409309
 30
0.0
 40
33.09613533642314
  1
KMMXG10.16.6.1-2
 41
0.6
  7
$TD_AUDIT_GENERATED_(2C7)
 11
23847.69682827458
 21
17938.7371017613
 31
0.0
100
AcDbAttribute
  2
2
 70
     8
 74
     2
  0
ATTRIB
  5
2CC47
330
2CC44
100
AcDbEntity
  8
0
 62
   141
100
AcDbText
 10
24247.69682827574
 20
17920.84604030871
 30
0.0
 40
35.00000000014601
  1
钢板720X155X10
 41
0.7
  7
$TD_AUDIT_GENERATED_(2C8)
 11
24247.69682827574
 21
17938.34604030878
 31
0.0
100
AcDbAttribute
  2
3
 70
     8
 74
     2
  0
ATTRIB
  5
2CC48
330
2CC44
100
AcDbEntity
  8
0
100
AcDbText
 10
24661.86349494432
 20
17921.23710176123
 30
0.0
 40
35.00000000014601
  1
1
 41
0.7
  7
$TD_AUDIT_GENERATED_(2C7)
 72
     1
 11
24667.69682827768
 21
17938.7371017613
 31
0.0
100
AcDbAttribute
  2
4
 70
     8
 74
     2
  0
ATTRIB
  5
2CC49
330
2CC44
100
AcDbEntity
  8
0
 62
   141
100
AcDbText
 10
24747.69682827833
 20
17925.34324701264
 30
0.0
 40
35.00000000014601
  1
Q235-A
 41
0.7
 51
10.0
  7
$TD_AUDIT_GENERATED_(2C8)
 11
24747.69682827833
 21
17942.84324701271
 31
0.0
100
AcDbAttribute
  2
5
 70
     8
 74
     2
  0
ATTRIB
  5
2CC4A
330
2CC44
100
AcDbEntity
  8
0
100
AcDbText
 10
25067.69682827949
 20
17954.5199300443
 30
0.0
 40
31.56565656600291
  1

 41
0.7
  7
$TD_AUDIT_GENERATED_(2C7)
 72
     1
 11
25067.69682827949
 21
17970.3027583273
 31
0.0
100
AcDbAttribute
  2
6
 70
     8
 74
     2
  0
ATTRIB
  5
2CC4B
330
2CC44
100
AcDbEntity
  8
0
100
AcDbText
 10
25144.73998714058
 20
17924.38907604948
 30
0.0
 40
28.69605142363901
  1
8.7
 41
0.7
  7
$TD_AUDIT_GENERATED_(2C7)
 72
     1
 11
25167.69682827949
 21
17938.7371017613
 31
0.0
100
AcDbAttribute
  2
7
 70
     8
 74
     2
  0
ATTRIB
  5
2CC4C
330
2CC44
100
AcDbEntity
  8
0
100
AcDbText
 10
25367.69682828014
 20
17956.23710176137
 30
0.0
 40
35.00000000014601
  1

 41
0.55
  7
$TD_AUDIT_GENERATED_(2C8)
 72
     1
 11
25367.69682828014
 21
17973.73710176144
 31
0.0
100
AcDbAttribute
  2
8
 70
     8
 74
     2
  0
SEQEND
  5
2CC4D
330
2CC44
100
AcDbEntity
  8
$TD_AUDIT_GENERATED_(2C5)
  0
INSERT
  5
2CC4E
330
1F
100
AcDbEntity
  8
$TD_AUDIT_GENERATED_(2C5)
100
AcDbBlockReference
 66
     1
  2
$TD_AUDIT_GENERATED_(8CD2)
 10
23717.69682827393
 20
17903.73710176156
 30
0.0
 41
-10.00000000000001
 42
10.00000000000001
 43
10.00000000000001
 50
180.0
  0
ATTRIB
  5
2CC4F
330
2CC4E
100
AcDbEntity
  8
0
100
AcDbText
 10
23767.69682827393
 20
17851.23710176123
 30
0.0
 40
35.00000000014601
  1

 41
0.7
  7
$TD_AUDIT_GENERATED_(2C7)
 72
     1
 11
23767.69682827393
 21
17868.7371017613
 31
0.0
100
AcDbAttribute
  2
1
 70
     8
 74
     2
  0
ATTRIB
  5
2CC50
330
2CC4E
100
AcDbEntity
  8
0
 62
   141
100
AcDbText
 10
23847.69682827458
 20
17852.18903409309
 30
0.0
 40
33.09613533642314
  1
KMMXG10.16.6.1-3
 41
0.6
  7
$TD_AUDIT_GENERATED_(2C7)
 11
23847.69682827458
 21
17868.7371017613
 31
0.0
100
AcDbAttribute
  2
2
 70
     8
 74
     2
  0
ATTRIB
  5
2CC51
330
2CC4E
100
AcDbEntity
  8
0
 62
   141
100
AcDbText
 10
24247.69682827574
 20
17850.25944812994
 30
0.0
 40
35.00000000014601
  1
踏步板1
 41
0.7
  7
$TD_AUDIT_GENERATED_(2C8)
 11
24247.69682827574
 21
17867.75944813001
 31
0.0
100
AcDbAttribute
  2
3
 70
     8
 74
     2
  0
ATTRIB
  5
2CC52
330
2CC4E
100
AcDbEntity
  8
0
100
AcDbText
 10
24658.94682827765
 20
17851.23710176123
 30
0.0
 40
35.00000000014601
  1
6
 41
0.7
  7
$TD_AUDIT_GENERATED_(2C7)
 72
     1
 11
24667.69682827768
 21
17868.7371017613
 31
0.0
100
AcDbAttribute
  2
4
 70
     8
 74
     2
  0
ATTRIB
  5
2CC53
330
2CC4E
100
AcDbEntity
  8
0
 62
   141
100
AcDbText
 10
24747.69682827833
 20
17855.34324701264
 30
0.0
 40
35.00000000014601
  1
Q235-A
 41
0.7
 51
10.0
  7
$TD_AUDIT_GENERATED_(2C8)
 11
24747.69682827833
 21
17872.84324701271
 31
0.0
100
AcDbAttribute
  2
5
 70
     8
 74
     2
  0
ATTRIB
  5
2CC54
330
2CC4E
100
AcDbEntity
  8
0
100
AcDbText
 10
25042.44430302669
 20
17852.9542734783
 30
0.0
 40
31.56565656600291
  1
5.3
 41
0.7
  7
$TD_AUDIT_GENERATED_(2C7)
 72
     1
 11
25067.69682827949
 21
17868.7371017613
 31
0.0
100
AcDbAttribute
  2
6
 70
     8
 74
     2
  0
ATTRIB
  5
2CC55
330
2CC4E
100
AcDbEntity
  8
0
100
AcDbText
 10
25138.0442418084
 20
17854.38907604948
 30
0.0
 40
28.69605142363901
  1
31.8
 41
0.7
  7
$TD_AUDIT_GENERATED_(2C7)
 72
     1
 11
25167.69682827949
 21
17868.7371017613
 31
0.0
100
AcDbAttribute
  2
7
 70
     8
 74
     2
  0
ATTRIB
  5
2CC56
330
2CC4E
100
AcDbEntity
  8
0
100
AcDbText
 10
25367.69682828014
 20
17886.23710176137
 30
0.0
 40
35.00000000014601
  1

 41
0.55
  7
$TD_AUDIT_GENERATED_(2C8)
 72
     1
 11
25367.69682828014
 21
17903.73710176144
 31
0.0
100
AcDbAttribute
  2
8
 70
     8
 74
     2
  0
SEQEND
  5
2CC57
330
2CC4E
100
AcDbEntity
  8
$TD_AUDIT_GENERATED_(2C5)
  0
INSERT
  5
2CC58
330
1F
100
AcDbEntity
  8
$TD_AUDIT_GENERATED_(2C5)
100
AcDbBlockReference
 66
     1
  2
$TD_AUDIT_GENERATED_(8CD2)
 10
23717.69682827393
 20
17623.73710176156
 30
0.0
 41
-10.00000000000001
 42
10.00000000000001
 43
10.00000000000001
 50
180.0
  0
ATTRIB
  5
2CC59
330
2CC58
100
AcDbEntity
  8
0
100
AcDbText
 10
23767.69682827393
 20
17571.23710176116
 30
0.0
 40
35.00000000014601
  1

 41
0.7
  7
$TD_AUDIT_GENERATED_(2C7)
 72
     1
 11
23767.69682827393
 21
17588.73710176123
 31
0.0
100
AcDbAttribute
  2
1
 70
     8
 74
     2
  0
ATTRIB
  5
2CC5A
330
2CC58
100
AcDbEntity
  8
0
 62
   141
100
AcDbText
 10
23847.69682827458
 20
17572.18903409302
 30
0.0
 40
33.09613533642314
  1
KMMXG10.16.6.1-7
 41
0.6
  7
$TD_AUDIT_GENERATED_(2C7)
 11
23847.69682827458
 21
17588.73710176124
 31
0.0
100
AcDbAttribute
  2
2
 70
     8
 74
     2
  0
ATTRIB
  5
2CC5B
330
2CC58
100
AcDbEntity
  8
0
 62
   141
100
AcDbText
 10
24247.69682827574
 20
17570.84604030864
 30
0.0
 40
35.00000000014601
  1
钢板305X150X8
 41
0.7
  7
$TD_AUDIT_GENERATED_(2C8)
 11
24247.69682827574
 21
17588.34604030872
 31
0.0
100
AcDbAttribute
  2
3
 70
     8
 74
     2
  0
ATTRIB
  5
2CC5C
330
2CC58
100
AcDbEntity
  8
0
100
AcDbText
 10
24657.78016161097
 20
17571.23710176116
 30
0.0
 40
35.00000000014601
  1
2
 41
0.7
  7
$TD_AUDIT_GENERATED_(2C7)
 72
     1
 11
24667.69682827768
 21
17588.73710176123
 31
0.0
100
AcDbAttribute
  2
4
 70
     8
 74
     2
  0
ATTRIB
  5
2CC5D
330
2CC58
100
AcDbEntity
  8
0
 62
   141
100
AcDbText
 10
24747.69682827833
 20
17575.34324701257
 30
0.0
 40
35.00000000014601
  1
Q235-A
 41
0.7
 51
10.0
  7
$TD_AUDIT_GENERATED_(2C8)
 11
24747.69682827833
 21
17592.84324701265
 31
0.0
100
AcDbAttribute
  2
5
 70
     8
 74
     2
  0
ATTRIB
  5
2CC5E
330
2CC58
100
AcDbEntity
  8
0
100
AcDbText
 10
25042.97039730279
 20
17572.95427347823
 30
0.0
 40
31.56565656600291
  1
2.9
 41
0.7
  7
$TD_AUDIT_GENERATED_(2C7)
 72
     1
 11
25067.69682827949
 21
17588.73710176123
 31
0.0
100
AcDbAttribute
  2
6
 70
     8
 74
     2
  0
ATTRIB
  5
2CC5F
330
2CC58
100
AcDbEntity
  8
0
100
AcDbText
 10
25144.73998714058
 20
17574.38907604942
 30
0.0
 40
28.69605142363901
  1
5.8
 41
0.7
  7
$TD_AUDIT_GENERATED_(2C7)
 72
     1
 11
25167.69682827949
 21
17588.73710176124
 31
0.0
100
AcDbAttribute
  2
7
 70
     8
 74
     2
  0
ATTRIB
  5
2CC60
330
2CC58
100
AcDbEntity
  8
0
100
AcDbText
 10
25367.69682828014
 20
17606.23710176131
 30
0.0
 40
35.00000000014601
  1

 41
0.55
  7
$TD_AUDIT_GENERATED_(2C8)
 72
     1
 11
25367.69682828014
 21
17623.73710176138
 31
0.0
100
AcDbAttribute
  2
8
 70
     8
 74
     2
  0
SEQEND
  5
2CC61
330
2CC58
100
AcDbEntity
  8
$TD_AUDIT_GENERATED_(2C5)
  0
INSERT
  5
2CC62
330
1F
100
AcDbEntity
  8
$TD_AUDIT_GENERATED_(2C5)
100
AcDbBlockReference
 66
     1
  2
$TD_AUDIT_GENERATED_(8CD2)
 10
23717.69682827399
 20
17553.73710176156
 30
0.0
 41
-10.00000000000001
 42
10.00000000000001
 43
10.00000000000001
 50
180.0
  0
ATTRIB
  5
2CC63
330
2CC62
100
AcDbEntity
  8
0
100
AcDbText
 10
23767.69682827399
 20
17501.23710176116
 30
0.0
 40
35.00000000014601
  1

 41
0.7
  7
$TD_AUDIT_GENERATED_(2C7)
 72
     1
 11
23767.69682827399
 21
17518.73710176123
 31
0.0
100
AcDbAttribute
  2
1
 70
     8
 74
     2
  0
ATTRIB
  5
2CC64
330
2CC62
100
AcDbEntity
  8
0
 62
   141
100
AcDbText
 10
23847.69682827464
 20
17502.18903409302
 30
0.0
 40
33.09613533642314
  1
KMMXG10.16.6.1-8
 41
0.6
  7
$TD_AUDIT_GENERATED_(2C7)
 11
23847.69682827464
 21
17518.73710176124
 31
0.0
100
AcDbAttribute
  2
2
 70
     8
 74
     2
  0
ATTRIB
  5
2CC65
330
2CC62
100
AcDbEntity
  8
0
 62
   141
100
AcDbText
 10
24247.69682827581
 20
17500.25944812987
 30
0.0
 40
35.00000000014601
  1
踏步板2
 41
0.7
  7
$TD_AUDIT_GENERATED_(2C8)
 11
24247.69682827581
 21
17517.75944812994
 31
0.0
100
AcDbAttribute
  2
3
 70
     8
 74
     2
  0
ATTRIB
  5
2CC66
330
2CC62
100
AcDbEntity
  8
0
100
AcDbText
 10
24661.86349494439
 20
17501.23710176116
 30
0.0
 40
35.00000000014601
  1
1
 41
0.7
  7
$TD_AUDIT_GENERATED_(2C7)
 72
     1
 11
24667.69682827774
 21
17518.73710176123
 31
0.0
100
AcDbAttribute
  2
4
 70
     8
 74
     2
  0
ATTRIB
  5
2CC67
330
2CC62
100
AcDbEntity
  8
0
 62
   141
100
AcDbText
 10
24747.69682827839
 20
17505.34324701257
 30
0.0
 40
35.00000000014601
  1
Q235-A
 41
0.7
 51
10.0
  7
$TD_AUDIT_GENERATED_(2C8)
 11
24747.69682827839
 21
17522.84324701265
 31
0.0
100
AcDbAttribute
  2
5
 70
     8
 74
     2
  0
ATTRIB
  5
2CC68
330
2CC62
100
AcDbEntity
  8
0
100
AcDbText
 10
25067.69682827956
 20
17534.51993004423
 30
0.0
 40
31.56565656600291
  1

 41
0.7
  7
$TD_AUDIT_GENERATED_(2C7)
 72
     1
 11
25067.69682827956
 21
17550.30275832724
 31
0.0
100
AcDbAttribute
  2
6
 70
     8
 74
     2
  0
ATTRIB
  5
2CC69
330
2CC62
100
AcDbEntity
  8
0
100
AcDbText
 10
25144.73998714064
 20
17504.38907604942
 30
0.0
 40
28.69605142363901
  1
2.7
 41
0.7
  7
$TD_AUDIT_GENERATED_(2C7)
 72
     1
 11
25167.69682827956
 21
17518.73710176124
 31
0.0
100
AcDbAttribute
  2
7
 70
     8
 74
     2
  0
ATTRIB
  5
2CC6A
330
2CC62
100
AcDbEntity
  8
0
100
AcDbText
 10
25367.6968282802
 20
17536.23710176131
 30
0.0
 40
35.00000000014601
  1

 41
0.55
  7
$TD_AUDIT_GENERATED_(2C8)
 72
     1
 11
25367.6968282802
 21
17553.73710176138
 31
0.0
100
AcDbAttribute
  2
8
 70
     8
 74
     2
  0
SEQEND
  5
2CC6B
330
2CC62
100
AcDbEntity
  8
$TD_AUDIT_GENERATED_(2C5)
  0
INSERT
  5
2CC6C
330
1F
100
AcDbEntity
  8
$TD_AUDIT_GENERATED_(2C5)
100
AcDbBlockReference
 66
     1
  2
$TD_AUDIT_GENERATED_(8CD2)
 10
23717.69682827399
 20
17343.73710176157
 30
0.0
 41
-9.999999999999993
 42
9.999999999999993
 43
9.999999999999993
 50
180.0
  0
ATTRIB
  5
2CC6D
330
2CC6C
100
AcDbEntity
  8
0
100
AcDbText
 10
23767.69682827397
 20
17291.23710176124
 30
0.0
 40
35.00000000014596
  1

 41
0.7
  7
$TD_AUDIT_GENERATED_(2C7)
 72
     1
 11
23767.69682827397
 21
17308.73710176131
 31
0.0
100
AcDbAttribute
  2
1
 70
     8
 74
     2
  0
ATTRIB
  5
2CC6E
330
2CC6C
100
AcDbEntity
  8
0
 62
   141
100
AcDbText
 10
23847.69682827477
 20
17292.1890340931
 30
0.0
 40
33.0961353364231
  1
KMMXG10.16.6.2-1
 41
0.6
  7
$TD_AUDIT_GENERATED_(2C7)
 11
23847.69682827477
 21
17308.73710176132
 31
0.0
100
AcDbAttribute
  2
2
 70
     8
 74
     2
  0
ATTRIB
  5
2CC6F
330
2CC6C
100
AcDbEntity
  8
0
 62
   141
100
AcDbText
 10
24247.69682827605
 20
17290.06391740369
 30
0.0
 40
35.00000000014596
  1
钢管 %%c42X2.5  L=529
 41
0.7
  7
$TD_AUDIT_GENERATED_(2C8)
 11
24247.69682827605
 21
17307.56391740377
 31
0.0
100
AcDbAttribute
  2
3
 70
     8
 74
     2
  0
ATTRIB
  5
2CC70
330
2CC6C
100
AcDbEntity
  8
0
100
AcDbText
 10
24657.78016161134
 20
17291.23710176124
 30
0.0
 40
35.00000000014596
  1
2
 41
0.7
  7
$TD_AUDIT_GENERATED_(2C7)
 72
     1
 11
24667.69682827805
 21
17308.73710176131
 31
0.0
100
AcDbAttribute
  2
4
 70
     8
 74
     2
  0
ATTRIB
  5
2CC71
330
2CC6C
100
AcDbEntity
  8
0
 62
   141
100
AcDbText
 10
24747.69682827815
 20
17292.01922466627
 30
0.0
 40
35.00000000014596
  1
20
 41
0.7
 51
10.0
  7
$TD_AUDIT_GENERATED_(2C8)
 11
24747.69682827815
 21
17309.51922466634
 31
0.0
100
AcDbAttribute
  2
5
 70
     8
 74
     2
  0
ATTRIB
  5
2CC72
330
2CC6C
100
AcDbEntity
  8
0
100
AcDbText
 10
25046.12696295946
 20
17292.95427347831
 30
0.0
 40
31.56565656600286
  1
1.9
 41
0.7
  7
$TD_AUDIT_GENERATED_(2C7)
 72
     1
 11
25067.69682827957
 21
17308.73710176131
 31
0.0
100
AcDbAttribute
  2
6
 70
     8
 74
     2
  0
ATTRIB
  5
2CC73
330
2CC6C
100
AcDbEntity
  8
0
100
AcDbText
 10
25144.73998714146
 20
17294.3890760495
 30
0.0
 40
28.69605142363898
  1
3.8
 41
0.7
  7
$TD_AUDIT_GENERATED_(2C7)
 72
     1
 11
25167.69682828037
 21
17308.73710176132
 31
0.0
100
AcDbAttribute
  2
7
 70
     8
 74
     2
  0
ATTRIB
  5
2CC74
330
2CC6C
100
AcDbEntity
  8
0
100
AcDbText
 10
25340.16610202372
 20
17290.65050958247
 30
0.0
 40
35.00000000014596
  1
无图
 41
0.55
  7
$TD_AUDIT_GENERATED_(2C8)
 72
     1
 11
25367.69682828082
 21
17308.15050958254
 31
0.0
100
AcDbAttribute
  2
8
 70
     8
 74
     2
  0
SEQEND
  5
2CC75
330
2CC6C
100
AcDbEntity
  8
$TD_AUDIT_GENERATED_(2C5)
  0
INSERT
  5
2CC76
330
1F
100
AcDbEntity
  8
$TD_AUDIT_GENERATED_(2C5)
100
AcDbBlockReference
 66
     1
  2
$TD_AUDIT_GENERATED_(8CD2)
 10
23717.69682827399
 20
17413.73710176156
 30
0.0
 41
-9.999999999999993
 42
9.999999999999993
 43
9.999999999999993
 50
180.0
  0
ATTRIB
  5
2CC77
330
2CC76
100
AcDbEntity
  8
0
100
AcDbText
 10
23767.69682827397
 20
17361.23710176122
 30
0.0
 40
35.00000000014596
  1

 41
0.7
  7
$TD_AUDIT_GENERATED_(2C7)
 72
     1
 11
23767.69682827397
 21
17378.73710176129
 31
0.0
100
AcDbAttribute
  2
1
 70
     8
 74
     2
  0
ATTRIB
  5
2CC78
330
2CC76
100
AcDbEntity
  8
0
 62
   141
100
AcDbText
 10
23847.69682827477
 20
17366.91705342685
 30
0.0
 40
33.0961353364231
  1
GB/T12459-2005
 41
0.6
  7
$TD_AUDIT_GENERATED_(2C7)
 11
23847.69682827477
 21
17383.46512109507
 31
0.0
100
AcDbAttribute
  2
2
 70
     8
 74
     2
  0
ATTRIB
  5
2CC79
330
2CC76
100
AcDbEntity
  8
0
 62
   141
100
AcDbText
 10
24247.69682827605
 20
17360.06391740367
 30
0.0
 40
35.00000000014596
  1
DN32等径弯头（Ⅰ系列长半径）
 41
0.5
  7
$TD_AUDIT_GENERATED_(2C8)
 11
24247.69682827605
 21
17377.56391740374
 31
0.0
100
AcDbAttribute
  2
3
 70
     8
 74
     2
  0
ATTRIB
  5
2CC7A
330
2CC76
100
AcDbEntity
  8
0
100
AcDbText
 10
24657.78016161134
 20
17361.23710176122
 30
0.0
 40
35.00000000014596
  1
2
 41
0.7
  7
$TD_AUDIT_GENERATED_(2C7)
 72
     1
 11
24667.69682827805
 21
17378.73710176129
 31
0.0
100
AcDbAttribute
  2
4
 70
     8
 74
     2
  0
ATTRIB
  5
2CC7B
330
2CC76
100
AcDbEntity
  8
0
 62
   141
100
AcDbText
 10
24747.69682827815
 20
17360.25944812993
 30
0.0
 40
35.00000000014596
  1
外购件
 41
0.7
 51
10.0
  7
$TD_AUDIT_GENERATED_(2C8)
 11
24747.69682827815
 21
17377.75944813
 31
0.0
100
AcDbAttribute
  2
5
 70
     8
 74
     2
  0
ATTRIB
  5
2CC7C
330
2CC76
100
AcDbEntity
  8
0
100
AcDbText
 10
25042.44430302676
 20
17362.95427347829
 30
0.0
 40
31.56565656600286
  1
0.3
 41
0.7
  7
$TD_AUDIT_GENERATED_(2C7)
 72
     1
 11
25067.69682827957
 21
17378.73710176129
 31
0.0
100
AcDbAttribute
  2
6
 70
     8
 74
     2
  0
ATTRIB
  5
2CC7D
330
2CC76
100
AcDbEntity
  8
0
100
AcDbText
 10
25145.21825466519
 20
17364.38907604947
 30
0.0
 40
28.69605142363898
  1
0.6
 41
0.7
  7
$TD_AUDIT_GENERATED_(2C7)
 72
     1
 11
25167.69682828037
 21
17378.73710176129
 31
0.0
100
AcDbAttribute
  2
7
 70
     8
 74
     2
  0
ATTRIB
  5
2CC7E
330
2CC76
100
AcDbEntity
  8
0
100
AcDbText
 10
25326.40073889517
 20
17360.25944812993
 30
0.0
 40
35.00000000014596
  1
外购件
 41
0.55
  7
$TD_AUDIT_GENERATED_(2C8)
 72
     1
 11
25367.69682828082
 21
17377.75944813
 31
0.0
100
AcDbAttribute
  2
8
 70
     8
 74
     2
  0
SEQEND
  5
2CC7F
330
2CC76
100
AcDbEntity
  8
$TD_AUDIT_GENERATED_(2C5)
  0
INSERT
  5
2CC80
330
1F
100
AcDbEntity
  8
$TD_AUDIT_GENERATED_(2C5)
100
AcDbBlockReference
 66
     1
  2
$TD_AUDIT_GENERATED_(8CD2)
 10
23717.69682827399
 20
17273.73710176155
 30
0.0
 41
-9.999999999999993
 42
9.999999999999993
 43
9.999999999999993
 50
180.0
  0
ATTRIB
  5
2CC81
330
2CC80
100
AcDbEntity
  8
0
100
AcDbText
 10
23767.69682827397
 20
17221.23710176125
 30
0.0
 40
35.00000000014596
  1

 41
0.7
  7
$TD_AUDIT_GENERATED_(2C7)
 72
     1
 11
23767.69682827397
 21
17238.73710176133
 31
0.0
100
AcDbAttribute
  2
1
 70
     8
 74
     2
  0
ATTRIB
  5
2CC82
330
2CC80
100
AcDbEntity
  8
0
 62
   141
100
AcDbText
 10
23847.69682827477
 20
17226.91705342689
 30
0.0
 40
33.0961353364231
  1
GB/T12459-2005
 41
0.6
  7
$TD_AUDIT_GENERATED_(2C7)
 11
23847.69682827477
 21
17243.4651210951
 31
0.0
100
AcDbAttribute
  2
2
 70
     8
 74
     2
  0
ATTRIB
  5
2CC83
330
2CC80
100
AcDbEntity
  8
0
 62
   141
100
AcDbText
 10
24247.69682827605
 20
17220.06391740371
 30
0.0
 40
35.00000000014596
  1
DN32等径弯头（Ⅰ系列长半径）35°
 41
0.45
  7
$TD_AUDIT_GENERATED_(2C8)
 11
24247.69682827605
 21
17237.56391740378
 31
0.0
100
AcDbAttribute
  2
3
 70
     8
 74
     2
  0
ATTRIB
  5
2CC84
330
2CC80
100
AcDbEntity
  8
0
100
AcDbText
 10
24657.78016161134
 20
17221.23710176125
 30
0.0
 40
35.00000000014596
  1
2
 41
0.7
  7
$TD_AUDIT_GENERATED_(2C7)
 72
     1
 11
24667.69682827805
 21
17238.73710176133
 31
0.0
100
AcDbAttribute
  2
4
 70
     8
 74
     2
  0
ATTRIB
  5
2CC85
330
2CC80
100
AcDbEntity
  8
0
 62
   141
100
AcDbText
 10
24747.69682827815
 20
17220.25944812997
 30
0.0
 40
35.00000000014596
  1
外购件
 41
0.7
 51
10.0
  7
$TD_AUDIT_GENERATED_(2C8)
 11
24747.69682827815
 21
17237.75944813004
 31
0.0
100
AcDbAttribute
  2
5
 70
     8
 74
     2
  0
ATTRIB
  5
2CC86
330
2CC80
100
AcDbEntity
  8
0
100
AcDbText
 10
25046.12696295946
 20
17222.95427347833
 30
0.0
 40
31.56565656600286
  1
0.1
 41
0.7
  7
$TD_AUDIT_GENERATED_(2C7)
 72
     1
 11
25067.69682827957
 21
17238.73710176133
 31
0.0
100
AcDbAttribute
  2
6
 70
     8
 74
     2
  0
ATTRIB
  5
2CC87
330
2CC80
100
AcDbEntity
  8
0
100
AcDbText
 10
25144.26171961773
 20
17224.38907604951
 30
0.0
 40
28.69605142363898
  1
0.2
 41
0.7
  7
$TD_AUDIT_GENERATED_(2C7)
 72
     1
 11
25167.69682828037
 21
17238.73710176133
 31
0.0
100
AcDbAttribute
  2
7
 70
     8
 74
     2
  0
ATTRIB
  5
2CC88
330
2CC80
100
AcDbEntity
  8
0
100
AcDbText
 10
25319.5180573309
 20
17220.25944812997
 30
0.0
 40
35.00000000014596
  1
外购件 
 41
0.55
  7
$TD_AUDIT_GENERATED_(2C8)
 72
     1
 11
25367.69682828082
 21
17237.75944813004
 31
0.0
100
AcDbAttribute
  2
8
 70
     8
 74
     2
  0
SEQEND
  5
2CC89
330
2CC80
100
AcDbEntity
  8
$TD_AUDIT_GENERATED_(2C5)
  0
INSERT
  5
2CC8A
330
1F
100
AcDbEntity
  8
$TD_AUDIT_GENERATED_(2C5)
100
AcDbBlockReference
 66
     1
  2
$TD_AUDIT_GENERATED_(8CD2)
 10
23717.69682827399
 20
17203.73710176157
 30
0.0
 41
-9.999999999999993
 42
9.999999999999993
 43
9.999999999999993
 50
180.0
  0
ATTRIB
  5
2CC8B
330
2CC8A
100
AcDbEntity
  8
0
100
AcDbText
 10
23767.69682827397
 20
17151.23710176123
 30
0.0
 40
35.00000000014596
  1

 41
0.7
  7
$TD_AUDIT_GENERATED_(2C7)
 72
     1
 11
23767.69682827397
 21
17168.73710176131
 31
0.0
100
AcDbAttribute
  2
1
 70
     8
 74
     2
  0
ATTRIB
  5
2CC8C
330
2CC8A
100
AcDbEntity
  8
0
 62
   141
100
AcDbText
 10
23847.69682827461
 20
17152.1890340931
 30
0.0
 40
33.0961353364231
  1
KMMXG10.16.6.2-2
 41
0.6
  7
$TD_AUDIT_GENERATED_(2C7)
 11
23847.69682827461
 21
17168.73710176131
 31
0.0
100
AcDbAttribute
  2
2
 70
     8
 74
     2
  0
ATTRIB
  5
2CC8D
330
2CC8A
100
AcDbEntity
  8
0
 62
   141
100
AcDbText
 10
24247.69682827605
 20
17150.06391740369
 30
0.0
 40
35.00000000014596
  1
%%c42钢管1
 41
0.7
  7
$TD_AUDIT_GENERATED_(2C8)
 11
24247.69682827605
 21
17167.56391740376
 31
0.0
100
AcDbAttribute
  2
3
 70
     8
 74
     2
  0
ATTRIB
  5
2CC8E
330
2CC8A
100
AcDbEntity
  8
0
100
AcDbText
 10
24661.86349494453
 20
17151.23710176123
 30
0.0
 40
35.00000000014596
  1
1
 41
0.7
  7
$TD_AUDIT_GENERATED_(2C7)
 72
     1
 11
24667.69682827789
 21
17168.73710176131
 31
0.0
100
AcDbAttribute
  2
4
 70
     8
 74
     2
  0
ATTRIB
  5
2CC8F
330
2CC8A
100
AcDbEntity
  8
0
 62
   141
100
AcDbText
 10
24747.69682827815
 20
17152.01922466626
 30
0.0
 40
35.00000000014596
  1
20
 41
0.7
 51
10.0
  7
$TD_AUDIT_GENERATED_(2C8)
 11
24747.69682827815
 21
17169.51922466634
 31
0.0
100
AcDbAttribute
  2
5
 70
     8
 74
     2
  0
ATTRIB
  5
2CC90
330
2CC8A
100
AcDbEntity
  8
0
100
AcDbText
 10
25067.69682827941
 20
17184.51993004431
 30
0.0
 40
31.56565656600286
  1

 41
0.7
  7
$TD_AUDIT_GENERATED_(2C7)
 72
     1
 11
25067.69682827941
 21
17200.30275832731
 31
0.0
100
AcDbAttribute
  2
6
 70
     8
 74
     2
  0
ATTRIB
  5
2CC91
330
2CC8A
100
AcDbEntity
  8
0
100
AcDbText
 10
25148.0878598074
 20
17154.38907604949
 30
0.0
 40
28.69605142363898
  1
1.4
 41
0.7
  7
$TD_AUDIT_GENERATED_(2C7)
 72
     1
 11
25167.69682828022
 21
17168.73710176131
 31
0.0
100
AcDbAttribute
  2
7
 70
     8
 74
     2
  0
ATTRIB
  5
2CC92
330
2CC8A
100
AcDbEntity
  8
0
100
AcDbText
 10
25367.69682828075
 20
17186.23710176138
 30
0.0
 40
35.00000000014596
  1

 41
0.55
  7
$TD_AUDIT_GENERATED_(2C8)
 72
     1
 11
25367.69682828075
 21
17203.73710176145
 31
0.0
100
AcDbAttribute
  2
8
 70
     8
 74
     2
  0
SEQEND
  5
2CC93
330
2CC8A
100
AcDbEntity
  8
$TD_AUDIT_GENERATED_(2C5)
  0
INSERT
  5
2CC94
330
1F
100
AcDbEntity
  8
$TD_AUDIT_GENERATED_(2C5)
100
AcDbBlockReference
 66
     1
  2
$TD_AUDIT_GENERATED_(8CD2)
 10
23717.69682827399
 20
17063.73710176157
 30
0.0
 41
-9.999999999999993
 42
9.999999999999993
 43
9.999999999999993
 50
180.0
  0
ATTRIB
  5
2CC95
330
2CC94
100
AcDbEntity
  8
0
100
AcDbText
 10
23767.69682827397
 20
17011.23710176123
 30
0.0
 40
35.00000000014596
  1

 41
0.7
  7
$TD_AUDIT_GENERATED_(2C7)
 72
     1
 11
23767.69682827397
 21
17028.7371017613
 31
0.0
100
AcDbAttribute
  2
1
 70
     8
 74
     2
  0
ATTRIB
  5
2CC96
330
2CC94
100
AcDbEntity
  8
0
 62
   141
100
AcDbText
 10
23847.69682827461
 20
17012.18903409309
 30
0.0
 40
33.0961353364231
  1
KMMXG10.16.6.2-4
 41
0.6
  7
$TD_AUDIT_GENERATED_(2C7)
 11
23847.69682827461
 21
17028.73710176131
 31
0.0
100
AcDbAttribute
  2
2
 70
     8
 74
     2
  0
ATTRIB
  5
2CC97
330
2CC94
100
AcDbEntity
  8
0
 62
   141
100
AcDbText
 10
24247.69682827605
 20
17010.65050958246
 30
0.0
 40
35.00000000014596
  1
踢脚板
 41
0.7
  7
$TD_AUDIT_GENERATED_(2C8)
 11
24247.69682827605
 21
17028.15050958253
 31
0.0
100
AcDbAttribute
  2
3
 70
     8
 74
     2
  0
ATTRIB
  5
2CC98
330
2CC94
100
AcDbEntity
  8
0
100
AcDbText
 10
24661.86349494453
 20
17011.23710176123
 30
0.0
 40
35.00000000014596
  1
1
 41
0.7
  7
$TD_AUDIT_GENERATED_(2C7)
 72
     1
 11
24667.69682827789
 21
17028.7371017613
 31
0.0
100
AcDbAttribute
  2
4
 70
     8
 74
     2
  0
ATTRIB
  5
2CC99
330
2CC94
100
AcDbEntity
  8
0
 62
   141
100
AcDbText
 10
24747.69682827815
 20
17015.34324701264
 30
0.0
 40
35.00000000014596
  1
Q235-A
 41
0.7
 51
10.0
  7
$TD_AUDIT_GENERATED_(2C8)
 11
24747.69682827815
 21
17032.84324701272
 31
0.0
100
AcDbAttribute
  2
5
 70
     8
 74
     2
  0
ATTRIB
  5
2CC9A
330
2CC94
100
AcDbEntity
  8
0
100
AcDbText
 10
25067.69682827941
 20
17044.5199300443
 30
0.0
 40
31.56565656600286
  1

 41
0.7
  7
$TD_AUDIT_GENERATED_(2C7)
 72
     1
 11
25067.69682827941
 21
17060.3027583273
 31
0.0
100
AcDbAttribute
  2
6
 70
     8
 74
     2
  0
ATTRIB
  5
2CC9B
330
2CC94
100
AcDbEntity
  8
0
100
AcDbText
 10
25144.73998714131
 20
17014.38907604948
 30
0.0
 40
28.69605142363898
  1
5.8
 41
0.7
  7
$TD_AUDIT_GENERATED_(2C7)
 72
     1
 11
25167.69682828022
 21
17028.73710176131
 31
0.0
100
AcDbAttribute
  2
7
 70
     8
 74
     2
  0
ATTRIB
  5
2CC9C
330
2CC94
100
AcDbEntity
  8
0
100
AcDbText
 10
25367.69682828075
 20
17046.23710176137
 30
0.0
 40
35.00000000014596
  1

 41
0.55
  7
$TD_AUDIT_GENERATED_(2C8)
 72
     1
 11
25367.69682828075
 21
17063.73710176145
 31
0.0
100
AcDbAttribute
  2
8
 70
     8
 74
     2
  0
SEQEND
  5
2CC9D
330
2CC94
100
AcDbEntity
  8
$TD_AUDIT_GENERATED_(2C5)
  0
INSERT
  5
2CC9E
330
1F
100
AcDbEntity
  8
$TD_AUDIT_GENERATED_(2C5)
100
AcDbBlockReference
 66
     1
  2
$TD_AUDIT_GENERATED_(8CD2)
 10
23717.69682827399
 20
17133.73710176159
 30
0.0
 41
-9.999999999999993
 42
9.999999999999993
 43
9.999999999999993
 50
180.0
  0
ATTRIB
  5
2CC9F
330
2CC9E
100
AcDbEntity
  8
0
100
AcDbText
 10
23767.69682827397
 20
17081.23710176125
 30
0.0
 40
35.00000000014596
  1

 41
0.7
  7
$TD_AUDIT_GENERATED_(2C7)
 72
     1
 11
23767.69682827397
 21
17098.73710176132
 31
0.0
100
AcDbAttribute
  2
1
 70
     8
 74
     2
  0
ATTRIB
  5
2CCA0
330
2CC9E
100
AcDbEntity
  8
0
 62
   141
100
AcDbText
 10
23847.69682827461
 20
17082.18903409311
 30
0.0
 40
33.0961353364231
  1
KMMXG10.16.6.2-3
 41
0.6
  7
$TD_AUDIT_GENERATED_(2C7)
 11
23847.69682827461
 21
17098.73710176133
 31
0.0
100
AcDbAttribute
  2
2
 70
     8
 74
     2
  0
ATTRIB
  5
2CCA1
330
2CC9E
100
AcDbEntity
  8
0
 62
   141
100
AcDbText
 10
24247.69682827605
 20
17080.0639174037
 30
0.0
 40
35.00000000014596
  1
%%c42钢管2
 41
0.7
  7
$TD_AUDIT_GENERATED_(2C8)
 11
24247.69682827605
 21
17097.56391740378
 31
0.0
100
AcDbAttribute
  2
3
 70
     8
 74
     2
  0
ATTRIB
  5
2CCA2
330
2CC9E
100
AcDbEntity
  8
0
100
AcDbText
 10
24658.36349494452
 20
17081.23710176125
 30
0.0
 40
35.00000000014596
  1
3
 41
0.7
  7
$TD_AUDIT_GENERATED_(2C7)
 72
     1
 11
24667.69682827789
 21
17098.73710176132
 31
0.0
100
AcDbAttribute
  2
4
 70
     8
 74
     2
  0
ATTRIB
  5
2CCA3
330
2CC9E
100
AcDbEntity
  8
0
 62
   141
100
AcDbText
 10
24747.69682827815
 20
17082.01922466628
 30
0.0
 40
35.00000000014596
  1
20
 41
0.7
 51
10.0
  7
$TD_AUDIT_GENERATED_(2C8)
 11
24747.69682827815
 21
17099.51922466635
 31
0.0
100
AcDbAttribute
  2
5
 70
     8
 74
     2
  0
ATTRIB
  5
2CCA4
330
2CC9E
100
AcDbEntity
  8
0
100
AcDbText
 10
25042.97039730271
 20
17082.95427347832
 30
0.0
 40
31.56565656600286
  1
4.6
 41
0.7
  7
$TD_AUDIT_GENERATED_(2C7)
 72
     1
 11
25067.69682827941
 21
17098.73710176132
 31
0.0
100
AcDbAttribute
  2
6
 70
     8
 74
     2
  0
ATTRIB
  5
2CCA5
330
2CC9E
100
AcDbEntity
  8
0
100
AcDbText
 10
25137.5659742854
 20
17084.38907604951
 30
0.0
 40
28.69605142363898
  1
13.8
 41
0.7
  7
$TD_AUDIT_GENERATED_(2C7)
 72
     1
 11
25167.69682828022
 21
17098.73710176133
 31
0.0
100
AcDbAttribute
  2
7
 70
     8
 74
     2
  0
ATTRIB
  5
2CCA6
330
2CC9E
100
AcDbEntity
  8
0
100
AcDbText
 10
25367.69682828075
 20
17116.2371017614
 30
0.0
 40
35.00000000014596
  1

 41
0.55
  7
$TD_AUDIT_GENERATED_(2C8)
 72
     1
 11
25367.69682828075
 21
17133.73710176147
 31
0.0
100
AcDbAttribute
  2
8
 70
     8
 74
     2
  0
SEQEND
  5
2CCA7
330
2CC9E
100
AcDbEntity
  8
$TD_AUDIT_GENERATED_(2C5)
  0
INSERT
  5
2CCA8
330
1F
100
AcDbEntity
  8
$TD_AUDIT_GENERATED_(2C5)
100
AcDbBlockReference
 66
     1
  2
$TD_AUDIT_GENERATED_(8CD2)
 10
23717.69682827399
 20
16993.73710176158
 30
0.0
 41
-9.999999999999993
 42
9.999999999999993
 43
9.999999999999993
 50
180.0
  0
ATTRIB
  5
2CCA9
330
2CCA8
100
AcDbEntity
  8
0
100
AcDbText
 10
23767.69682827397
 20
16941.23710176125
 30
0.0
 40
35.00000000014596
  1

 41
0.7
  7
$TD_AUDIT_GENERATED_(2C7)
 72
     1
 11
23767.69682827397
 21
16958.73710176132
 31
0.0
100
AcDbAttribute
  2
1
 70
     8
 74
     2
  0
ATTRIB
  5
2CCAA
330
2CCA8
100
AcDbEntity
  8
0
 62
   141
100
AcDbText
 10
23847.69682827461
 20
16942.18903409311
 30
0.0
 40
33.0961353364231
  1
KMMXG10.16.6.2-5
 41
0.6
  7
$TD_AUDIT_GENERATED_(2C7)
 11
23847.69682827461
 21
16958.73710176132
 31
0.0
100
AcDbAttribute
  2
2
 70
     8
 74
     2
  0
ATTRIB
  5
2CCAB
330
2CCA8
100
AcDbEntity
  8
0
 62
   141
100
AcDbText
 10
24247.69682827605
 20
16940.0639174037
 30
0.0
 40
35.00000000014596
  1
%%c33.5钢管1
 41
0.7
  7
$TD_AUDIT_GENERATED_(2C8)
 11
24247.69682827605
 21
16957.56391740377
 31
0.0
100
AcDbAttribute
  2
3
 70
     8
 74
     2
  0
ATTRIB
  5
2CCAC
330
2CCA8
100
AcDbEntity
  8
0
100
AcDbText
 10
24657.78016161118
 20
16941.23710176125
 30
0.0
 40
35.00000000014596
  1
2
 41
0.7
  7
$TD_AUDIT_GENERATED_(2C7)
 72
     1
 11
24667.69682827789
 21
16958.73710176132
 31
0.0
100
AcDbAttribute
  2
4
 70
     8
 74
     2
  0
ATTRIB
  5
2CCAD
330
2CCA8
100
AcDbEntity
  8
0
 62
   141
100
AcDbText
 10
24747.69682827815
 20
16942.01922466628
 30
0.0
 40
35.00000000014596
  1
20
 41
0.7
 51
10.0
  7
$TD_AUDIT_GENERATED_(2C8)
 11
24747.69682827815
 21
16959.51922466635
 31
0.0
100
AcDbAttribute
  2
5
 70
     8
 74
     2
  0
ATTRIB
  5
2CCAE
330
2CCA8
100
AcDbEntity
  8
0
100
AcDbText
 10
25049.28352861591
 20
16947.98281012324
 30
0.0
 40
31.56565656600286
  1
1.1
 41
0.7
  7
$TD_AUDIT_GENERATED_(2C7)
 72
     1
 11
25067.69682827941
 21
16963.76563840624
 31
0.0
100
AcDbAttribute
  2
6
 70
     8
 74
     2
  0
ATTRIB
  5
2CCAF
330
2CCA8
100
AcDbEntity
  8
0
100
AcDbText
 10
25144.26171961758
 20
16944.3890760495
 30
0.0
 40
28.69605142363898
  1
2.2
 41
0.7
  7
$TD_AUDIT_GENERATED_(2C7)
 72
     1
 11
25167.69682828022
 21
16958.73710176132
 31
0.0
100
AcDbAttribute
  2
7
 70
     8
 74
     2
  0
ATTRIB
  5
2CCB0
330
2CCA8
100
AcDbEntity
  8
0
100
AcDbText
 10
25367.69682828075
 20
16976.23710176139
 30
0.0
 40
35.00000000014596
  1

 41
0.55
  7
$TD_AUDIT_GENERATED_(2C8)
 72
     1
 11
25367.69682828075
 21
16993.73710176147
 31
0.0
100
AcDbAttribute
  2
8
 70
     8
 74
     2
  0
SEQEND
  5
2CCB1
330
2CCA8
100
AcDbEntity
  8
$TD_AUDIT_GENERATED_(2C5)
  0
INSERT
  5
2CCB2
330
1F
100
AcDbEntity
  8
$TD_AUDIT_GENERATED_(2C5)
100
AcDbBlockReference
 66
     1
  2
$TD_AUDIT_GENERATED_(8CD2)
 10
23717.69682827399
 20
16923.73710176156
 30
0.0
 41
-9.999999999999993
 42
9.999999999999993
 43
9.999999999999993
 50
180.0
  0
ATTRIB
  5
2CCB3
330
2CCB2
100
AcDbEntity
  8
0
100
AcDbText
 10
23767.69682827397
 20
16871.23710176123
 30
0.0
 40
35.00000000014596
  1

 41
0.7
  7
$TD_AUDIT_GENERATED_(2C7)
 72
     1
 11
23767.69682827397
 21
16888.7371017613
 31
0.0
100
AcDbAttribute
  2
1
 70
     8
 74
     2
  0
ATTRIB
  5
2CCB4
330
2CCB2
100
AcDbEntity
  8
0
 62
   141
100
AcDbText
 10
23847.69682827461
 20
16872.18903409309
 30
0.0
 40
33.0961353364231
  1
KMMXG10.16.6.2-6
 41
0.6
  7
$TD_AUDIT_GENERATED_(2C7)
 11
23847.69682827461
 21
16888.7371017613
 31
0.0
100
AcDbAttribute
  2
2
 70
     8
 74
     2
  0
ATTRIB
  5
2CCB5
330
2CCB2
100
AcDbEntity
  8
0
 62
   141
100
AcDbText
 10
24247.69682827605
 20
16870.06391740368
 30
0.0
 40
35.00000000014596
  1
%%c42钢管3
 41
0.7
  7
$TD_AUDIT_GENERATED_(2C8)
 11
24247.69682827605
 21
16887.56391740375
 31
0.0
100
AcDbAttribute
  2
3
 70
     8
 74
     2
  0
ATTRIB
  5
2CCB6
330
2CCB2
100
AcDbEntity
  8
0
100
AcDbText
 10
24661.86349494453
 20
16871.23710176123
 30
0.0
 40
35.00000000014596
  1
1
 41
0.7
  7
$TD_AUDIT_GENERATED_(2C7)
 72
     1
 11
24667.69682827789
 21
16888.7371017613
 31
0.0
100
AcDbAttribute
  2
4
 70
     8
 74
     2
  0
ATTRIB
  5
2CCB7
330
2CCB2
100
AcDbEntity
  8
0
 62
   141
100
AcDbText
 10
24747.69682827815
 20
16872.01922466626
 30
0.0
 40
35.00000000014596
  1
20
 41
0.7
 51
10.0
  7
$TD_AUDIT_GENERATED_(2C8)
 11
24747.69682827815
 21
16889.51922466633
 31
0.0
100
AcDbAttribute
  2
5
 70
     8
 74
     2
  0
ATTRIB
  5
2CCB8
330
2CCB2
100
AcDbEntity
  8
0
100
AcDbText
 10
25067.69682827941
 20
16904.5199300443
 30
0.0
 40
31.56565656600286
  1

 41
0.7
  7
$TD_AUDIT_GENERATED_(2C7)
 72
     1
 11
25067.69682827941
 21
16920.3027583273
 31
0.0
100
AcDbAttribute
  2
6
 70
     8
 74
     2
  0
ATTRIB
  5
2CCB9
330
2CCB2
100
AcDbEntity
  8
0
100
AcDbText
 10
25145.21825466504
 20
16874.38907604948
 30
0.0
 40
28.69605142363898
  1
5.4
 41
0.7
  7
$TD_AUDIT_GENERATED_(2C7)
 72
     1
 11
25167.69682828022
 21
16888.7371017613
 31
0.0
100
AcDbAttribute
  2
7
 70
     8
 74
     2
  0
ATTRIB
  5
2CCBA
330
2CCB2
100
AcDbEntity
  8
0
100
AcDbText
 10
25367.69682828075
 20
16906.23710176137
 30
0.0
 40
35.00000000014596
  1

 41
0.55
  7
$TD_AUDIT_GENERATED_(2C8)
 72
     1
 11
25367.69682828075
 21
16923.73710176144
 31
0.0
100
AcDbAttribute
  2
8
 70
     8
 74
     2
  0
SEQEND
  5
2CCBB
330
2CCB2
100
AcDbEntity
  8
$TD_AUDIT_GENERATED_(2C5)
  0
INSERT
  5
2CCBC
330
1F
100
AcDbEntity
  8
$TD_AUDIT_GENERATED_(2C5)
100
AcDbBlockReference
 66
     1
  2
$TD_AUDIT_GENERATED_(8CD2)
 10
23717.69682827399
 20
16853.73710176158
 30
0.0
 41
-9.999999999999993
 42
9.999999999999993
 43
9.999999999999993
 50
180.0
  0
ATTRIB
  5
2CCBD
330
2CCBC
100
AcDbEntity
  8
0
100
AcDbText
 10
23767.69682827397
 20
16801.23710176124
 30
0.0
 40
35.00000000014596
  1

 41
0.7
  7
$TD_AUDIT_GENERATED_(2C7)
 72
     1
 11
23767.69682827397
 21
16818.73710176132
 31
0.0
100
AcDbAttribute
  2
1
 70
     8
 74
     2
  0
ATTRIB
  5
2CCBE
330
2CCBC
100
AcDbEntity
  8
0
 62
   141
100
AcDbText
 10
23847.69682827461
 20
16806.91705342688
 30
0.0
 40
33.0961353364231
  1
GB/T12459-2005
 41
0.6
  7
$TD_AUDIT_GENERATED_(2C7)
 11
23847.69682827461
 21
16823.46512109509
 31
0.0
100
AcDbAttribute
  2
2
 70
     8
 74
     2
  0
ATTRIB
  5
2CCBF
330
2CCBC
100
AcDbEntity
  8
0
 62
   141
100
AcDbText
 10
24247.69682827605
 20
16800.0639174037
 30
0.0
 40
35.00000000014596
  1
DN32等径弯头（Ⅰ系列长半径）55°
 41
0.45
  7
$TD_AUDIT_GENERATED_(2C8)
 11
24247.69682827605
 21
16817.56391740377
 31
0.0
100
AcDbAttribute
  2
3
 70
     8
 74
     2
  0
ATTRIB
  5
2CCC0
330
2CCBC
100
AcDbEntity
  8
0
100
AcDbText
 10
24657.78016161118
 20
16801.23710176124
 30
0.0
 40
35.00000000014596
  1
2
 41
0.7
  7
$TD_AUDIT_GENERATED_(2C7)
 72
     1
 11
24667.69682827789
 21
16818.73710176132
 31
0.0
100
AcDbAttribute
  2
4
 70
     8
 74
     2
  0
ATTRIB
  5
2CCC1
330
2CCBC
100
AcDbEntity
  8
0
 62
   141
100
AcDbText
 10
24747.69682827815
 20
16800.25944812995
 30
0.0
 40
35.00000000014596
  1
外购件
 41
0.7
 51
10.0
  7
$TD_AUDIT_GENERATED_(2C8)
 11
24747.69682827815
 21
16817.75944813003
 31
0.0
100
AcDbAttribute
  2
5
 70
     8
 74
     2
  0
ATTRIB
  5
2CCC2
330
2CCBC
100
AcDbEntity
  8
0
100
AcDbText
 10
25046.12696295931
 20
16802.95427347831
 30
0.0
 40
31.56565656600286
  1
0.1
 41
0.7
  7
$TD_AUDIT_GENERATED_(2C7)
 72
     1
 11
25067.69682827941
 21
16818.73710176132
 31
0.0
100
AcDbAttribute
  2
6
 70
     8
 74
     2
  0
ATTRIB
  5
2CCC3
330
2CCBC
100
AcDbEntity
  8
0
100
AcDbText
 10
25144.26171961758
 20
16804.3890760495
 30
0.0
 40
28.69605142363898
  1
0.2
 41
0.7
  7
$TD_AUDIT_GENERATED_(2C7)
 72
     1
 11
25167.69682828022
 21
16818.73710176132
 31
0.0
100
AcDbAttribute
  2
7
 70
     8
 74
     2
  0
ATTRIB
  5
2CCC4
330
2CCBC
100
AcDbEntity
  8
0
100
AcDbText
 10
25326.4007388951
 20
16800.25944812995
 30
0.0
 40
35.00000000014596
  1
外购件
 41
0.55
  7
$TD_AUDIT_GENERATED_(2C8)
 72
     1
 11
25367.69682828075
 21
16817.75944813003
 31
0.0
100
AcDbAttribute
  2
8
 70
     8
 74
     2
  0
SEQEND
  5
2CCC5
330
2CCBC
100
AcDbEntity
  8
$TD_AUDIT_GENERATED_(2C5)
  0
INSERT
  5
2CCC6
330
1F
100
AcDbEntity
  8
$TD_AUDIT_GENERATED_(2C5)
100
AcDbBlockReference
 66
     1
  2
$TD_AUDIT_GENERATED_(8CD2)
 10
23717.69682827399
 20
16783.73710176156
 30
0.0
 41
-9.999999999999993
 42
9.999999999999993
 43
9.999999999999993
 50
180.0
  0
ATTRIB
  5
2CCC7
330
2CCC6
100
AcDbEntity
  8
0
100
AcDbText
 10
23767.69682827397
 20
16731.23710176122
 30
0.0
 40
35.00000000014596
  1

 41
0.7
  7
$TD_AUDIT_GENERATED_(2C7)
 72
     1
 11
23767.69682827397
 21
16748.73710176129
 31
0.0
100
AcDbAttribute
  2
1
 70
     8
 74
     2
  0
ATTRIB
  5
2CCC8
330
2CCC6
100
AcDbEntity
  8
0
 62
   141
100
AcDbText
 10
23847.69682827461
 20
16732.18903409309
 30
0.0
 40
33.0961353364231
  1
KMMXG10.16.6.2-7
 41
0.6
  7
$TD_AUDIT_GENERATED_(2C7)
 11
23847.69682827461
 21
16748.7371017613
 31
0.0
100
AcDbAttribute
  2
2
 70
     8
 74
     2
  0
ATTRIB
  5
2CCC9
330
2CCC6
100
AcDbEntity
  8
0
 62
   141
100
AcDbText
 10
24247.69682827605
 20
16730.06391740367
 30
0.0
 40
35.00000000014596
  1
%%c42钢管4
 41
0.7
  7
$TD_AUDIT_GENERATED_(2C8)
 11
24247.69682827605
 21
16747.56391740375
 31
0.0
100
AcDbAttribute
  2
3
 70
     8
 74
     2
  0
ATTRIB
  5
2CCCA
330
2CCC6
100
AcDbEntity
  8
0
100
AcDbText
 10
24661.86349494453
 20
16731.23710176122
 30
0.0
 40
35.00000000014596
  1
1
 41
0.7
  7
$TD_AUDIT_GENERATED_(2C7)
 72
     1
 11
24667.69682827789
 21
16748.73710176129
 31
0.0
100
AcDbAttribute
  2
4
 70
     8
 74
     2
  0
ATTRIB
  5
2CCCB
330
2CCC6
100
AcDbEntity
  8
0
 62
   141
100
AcDbText
 10
24747.69682827815
 20
16732.01922466625
 30
0.0
 40
35.00000000014596
  1
20
 41
0.7
 51
10.0
  7
$TD_AUDIT_GENERATED_(2C8)
 11
24747.69682827815
 21
16749.51922466633
 31
0.0
100
AcDbAttribute
  2
5
 70
     8
 74
     2
  0
ATTRIB
  5
2CCCC
330
2CCC6
100
AcDbEntity
  8
0
100
AcDbText
 10
25067.69682827941
 20
16764.5199300443
 30
0.0
 40
31.56565656600286
  1

 41
0.7
  7
$TD_AUDIT_GENERATED_(2C7)
 72
     1
 11
25067.69682827941
 21
16780.3027583273
 31
0.0
100
AcDbAttribute
  2
6
 70
     8
 74
     2
  0
ATTRIB
  5
2CCCD
330
2CCC6
100
AcDbEntity
  8
0
100
AcDbText
 10
25144.73998714131
 20
16734.38907604948
 30
0.0
 40
28.69605142363898
  1
0.7
 41
0.7
  7
$TD_AUDIT_GENERATED_(2C7)
 72
     1
 11
25167.69682828022
 21
16748.7371017613
 31
0.0
100
AcDbAttribute
  2
7
 70
     8
 74
     2
  0
ATTRIB
  5
2CCCE
330
2CCC6
100
AcDbEntity
  8
0
100
AcDbText
 10
25367.69682828075
 20
16766.23710176137
 30
0.0
 40
35.00000000014596
  1

 41
0.55
  7
$TD_AUDIT_GENERATED_(2C8)
 72
     1
 11
25367.69682828075
 21
16783.73710176144
 31
0.0
100
AcDbAttribute
  2
8
 70
     8
 74
     2
  0
SEQEND
  5
2CCCF
330
2CCC6
100
AcDbEntity
  8
$TD_AUDIT_GENERATED_(2C5)
  0
INSERT
  5
2CCD0
330
1F
100
AcDbEntity
  8
$TD_AUDIT_GENERATED_(2C5)
100
AcDbBlockReference
 66
     1
  2
$TD_AUDIT_GENERATED_(8CD2)
 10
23717.69682827399
 20
16573.73710176156
 30
0.0
 41
-10.0
 42
10.0
 43
10.0
 50
180.0
  0
ATTRIB
  5
2CCD1
330
2CCD0
100
AcDbEntity
  8
0
100
AcDbText
 10
23767.69682827399
 20
16521.23710176158
 30
0.0
 40
35.0
  1

 41
0.7
  7
$TD_AUDIT_GENERATED_(2C7)
 72
     1
 11
23767.69682827399
 21
16538.73710176158
 31
0.0
100
AcDbAttribute
  2
1
 70
     8
 74
     2
  0
ATTRIB
  5
2CCD2
330
2CCD0
100
AcDbEntity
  8
0
 62
   141
100
AcDbText
 10
23847.69682827399
 20
16521.23710176158
 30
0.0
 40
35.0
  1
KMMXG10.16.7-1
 41
0.6
  7
$TD_AUDIT_GENERATED_(2C7)
 11
23847.69682827399
 21
16538.73710176158
 31
0.0
100
AcDbAttribute
  2
2
 70
     8
 74
     2
  0
ATTRIB
  5
2CCD3
330
2CCD0
100
AcDbEntity
  8
0
 62
   141
100
AcDbText
 10
24247.69682827398
 20
16520.06391740404
 30
0.0
 40
35.0
  1
圆管 %%c42×2.5 L=677
 41
0.7
  7
$TD_AUDIT_GENERATED_(2C8)
 11
24247.69682827398
 21
16537.56391740404
 31
0.0
100
AcDbAttribute
  2
3
 70
     8
 74
     2
  0
ATTRIB
  5
2CCD4
330
2CCD0
100
AcDbEntity
  8
0
100
AcDbText
 10
24661.86349494067
 20
16521.23710176158
 30
0.0
 40
35.0
  1
1
 41
0.7
  7
$TD_AUDIT_GENERATED_(2C7)
 72
     1
 11
24667.696828274
 21
16538.73710176158
 31
0.0
100
AcDbAttribute
  2
4
 70
     8
 74
     2
  0
ATTRIB
  5
2CCD5
330
2CCD0
100
AcDbEntity
  8
0
 62
   141
100
AcDbText
 10
24747.696828274
 20
16525.34324701298
 30
0.0
 40
35.0
  1
Q235-A
 41
0.667
  7
$TD_AUDIT_GENERATED_(2402E)
 11
24747.696828274
 21
16542.84324701298
 31
0.0
100
AcDbAttribute
  2
5
 70
     8
 74
     2
  0
ATTRIB
  5
2CCD6
330
2CCD0
100
AcDbEntity
  8
0
100
AcDbText
 10
25067.69682827403
 20
16556.23710176158
 30
0.0
 40
35.0
  1

 41
0.7
  7
$TD_AUDIT_GENERATED_(2C7)
 72
     1
 11
25067.69682827403
 21
16573.73710176158
 31
0.0
100
AcDbAttribute
  2
6
 70
     8
 74
     2
  0
ATTRIB
  5
2CCD7
330
2CCD0
100
AcDbEntity
  8
0
100
AcDbText
 10
25143.78016160736
 20
16521.23710176158
 30
0.0
 40
35.0
  1
1.6
 41
0.7
  7
$TD_AUDIT_GENERATED_(2C7)
 72
     1
 11
25167.69682827403
 21
16538.73710176158
 31
0.0
100
AcDbAttribute
  2
7
 70
     8
 74
     2
  0
ATTRIB
  5
2CCD8
330
2CCD0
100
AcDbEntity
  8
0
100
AcDbText
 10
25332.65772212873
 20
16520.65050958281
 30
0.0
 40
35.0
  1
无图
 41
0.7
  7
$TD_AUDIT_GENERATED_(2C8)
 72
     1
 11
25367.69682827398
 21
16538.15050958281
 31
0.0
100
AcDbAttribute
  2
8
 70
     8
 74
     2
  0
SEQEND
  5
2CCD9
330
2CCD0
100
AcDbEntity
  8
$TD_AUDIT_GENERATED_(2C5)
  0
INSERT
  5
2CCDA
330
1F
100
AcDbEntity
  8
$TD_AUDIT_GENERATED_(2C5)
100
AcDbBlockReference
 66
     1
  2
$TD_AUDIT_GENERATED_(8CD2)
 10
23717.69682827399
 20
16503.73710176154
 30
0.0
 41
-10.0
 42
10.0
 43
10.0
 50
180.0
  0
ATTRIB
  5
2CCDB
330
2CCDA
100
AcDbEntity
  8
0
100
AcDbText
 10
23767.69682827399
 20
16451.23710176156
 30
0.0
 40
35.0
  1

 41
0.7
  7
$TD_AUDIT_GENERATED_(2C7)
 72
     1
 11
23767.69682827399
 21
16468.73710176156
 31
0.0
100
AcDbAttribute
  2
1
 70
     8
 74
     2
  0
ATTRIB
  5
2CCDC
330
2CCDA
100
AcDbEntity
  8
0
 62
   141
100
AcDbText
 10
23847.69682827399
 20
16456.23710176156
 30
0.0
 40
35.0
  1
GB/T12459-2005
 41
0.6
  7
$TD_AUDIT_GENERATED_(2C7)
 11
23847.69682827399
 21
16473.73710176156
 31
0.0
100
AcDbAttribute
  2
2
 70
     8
 74
     2
  0
ATTRIB
  5
2CCDD
330
2CCDA
100
AcDbEntity
  8
0
 62
   141
100
AcDbText
 10
24247.69682827398
 20
16450.06391740401
 30
0.0
 40
35.0
  1
DN32等径弯头（Ⅰ系列长半径）
 41
0.55
  7
$TD_AUDIT_GENERATED_(2C8)
 11
24247.69682827398
 21
16467.56391740401
 31
0.0
100
AcDbAttribute
  2
3
 70
     8
 74
     2
  0
ATTRIB
  5
2CCDE
330
2CCDA
100
AcDbEntity
  8
0
100
AcDbText
 10
24657.78016160734
 20
16451.23710176156
 30
0.0
 40
35.0
  1
2
 41
0.7
  7
$TD_AUDIT_GENERATED_(2C7)
 72
     1
 11
24667.696828274
 21
16468.73710176156
 31
0.0
100
AcDbAttribute
  2
4
 70
     8
 74
     2
  0
ATTRIB
  5
2CCDF
330
2CCDA
100
AcDbEntity
  8
0
 62
   141
100
AcDbText
 10
24747.696828274
 20
16455.34324701295
 30
0.0
 40
35.0
  1
Q235-A
 41
0.667
  7
$TD_AUDIT_GENERATED_(2402E)
 11
24747.696828274
 21
16472.84324701295
 31
0.0
100
AcDbAttribute
  2
5
 70
     8
 74
     2
  0
ATTRIB
  5
2CCE0
330
2CCDA
100
AcDbEntity
  8
0
100
AcDbText
 10
25039.69682827403
 20
16451.23710176156
 30
0.0
 40
35.0
  1
0.3
 41
0.7
  7
$TD_AUDIT_GENERATED_(2C7)
 72
     1
 11
25067.69682827403
 21
16468.73710176156
 31
0.0
100
AcDbAttribute
  2
6
 70
     8
 74
     2
  0
ATTRIB
  5
2CCE1
330
2CCDA
100
AcDbEntity
  8
0
100
AcDbText
 10
25140.28016160736
 20
16451.23710176156
 30
0.0
 40
35.0
  1
0.6
 41
0.7
  7
$TD_AUDIT_GENERATED_(2C7)
 72
     1
 11
25167.69682827403
 21
16468.73710176156
 31
0.0
100
AcDbAttribute
  2
7
 70
     8
 74
     2
  0
ATTRIB
  5
2CCE2
330
2CCDA
100
AcDbEntity
  8
0
100
AcDbText
 10
25315.1381690561
 20
16450.06391740401
 30
0.0
 40
35.0
  1
外购件
 41
0.7
  7
$TD_AUDIT_GENERATED_(2C8)
 72
     1
 11
25367.69682827398
 21
16467.56391740401
 31
0.0
100
AcDbAttribute
  2
8
 70
     8
 74
     2
  0
SEQEND
  5
2CCE3
330
2CCDA
100
AcDbEntity
  8
$TD_AUDIT_GENERATED_(2C5)
  0
INSERT
  5
2CCE4
330
1F
100
AcDbEntity
  8
$TD_AUDIT_GENERATED_(2C5)
100
AcDbBlockReference
 66
     1
  2
$TD_AUDIT_GENERATED_(8CD2)
 10
23717.69682827399
 20
16433.73710176154
 30
0.0
 41
-10.0
 42
10.0
 43
10.0
 50
180.0
  0
ATTRIB
  5
2CCE5
330
2CCE4
100
AcDbEntity
  8
0
100
AcDbText
 10
23767.69682827399
 20
16381.23710176156
 30
0.0
 40
35.0
  1

 41
0.7
  7
$TD_AUDIT_GENERATED_(2C7)
 72
     1
 11
23767.69682827399
 21
16398.73710176156
 31
0.0
100
AcDbAttribute
  2
1
 70
     8
 74
     2
  0
ATTRIB
  5
2CCE6
330
2CCE4
100
AcDbEntity
  8
0
 62
   141
100
AcDbText
 10
23847.69682827396
 20
16381.23710176156
 30
0.0
 40
35.0
  1
KMMXG10.16.7-2
 41
0.6
  7
$TD_AUDIT_GENERATED_(2C7)
 11
23847.69682827396
 21
16398.73710176156
 31
0.0
100
AcDbAttribute
  2
2
 70
     8
 74
     2
  0
ATTRIB
  5
2CCE7
330
2CCE4
100
AcDbEntity
  8
0
 62
   141
100
AcDbText
 10
24247.69682827398
 20
16380.06391740401
 30
0.0
 40
35.0
  1
圆管 %%c42X2.5 L=1252
 41
0.7
  7
$TD_AUDIT_GENERATED_(2C8)
 11
24247.69682827398
 21
16397.56391740401
 31
0.0
100
AcDbAttribute
  2
3
 70
     8
 74
     2
  0
ATTRIB
  5
2CCE8
330
2CCE4
100
AcDbEntity
  8
0
100
AcDbText
 10
24657.78016160731
 20
16381.23710176156
 30
0.0
 40
35.0
  1
2
 41
0.7
  7
$TD_AUDIT_GENERATED_(2C7)
 72
     1
 11
24667.69682827398
 21
16398.73710176156
 31
0.0
100
AcDbAttribute
  2
4
 70
     8
 74
     2
  0
ATTRIB
  5
2CCE9
330
2CCE4
100
AcDbEntity
  8
0
 62
   141
100
AcDbText
 10
24747.69682827398
 20
16385.34324701295
 30
0.0
 40
35.0
  1
Q235-A
 41
0.667
  7
$TD_AUDIT_GENERATED_(2402E)
 11
24747.69682827398
 21
16402.84324701295
 31
0.0
100
AcDbAttribute
  2
5
 70
     8
 74
     2
  0
ATTRIB
  5
2CCEA
330
2CCE4
100
AcDbEntity
  8
0
100
AcDbText
 10
25039.11349494067
 20
16381.23710176156
 30
0.0
 40
35.0
  1
3.2
 41
0.7
  7
$TD_AUDIT_GENERATED_(2C7)
 72
     1
 11
25067.696828274
 21
16398.73710176156
 31
0.0
100
AcDbAttribute
  2
6
 70
     8
 74
     2
  0
ATTRIB
  5
2CCEB
330
2CCE4
100
AcDbEntity
  8
0
100
AcDbText
 10
25140.28016160734
 20
16381.23710176156
 30
0.0
 40
35.0
  1
6.4
 41
0.7
  7
$TD_AUDIT_GENERATED_(2C7)
 72
     1
 11
25167.696828274
 21
16398.73710176156
 31
0.0
100
AcDbAttribute
  2
7
 70
     8
 74
     2
  0
ATTRIB
  5
2CCEC
330
2CCE4
100
AcDbEntity
  8
0
100
AcDbText
 10
25332.65772212873
 20
16380.65050958279
 30
0.0
 40
35.0
  1
无图
 41
0.7
  7
$TD_AUDIT_GENERATED_(2C8)
 72
     1
 11
25367.69682827398
 21
16398.15050958279
 31
0.0
100
AcDbAttribute
  2
8
 70
     8
 74
     2
  0
SEQEND
  5
2CCED
330
2CCE4
100
AcDbEntity
  8
$TD_AUDIT_GENERATED_(2C5)
  0
INSERT
  5
2CCEE
330
1F
100
AcDbEntity
  8
$TD_AUDIT_GENERATED_(2C5)
100
AcDbBlockReference
 66
     1
  2
$TD_AUDIT_GENERATED_(8CD2)
 10
23717.69682827399
 20
16363.73710176154
 30
0.0
 41
-10.0
 42
10.0
 43
10.0
 50
180.0
  0
ATTRIB
  5
2CCEF
330
2CCEE
100
AcDbEntity
  8
0
100
AcDbText
 10
23767.69682827399
 20
16311.23710176156
 30
0.0
 40
35.0
  1

 41
0.7
  7
$TD_AUDIT_GENERATED_(2C7)
 72
     1
 11
23767.69682827399
 21
16328.73710176156
 31
0.0
100
AcDbAttribute
  2
1
 70
     8
 74
     2
  0
ATTRIB
  5
2CCF0
330
2CCEE
100
AcDbEntity
  8
0
 62
   141
100
AcDbText
 10
23847.69682827396
 20
16311.23710176156
 30
0.0
 40
35.0
  1
KMMXG10.16.7-3
 41
0.6
  7
$TD_AUDIT_GENERATED_(2C7)
 11
23847.69682827396
 21
16328.73710176156
 31
0.0
100
AcDbAttribute
  2
2
 70
     8
 74
     2
  0
ATTRIB
  5
2CCF1
330
2CCEE
100
AcDbEntity
  8
0
 62
   141
100
AcDbText
 10
24247.69682827398
 20
16310.06391740402
 30
0.0
 40
35.0
  1
钢管 %%c33.5×2   L=747
 41
0.7
  7
$TD_AUDIT_GENERATED_(2C8)
 11
24247.69682827398
 21
16327.56391740402
 31
0.0
100
AcDbAttribute
  2
3
 70
     8
 74
     2
  0
ATTRIB
  5
2CCF2
330
2CCEE
100
AcDbEntity
  8
0
100
AcDbText
 10
24661.86349494065
 20
16311.23710176156
 30
0.0
 40
35.0
  1
1
 41
0.7
  7
$TD_AUDIT_GENERATED_(2C7)
 72
     1
 11
24667.69682827398
 21
16328.73710176156
 31
0.0
100
AcDbAttribute
  2
4
 70
     8
 74
     2
  0
ATTRIB
  5
2CCF3
330
2CCEE
100
AcDbEntity
  8
0
 62
   141
100
AcDbText
 10
24747.69682827398
 20
16315.34324701296
 30
0.0
 40
35.0
  1
Q235-A
 41
0.667
  7
$TD_AUDIT_GENERATED_(2402E)
 11
24747.69682827398
 21
16332.84324701296
 31
0.0
100
AcDbAttribute
  2
5
 70
     8
 74
     2
  0
ATTRIB
  5
2CCF4
330
2CCEE
100
AcDbEntity
  8
0
100
AcDbText
 10
25067.696828274
 20
16346.23710176156
 30
0.0
 40
35.0
  1

 41
0.7
  7
$TD_AUDIT_GENERATED_(2C7)
 72
     1
 11
25067.696828274
 21
16363.73710176156
 31
0.0
100
AcDbAttribute
  2
6
 70
     8
 74
     2
  0
ATTRIB
  5
2CCF5
330
2CCEE
100
AcDbEntity
  8
0
100
AcDbText
 10
25147.28016160734
 20
16311.23710176156
 30
0.0
 40
35.0
  1
1.1
 41
0.7
  7
$TD_AUDIT_GENERATED_(2C7)
 72
     1
 11
25167.696828274
 21
16328.73710176156
 31
0.0
100
AcDbAttribute
  2
7
 70
     8
 74
     2
  0
ATTRIB
  5
2CCF6
330
2CCEE
100
AcDbEntity
  8
0
100
AcDbText
 10
25367.69682827398
 20
16346.23710176156
 30
0.0
 40
35.0
  1

 41
0.7
  7
$TD_AUDIT_GENERATED_(2C8)
 72
     1
 11
25367.69682827398
 21
16363.73710176156
 31
0.0
100
AcDbAttribute
  2
8
 70
     8
 74
     2
  0
SEQEND
  5
2CCF7
330
2CCEE
100
AcDbEntity
  8
$TD_AUDIT_GENERATED_(2C5)
  0
INSERT
  5
2CCF8
330
1F
100
AcDbEntity
  8
$TD_AUDIT_GENERATED_(2C5)
100
AcDbBlockReference
 66
     1
  2
$TD_AUDIT_GENERATED_(8CD2)
 10
23717.69682827399
 20
16293.73710176152
 30
0.0
 41
-10.0
 42
10.0
 43
10.0
 50
180.0
  0
ATTRIB
  5
2CCF9
330
2CCF8
100
AcDbEntity
  8
0
100
AcDbText
 10
23767.69682827399
 20
16241.23710176154
 30
0.0
 40
35.0
  1

 41
0.7
  7
$TD_AUDIT_GENERATED_(2C7)
 72
     1
 11
23767.69682827399
 21
16258.73710176154
 31
0.0
100
AcDbAttribute
  2
1
 70
     8
 74
     2
  0
ATTRIB
  5
2CCFA
330
2CCF8
100
AcDbEntity
  8
0
 62
   141
100
AcDbText
 10
23847.69682827396
 20
16241.23710176154
 30
0.0
 40
35.0
  1
KMMXG10.16.7-4
 41
0.6
  7
$TD_AUDIT_GENERATED_(2C7)
 11
23847.69682827396
 21
16258.73710176154
 31
0.0
100
AcDbAttribute
  2
2
 70
     8
 74
     2
  0
ATTRIB
  5
2CCFB
330
2CCF8
100
AcDbEntity
  8
0
 62
   141
100
AcDbText
 10
24247.69682827398
 20
16240.84604030903
 30
0.0
 40
35.0
  1
钢板890×135×3
 41
0.7
  7
$TD_AUDIT_GENERATED_(2C8)
 11
24247.69682827398
 21
16258.34604030903
 31
0.0
100
AcDbAttribute
  2
3
 70
     8
 74
     2
  0
ATTRIB
  5
2CCFC
330
2CCF8
100
AcDbEntity
  8
0
100
AcDbText
 10
24661.86349494065
 20
16241.23710176154
 30
0.0
 40
35.0
  1
1
 41
0.7
  7
$TD_AUDIT_GENERATED_(2C7)
 72
     1
 11
24667.69682827398
 21
16258.73710176154
 31
0.0
100
AcDbAttribute
  2
4
 70
     8
 74
     2
  0
ATTRIB
  5
2CCFD
330
2CCF8
100
AcDbEntity
  8
0
 62
   141
100
AcDbText
 10
24747.69682827398
 20
16245.34324701294
 30
0.0
 40
35.0
  1
Q235-A
 41
0.667
  7
$TD_AUDIT_GENERATED_(2402E)
 11
24747.69682827398
 21
16262.84324701294
 31
0.0
100
AcDbAttribute
  2
5
 70
     8
 74
     2
  0
ATTRIB
  5
2CCFE
330
2CCF8
100
AcDbEntity
  8
0
100
AcDbText
 10
25067.696828274
 20
16276.23710176154
 30
0.0
 40
35.0
  1

 41
0.7
  7
$TD_AUDIT_GENERATED_(2C7)
 72
     1
 11
25067.696828274
 21
16293.73710176154
 31
0.0
100
AcDbAttribute
  2
6
 70
     8
 74
     2
  0
ATTRIB
  5
2CCFF
330
2CCF8
100
AcDbEntity
  8
0
100
AcDbText
 10
25139.696828274
 20
16241.23710176154
 30
0.0
 40
35.0
  1
2.8
 41
0.7
  7
$TD_AUDIT_GENERATED_(2C7)
 72
     1
 11
25167.696828274
 21
16258.73710176154
 31
0.0
100
AcDbAttribute
  2
7
 70
     8
 74
     2
  0
ATTRIB
  5
2CD00
330
2CCF8
100
AcDbEntity
  8
0
100
AcDbText
 10
25332.65772212873
 20
16240.65050958277
 30
0.0
 40
35.0
  1
无图
 41
0.7
  7
$TD_AUDIT_GENERATED_(2C8)
 72
     1
 11
25367.69682827398
 21
16258.15050958277
 31
0.0
100
AcDbAttribute
  2
8
 70
     8
 74
     2
  0
SEQEND
  5
2CD01
330
2CCF8
100
AcDbEntity
  8
$TD_AUDIT_GENERATED_(2C5)
  0
INSERT
  5
2CD02
330
1F
100
AcDbEntity
  8
$TD_AUDIT_GENERATED_(2C5)
100
AcDbBlockReference
 66
     1
  2
$TD_AUDIT_GENERATED_(8CD2)
 10
23717.69682827399
 20
16643.73710176156
 30
0.0
 41
10.0
 42
10.0
 43
10.0
  0
ATTRIB
  5
2CD03
330
2CD02
100
AcDbEntity
  8
0
100
AcDbText
 10
23767.69682827399
 20
16661.23710176156
 30
0.0
 40
35.0
  1

 41
0.7
  7
$TD_AUDIT_GENERATED_(2C7)
 72
     1
 11
23767.69682827399
 21
16678.73710176156
 31
0.0
100
AcDbAttribute
  2
1
 70
     0
 74
     2
  0
ATTRIB
  5
2CD04
330
2CD02
100
AcDbEntity
  8
0
 62
   141
100
AcDbText
 10
23847.69682827399
 20
16661.23710176156
 30
0.0
 40
35.0
  1

 41
0.6
  7
$TD_AUDIT_GENERATED_(2C7)
 11
23847.69682827399
 21
16678.73710176156
 31
0.0
100
AcDbAttribute
  2
2
 70
     0
 74
     2
  0
ATTRIB
  5
2CD05
330
2CD02
100
AcDbEntity
  8
0
 62
   141
100
AcDbText
 10
24247.69682827399
 20
16661.23710176156
 30
0.0
 40
35.0
  1

 41
0.7
  7
$TD_AUDIT_GENERATED_(2C8)
 11
24247.69682827399
 21
16678.73710176156
 31
0.0
100
AcDbAttribute
  2
3
 70
     0
 74
     2
  0
ATTRIB
  5
2CD06
330
2CD02
100
AcDbEntity
  8
0
100
AcDbText
 10
24667.69682827399
 20
16661.23710176156
 30
0.0
 40
35.0
  1

 41
0.7
  7
$TD_AUDIT_GENERATED_(2C7)
 72
     1
 11
24667.69682827399
 21
16678.73710176156
 31
0.0
100
AcDbAttribute
  2
4
 70
     0
 74
     2
  0
ATTRIB
  5
2CD07
330
2CD02
100
AcDbEntity
  8
0
 62
   141
100
AcDbText
 10
24747.69682827399
 20
16661.23710176156
 30
0.0
 40
35.0
  1

 41
0.7
  7
$TD_AUDIT_GENERATED_(2C7)
 11
24747.69682827399
 21
16678.73710176156
 31
0.0
100
AcDbAttribute
  2
5
 70
     0
 74
     2
  0
ATTRIB
  5
2CD08
330
2CD02
100
AcDbEntity
  8
0
100
AcDbText
 10
25067.69682827399
 20
16661.23710176156
 30
0.0
 40
35.0
  1

 41
0.7
  7
$TD_AUDIT_GENERATED_(2C7)
 72
     1
 11
25067.69682827399
 21
16678.73710176156
 31
0.0
100
AcDbAttribute
  2
6
 70
     0
 74
     2
  0
ATTRIB
  5
2CD09
330
2CD02
100
AcDbEntity
  8
0
100
AcDbText
 10
25167.69682827399
 20
16661.23710176156
 30
0.0
 40
35.0
  1

 41
0.7
  7
$TD_AUDIT_GENERATED_(2C7)
 72
     1
 11
25167.69682827399
 21
16678.73710176156
 31
0.0
100
AcDbAttribute
  2
7
 70
     0
 74
     2
  0
ATTRIB
  5
2CD0A
330
2CD02
100
AcDbEntity
  8
0
100
AcDbText
 10
25367.69682827399
 20
16661.23710176156
 30
0.0
 40
35.0
  1

 41
0.7
  7
$TD_AUDIT_GENERATED_(2C8)
 72
     1
 11
25367.69682827399
 21
16678.73710176156
 31
0.0
100
AcDbAttribute
  2
8
 70
     0
 74
     2
  0
SEQEND
  5
2CD0B
330
2CD02
100
AcDbEntity
  8
$TD_AUDIT_GENERATED_(2C5)
  0
INSERT
  5
2CD0C
330
1F
100
AcDbEntity
  8
$TD_AUDIT_GENERATED_(2C5)
100
AcDbBlockReference
 66
     1
  2
$TD_AUDIT_GENERATED_(8CD2)
 10
23717.69682827393
 20
18113.73710176156
 30
0.0
 41
-10.00000000000001
 42
10.00000000000001
 43
10.00000000000001
 50
180.0
  0
ATTRIB
  5
2CD0D
330
2CD0C
100
AcDbEntity
  8
0
100
AcDbText
 10
23743.78016160726
 20
18061.2371017616
 30
0.0
 40
35.00000000000004
  1
6.1
 41
0.7
  7
$TD_AUDIT_GENERATED_(2C7)
 72
     1
 11
23767.69682827393
 21
18078.7371017616
 31
0.0
100
AcDbAttribute
  2
1
 70
     8
 74
     2
  0
ATTRIB
  5
2CD0E
330
2CD0C
100
AcDbEntity
  8
0
 62
   141
100
AcDbText
 10
23847.69682827393
 20
18061.2371017616
 30
0.0
 40
35.00000000000004
  1
KMMXG10.16.6.1
 41
0.6
  7
$TD_AUDIT_GENERATED_(2C7)
 11
23847.69682827393
 21
18078.7371017616
 31
0.0
100
AcDbAttribute
  2
2
 70
     8
 74
     2
  0
ATTRIB
  5
2CD0F
330
2CD0C
100
AcDbEntity
  8
0
 62
   141
100
AcDbText
 10
24247.69682827393
 20
18060.25944813031
 30
0.0
 40
35.00000000000004
  1
梯框
 41
0.7
  7
$TD_AUDIT_GENERATED_(2C8)
 11
24247.69682827393
 21
18077.75944813031
 31
0.0
100
AcDbAttribute
  2
3
 70
     8
 74
     2
  0
ATTRIB
  5
2CD10
330
2CD0C
100
AcDbEntity
  8
0
100
AcDbText
 10
24661.8634949406
 20
18061.2371017616
 30
0.0
 40
35.00000000000004
  1
1
 41
0.7
  7
$TD_AUDIT_GENERATED_(2C7)
 72
     1
 11
24667.69682827393
 21
18078.7371017616
 31
0.0
100
AcDbAttribute
  2
4
 70
     8
 74
     2
  0
ATTRIB
  5
2CD11
330
2CD0C
100
AcDbEntity
  8
0
 62
   141
100
AcDbText
 10
24747.69682827393
 20
18060.25944813031
 30
0.0
 40
35.00000000000004
  1
组件
 41
0.7
  7
$TD_AUDIT_GENERATED_(2C8)
 11
24747.69682827393
 21
18077.75944813031
 31
0.0
100
AcDbAttribute
  2
5
 70
     8
 74
     2
  0
ATTRIB
  5
2CD12
330
2CD0C
100
AcDbEntity
  8
0
100
AcDbText
 10
25067.69682827393
 20
18094.7371017616
 30
0.0
 40
32.00000000000004
  1

 41
0.7
  7
$TD_AUDIT_GENERATED_(2C7)
 72
     1
 11
25067.69682827393
 21
18110.7371017616
 31
0.0
100
AcDbAttribute
  2
6
 70
     8
 74
     2
  0
ATTRIB
  5
2CD13
330
2CD0C
100
AcDbEntity
  8
0
100
AcDbText
 10
25126.63016160726
 20
18062.7371017616
 30
0.0
 40
32.00000000000004
  1
141.7
 41
0.7
  7
$TD_AUDIT_GENERATED_(2C7)
 72
     1
 11
25167.69682827393
 21
18078.7371017616
 31
0.0
100
AcDbAttribute
  2
7
 70
     8
 74
     2
  0
ATTRIB
  5
2CD14
330
2CD0C
100
AcDbEntity
  8
0
100
AcDbText
 10
25367.69682827393
 20
18096.2371017616
 30
0.0
 40
35.00000000000004
  1

 41
0.7
  7
$TD_AUDIT_GENERATED_(2C8)
 72
     1
 11
25367.69682827393
 21
18113.7371017616
 31
0.0
100
AcDbAttribute
  2
8
 70
     8
 74
     2
  0
SEQEND
  5
2CD15
330
2CD0C
100
AcDbEntity
  8
$TD_AUDIT_GENERATED_(2C5)
  0
INSERT
  5
2CD16
330
1F
100
AcDbEntity
  8
$TD_AUDIT_GENERATED_(2C5)
100
AcDbBlockReference
 66
     1
  2
$TD_AUDIT_GENERATED_(8CD2)
 10
23717.69682827393
 20
17483.73710176156
 30
0.0
 41
-10.00000000000001
 42
10.00000000000001
 43
10.00000000000001
 50
180.0
  0
ATTRIB
  5
2CD17
330
2CD16
100
AcDbEntity
  8
0
100
AcDbText
 10
23739.1134949406
 20
17431.2371017616
 30
0.0
 40
35.00000000000004
  1
6.2
 41
0.7
  7
$TD_AUDIT_GENERATED_(2C7)
 72
     1
 11
23767.69682827393
 21
17448.7371017616
 31
0.0
100
AcDbAttribute
  2
1
 70
     8
 74
     2
  0
ATTRIB
  5
2CD18
330
2CD16
100
AcDbEntity
  8
0
 62
   141
100
AcDbText
 10
23847.69682827393
 20
17431.2371017616
 30
0.0
 40
35.00000000000004
  1
KMMXG10.16.6.2
 41
0.6
  7
$TD_AUDIT_GENERATED_(2C7)
 11
23847.69682827393
 21
17448.7371017616
 31
0.0
100
AcDbAttribute
  2
2
 70
     8
 74
     2
  0
ATTRIB
  5
2CD19
330
2CD16
100
AcDbEntity
  8
0
 62
   141
100
AcDbText
 10
24247.69682827393
 20
17430.25944813031
 30
0.0
 40
35.00000000000004
  1
扶手
 41
0.7
  7
$TD_AUDIT_GENERATED_(2C8)
 11
24247.69682827393
 21
17447.75944813031
 31
0.0
100
AcDbAttribute
  2
3
 70
     8
 74
     2
  0
ATTRIB
  5
2CD1A
330
2CD16
100
AcDbEntity
  8
0
100
AcDbText
 10
24657.78016160726
 20
17431.2371017616
 30
0.0
 40
35.00000000000004
  1
2
 41
0.7
  7
$TD_AUDIT_GENERATED_(2C7)
 72
     1
 11
24667.69682827393
 21
17448.7371017616
 31
0.0
100
AcDbAttribute
  2
4
 70
     8
 74
     2
  0
ATTRIB
  5
2CD1B
330
2CD16
100
AcDbEntity
  8
0
 62
   141
100
AcDbText
 10
24747.69682827393
 20
17430.06391740406
 30
0.0
 40
35.00000000000004
  1
焊接件
 41
0.7
  7
$TD_AUDIT_GENERATED_(2C8)
 11
24747.69682827393
 21
17447.56391740406
 31
0.0
100
AcDbAttribute
  2
5
 70
     8
 74
     2
  0
ATTRIB
  5
2CD1C
330
2CD16
100
AcDbEntity
  8
0
100
AcDbText
 10
25034.63016160726
 20
17432.7371017616
 30
0.0
 40
32.00000000000004
  1
34.1
 41
0.7
  7
$TD_AUDIT_GENERATED_(2C7)
 72
     1
 11
25067.69682827393
 21
17448.7371017616
 31
0.0
100
AcDbAttribute
  2
6
 70
     8
 74
     2
  0
ATTRIB
  5
2CD1D
330
2CD16
100
AcDbEntity
  8
0
100
AcDbText
 10
25130.3634949406
 20
17432.7371017616
 30
0.0
 40
32.00000000000004
  1
68.2
 41
0.7
  7
$TD_AUDIT_GENERATED_(2C7)
 72
     1
 11
25167.69682827393
 21
17448.7371017616
 31
0.0
100
AcDbAttribute
  2
7
 70
     8
 74
     2
  0
ATTRIB
  5
2CD1E
330
2CD16
100
AcDbEntity
  8
0
100
AcDbText
 10
25245.05995676555
 20
17430.06391740406
 30
0.0
 40
35.00000000000004
  1
对称制作各一件
 41
0.7
  7
$TD_AUDIT_GENERATED_(2C8)
 72
     1
 11
25367.69682827393
 21
17447.56391740406
 31
0.0
100
AcDbAttribute
  2
8
 70
     8
 74
     2
  0
SEQEND
  5
2CD1F
330
2CD16
100
AcDbEntity
  8
$TD_AUDIT_GENERATED_(2C5)
  0
VIEWPORT
  5
7F70
102
{ACAD_XDICTIONARY
360
2CD77
102
}
330
1B
100
AcDbEntity
 67
     1
  8
0
100
AcDbViewport
 10
133.3499908447266
 20
101.5999970436096
 30
0.0
 40
363.8858847204719
 41
228.4221935424805
 68
     1
 69
     1
 12
133.3499908447266
 22
101.5999970436096
 13
0.0
 23
0.0
 14
10.0
 24
10.0
 15
10.0
 25
10.0
 16
0.0
 26
0.0
 36
1.0
 17
0.0
 27
0.0
 37
0.0
 42
50.0
 43
0.0
 44
0.0
 45
228.4221935424805
 50
0.0
 51
0.0
 72
 10000
 90
    32800
  1

281
     0
 71
     1
 74
     0
110
0.0
120
0.0
130
0.0
111
1.0
121
0.0
131
0.0
112
0.0
122
1.0
132
0.0
 79
     0
146
0.0
170
     0
  0
VIEWPORT
  5
7F72
102
{ACAD_XDICTIONARY
360
2CD79
102
}
330
1B
100
AcDbEntity
 67
     1
  8
$TD_AUDIT_GENERATED_(2C4)
100
AcDbViewport
 10
133.3499939441681
 20
101.5999939441681
 30
0.0
 40
213.3599903106689
 41
162.5599903106689
 68
     2
 69
     2
 12
63050.17187279802
 22
-3819.160785894021
 13
0.0
 23
0.0
 14
10.0
 24
10.0
 15
10.0
 25
10.0
 16
0.0
 26
0.0
 36
1.0
 17
0.0
 27
0.0
 37
0.0
 42
50.0
 43
0.0
 44
0.0
 45
90785.38613142355
 50
0.0
 51
0.0
 72
 10000
 90
    32864
  1

281
     0
 71
     1
 74
     0
110
0.0
120
0.0
130
0.0
111
1.0
121
0.0
131
0.0
112
0.0
122
1.0
132
0.0
 79
     0
146
0.0
170
     0
  0
ENDSEC
  0
SECTION
  2
OBJECTS
  0
DICTIONARY
  5
C
330
0
100
AcDbDictionary
281
     1
  3
ACAD_CIP_PREVIOUS_PRODUCT_INFO
350
D3BE
  3
ACAD_COLOR
350
66F0
  3
ACAD_DETAILVIEWSTYLE
350
D3AE
  3
ACAD_GROUP
350
D
  3
ACAD_LAYOUT
350
1A
  3
ACAD_MATERIAL
350
66EF
  3
ACAD_MLEADERSTYLE
350
D3AA
  3
ACAD_MLINESTYLE
350
17
  3
ACAD_PLOTSETTINGS
350
19
  3
ACAD_PLOTSTYLENAME
350
E
  3
ACAD_SCALELIST
350
D398
  3
ACAD_SECTIONVIEWSTYLE
350
D3AC
  3
ACAD_TABLESTYLE
350
82AB
  3
ACAD_VISUALSTYLE
350
829A
  3
ACDB_RECOMPOSE_DATA
350
2CDBE
  3
AcDbVariableDictionary
350
30B
  3
AEC_PROPERTY_SET_DEFS
350
E001
  3
ASE_INDEX_DICTIONARY
350
8A78
  0
DICTIONARY
  5
2CD7B
330
8
100
AcDbDictionary
280
     1
281
     1
  3
ACAD_XREC_ROUNDTRIP
360
2CD7C
  0
DICTIONARY
  5
2B
330
2
100
AcDbDictionary
280
     1
281
     1
  3
ACAD_LAYERFILTERS
360
8C6A
  3
ACAD_LAYERSTATES
360
2CC
  3
ACLYDICTIONARY
360
8C69
  0
DICTIONARY
  5
D3D2
330
10
100
AcDbDictionary
280
     1
281
     1
  3
ADSK_XREC_LAYER_RECONCILED
360
D3D3
  0
DICTIONARY
  5
D3D4
330
2C4
100
AcDbDictionary
280
     1
281
     1
  3
ADSK_XREC_LAYER_RECONCILED
360
D3D5
  0
DICTIONARY
  5
D3D6
330
2C5
100
AcDbDictionary
280
     1
281
     1
  3
ADSK_XREC_LAYER_RECONCILED
360
D3D7
  0
DICTIONARY
  5
D3D8
330
2C6
100
AcDbDictionary
280
     1
281
     1
  3
ADSK_XREC_LAYER_RECONCILED
360
D3D9
  0
DICTIONARY
  5
D3E2
330
91A4
100
AcDbDictionary
280
     1
281
     1
  3
ADSK_XREC_LAYER_RECONCILED
360
D3E3
  0
DICTIONARY
  5
8A04
330
1F
100
AcDbDictionary
280
     1
281
     1
  3
ACAD_SORTENTS
360
8A05
  0
DICTIONARY
  5
13DD3
330
13DD2
100
AcDbDictionary
280
     1
281
     1
  3
ACAD_ENHANCEDBLOCK
360
13DD4
  3
AcDbDynamicBlockRoundTripPurgePreventer
360
13DDC
  0
DICTIONARY
  5
DE63
330
8CBD
100
AcDbDictionary
280
     1
281
     1
  0
DICTIONARY
  5
2CD77
330
7F70
100
AcDbDictionary
280
     1
281
     1
  3
ACAD_XREC_ROUNDTRIP
360
2CD78
  0
DICTIONARY
  5
2CD79
330
7F72
100
AcDbDictionary
280
     1
281
     1
  3
ACAD_XREC_ROUNDTRIP
360
2CD7A
  0
XRECORD
  5
D3BE
102
{ACAD_REACTORS
330
C
102
}
330
C
100
AcDbXrecord
280
     1
300
ACD
300
2018
300
ACD_F_S
  0
DICTIONARY
  5
66F0
102
{ACAD_REACTORS
330
C
102
}
330
C
100
AcDbDictionary
281
     1
  0
DICTIONARY
  5
D3AE
102
{ACAD_REACTORS
330
C
102
}
330
C
100
AcDbDictionary
281
     1
  3
Metric50
350
D3AF
  0
DICTIONARY
  5
D
102
{ACAD_REACTORS
330
C
102
}
330
C
100
AcDbDictionary
281
     1
  0
DICTIONARY
  5
1A
102
{ACAD_REACTORS
330
C
102
}
330
C
100
AcDbDictionary
281
     1
  3
布局1
350
1E
  3
布局2
350
26
  3
Model
350
22
  0
DICTIONARY
  5
66EF
102
{ACAD_REACTORS
330
C
102
}
330
C
100
AcDbDictionary
281
     1
  3
ByBlock
350
82AE
  3
ByLayer
350
82AD
  3
Global
350
82AF
  0
DICTIONARY
  5
D3AA
102
{ACAD_REACTORS
330
C
102
}
330
C
100
AcDbDictionary
281
     1
  3
Standard
350
D3AB
  0
DICTIONARY
  5
17
102
{ACAD_REACTORS
330
C
102
}
330
C
100
AcDbDictionary
281
     1
  3
Standard
350
18
  0
DICTIONARY
  5
19
102
{ACAD_REACTORS
330
C
102
}
330
C
100
AcDbDictionary
281
     1
  0
ACDBDICTIONARYWDFLT
  5
E
102
{ACAD_REACTORS
330
C
102
}
330
C
100
AcDbDictionary
281
     1
  3
Normal
350
F
100
AcDbDictionaryWithDefault
340
F
  0
DICTIONARY
  5
D398
102
{ACAD_REACTORS
330
C
102
}
330
C
100
AcDbDictionary
281
     1
  3
A0
350
D399
  3
A1
350
D39A
  3
A2
350
D39B
  3
A3
350
D39C
  3
A4
350
D39D
  3
A5
350
D39E
  3
A6
350
D39F
  3
A7
350
D3A0
  3
A8
350
D3A1
  3
A9
350
D3A2
  3
B0
350
D3A3
  3
B1
350
D3A4
  3
B2
350
D3A5
  3
B3
350
D3A6
  3
B4
350
D3A7
  3
B5
350
D3A8
  3
B6
350
D3A9
  0
DICTIONARY
  5
D3AC
102
{ACAD_REACTORS
330
C
102
}
330
C
100
AcDbDictionary
281
     1
  3
Metric50
350
D3AD
  0
DICTIONARY
  5
82AB
102
{ACAD_REACTORS
330
C
102
}
330
C
100
AcDbDictionary
281
     1
  3
Standard
350
82AC
  0
DICTIONARY
  5
829A
102
{ACAD_REACTORS
330
C
102
}
330
C
100
AcDbDictionary
281
     1
  3
2dWireframe
350
82A0
  3
3D Hidden
350
82A2
  3
3dWireframe
350
82A1
  3
Basic
350
829F
  3
Brighten
350
82A6
  3
ColorChange
350
82AA
  3
Conceptual
350
82A3
  3
Dim
350
82A5
  3
EdgeColorOff
350
D397
  3
Facepattern
350
82A9
  3
Flat
350
829B
  3
FlatWithEdges
350
829C
  3
Gouraud
350
829D
  3
GouraudWithEdges
350
829E
  3
Hidden
350
D38F
  3
JitterOff
350
D395
  3
Linepattern
350
82A8
  3
OverhangOff
350
D396
  3
Realistic
350
82A4
  3
Shaded
350
D394
  3
Shaded with edges
350
D393
  3
Shades of Gray
350
D390
  3
Sketchy
350
D391
  3
Thicken
350
82A7
  3
Wireframe
350
D38E
  3
X-Ray
350
D392
  0
XRECORD
  5
2CDBE
102
{ACAD_REACTORS
330
C
102
}
330
C
100
AcDbXrecord
280
     1
 90
        1
330
82AC
  0
DICTIONARY
  5
30B
102
{ACAD_REACTORS
330
C
102
}
330
C
100
AcDbDictionary
281
     1
  3
ANNOALLVISIBLE
350
1FA58
  3
CANNOSCALE
350
2CD7D
  3
CMLEADERSTYLE
350
D451
  3
CTABLESTYLE
350
8612
  3
CVIEWDETAILSTYLE
350
D452
  3
CVIEWSECTIONSTYLE
350
D453
  3
DIMASSOC
350
30D
  3
HIDETEXT
350
30C
  3
INDEXCTL
350
DEB4
  3
LAYEREVAL
350
D457
  3
LAYERNOTIFY
350
D458
  3
LIGHTINGUNITS
350
D456
  3
MSLTSCALE
350
D454
  3
SOLIDHIST
350
DEB6
  3
SORTENTS
350
DEB3
  3
XCLIPFRAME
350
2CD76
  0
DICTIONARY
  5
E001
102
{ACAD_REACTORS
330
C
102
}
330
C
100
AcDbDictionary
281
     1
  0
DICTIONARY
  5
8A78
102
{ACAD_REACTORS
330
C
102
}
330
C
100
AcDbDictionary
281
     1
  3
ASEBlockHierarchyIndexRecord
350
8A79
1001
DCO15
1040
1708663842.031
  0
XRECORD
  5
2CD7C
102
{ACAD_REACTORS
330
2CD7B
102
}
330
2CD7B
100
AcDbXrecord
280
     1
102
VTR_0.000_0.000_1.000_1.000_VISUALSTYLE
340
82A0
102
VTR_0.000_0.000_1.000_1.000_GRIDDISPLAY
 70
     3
102
VTR_0.000_0.000_1.000_1.000_GRIDMAJOR
 70
     5
102
VTR_0.000_0.000_1.000_1.000_DEFAULTLIGHTING
280
     1
102
VTR_0.000_0.000_1.000_1.000_DEFAULTLIGHTINGTYPE
 70
     1
102
VTR_0.000_0.000_1.000_1.000_BRIGHTNESS
141
0.0
102
VTR_0.000_0.000_1.000_1.000_CONTRAST
142
0.0
  0
DICTIONARY
  5
8C6A
102
{ACAD_REACTORS
330
2B
102
}
330
2B
100
AcDbDictionary
281
     1
  0
DICTIONARY
  5
2CC
102
{ACAD_REACTORS
330
2B
102
}
330
2B
100
AcDbDictionary
281
     1
  0
DICTIONARY
  5
8C69
102
{ACAD_REACTORS
330
2B
102
}
330
2B
100
AcDbDictionary
281
     1
1001
ACAD
1000
<All
  0
XRECORD
  5
D3D3
102
{ACAD_REACTORS
330
D3D2
102
}
330
D3D2
100
AcDbXrecord
280
     1
290
     1
  0
XRECORD
  5
D3D5
102
{ACAD_REACTORS
330
D3D4
102
}
330
D3D4
100
AcDbXrecord
280
     1
290
     1
  0
XRECORD
  5
D3D7
102
{ACAD_REACTORS
330
D3D6
102
}
330
D3D6
100
AcDbXrecord
280
     1
290
     1
  0
XRECORD
  5
D3D9
102
{ACAD_REACTORS
330
D3D8
102
}
330
D3D8
100
AcDbXrecord
280
     1
290
     1
  0
XRECORD
  5
D3E3
102
{ACAD_REACTORS
330
D3E2
102
}
330
D3E2
100
AcDbXrecord
280
     1
290
     1
  0
SORTENTSTABLE
  5
8A05
102
{ACAD_REACTORS
330
8A04
102
}
330
8A04
100
AcDbSortentsTable
330
1F
  0
ACAD_PROXY_OBJECT
  5
13DD4
102
{ACAD_REACTORS
330
13DD3
102
}
330
13DD3
100
AcDbProxyObject
 90
      499
 91
      509
 95
   983063
 70
     0
 93
     1802
310
4310C41E481054090590440520418FFFFFFFF3FFFFFFFD024090248107A3FFFFFFFCFFFFFFFF40D2042101404FFFFFFFF3FFFFFFFD04481093FFFFFFFCFFFFFFFF41505415204290340CFFFFFFFF3FFFFFFFD064810B411043FFFFFFFCFFFFFFFF41A9019023FFFFFFFCFFFFFFFF3FFFFFFFD013FFFFFFFD019019033FFFFF
310
FFCFFFFFFFF9033FFFFFFFD029024063FFFFFFFD053FFFFFFFCFFFFFFFF3FFFFFFFD039019053FFFFFFFCFFFFFFFF405043FFFFFFFD049019063FFFFFFFCFFFFFFFF40CFFFFFFFF3FFFFFFFD05902412408FFFFFFFF3FFFFFFFCFFFFFFFF3FFFFFFFC0
360
13DD5
360
13DD6
360
13DD7
360
13DD8
360
13DD9
360
13DDA
360
13DDB
 94
        0
1001
ACAD
1000
AcRTDxfName
1000
ACAD_EVALUATION_GRAPH
1000
AcRTDxfName
1000
ACAD_EVALUATION_GRAPH
1000
AcRTDxfName
1000
ACAD_EVALUATION_GRAPH
1000
AcRTDxfName
1000
ACAD_EVALUATION_GRAPH
1000
AcRTDxfName
1000
ACAD_EVALUATION_GRAPH
1000
AcRTDxfName
1000
ACAD_EVALUATION_GRAPH
  0
ACAD_PROXY_OBJECT
  5
13DDC
102
{ACAD_REACTORS
330
13DD3
102
}
330
13DD3
100
AcDbProxyObject
 90
      499
 91
      511
 95
   983063
 70
     0
 93
       10
310
4040
340
0
 94
        0
1001
ACAD
1000
AcRTDxfName
1000
ACDB_DYNAMICBLOCKPURGEPREVENTER_VERSION
1000
AcRTDxfName
1000
ACDB_DYNAMICBLOCKPURGEPREVENTER_VERSION
1000
AcRTDxfName
1000
ACDB_DYNAMICBLOCKPURGEPREVENTER_VERSION
1000
AcRTDxfName
1000
ACDB_DYNAMICBLOCKPURGEPREVENTER_VERSION
1000
AcRTDxfName
1000
ACDB_DYNAMICBLOCKPURGEPREVENTER_VERSION
1000
AcRTDxfName
1000
ACDB_DYNAMICBLOCKPURGEPREVENTER_VERSION
  0
XRECORD
  5
2CD78
102
{ACAD_REACTORS
330
2CD77
102
}
330
2CD77
100
AcDbXrecord
280
     1
102
VISUALSTYLE
340
82A0
102
GRIDDISPLAY
 70
     0
102
GRIDMAJOR
 70
     5
102
DEFAULTLIGHTING
280
     1
102
DEFAULTLIGHTINGTYPE
 70
     1
102
BRIGHTNESS
141
0.0
102
CONTRAST
142
0.0
  0
XRECORD
  5
2CD7A
102
{ACAD_REACTORS
330
2CD79
102
}
330
2CD79
100
AcDbXrecord
280
     1
102
VISUALSTYLE
340
82A0
102
GRIDDISPLAY
 70
     0
102
GRIDMAJOR
 70
     5
102
DEFAULTLIGHTING
280
     1
102
DEFAULTLIGHTINGTYPE
 70
     1
102
BRIGHTNESS
141
0.0
102
CONTRAST
142
0.0
  0
ACDBDETAILVIEWSTYLE
  5
D3AF
102
{ACAD_REACTORS
330
D3AE
102
}
102
{ACAD_XDICTIONARY
360
2CD73
102
}
330
D3AE
100
AcDbModelDocViewStyle
 70
     0
  3
Metric50
290
     0
100
AcDbDetailViewStyle
 70
     0
 71
     0
 90
        3
 71
     1
340
11
 62
   256
 40
5.0
340
0
 62
   256
 40
5.0
300

 40
0.0
280
     1
 71
     2
340
16
 90
       25
 62
   256
 71
     3
340
11
 62
   256
 40
5.0
 90
        0
 40
15.0
 90
        1
300
%<\AcVar ViewDetailId>% (%<\AcVar ViewScale \f "%sn">%)
 71
     4
340
16
 90
       25
 62
   256
340
16
 90
       25
 62
   256
280
     0
  0
LAYOUT
  5
1E
102
{ACAD_REACTORS
330
1A
102
}
330
1A
100
AcDbPlotSettings
  1

  2
none_device
  4
Letter_(8.50_x_11.00_Inches)
  6

 40
6.349999904632568
 41
6.349999904632568
 42
6.350006103515625
 43
6.350006103515625
 44
215.8999938964844
 45
279.3999938964844
 46
0.0
 47
0.0
 48
0.0
 49
0.0
140
0.0
141
0.0
142
1.0
143
1.0
 70
   688
 72
     1
 73
     1
 74
     5
  7

 75
    16
 76
     0
 77
     2
 78
   300
147
1.0
148
0.0
149
0.0
100
AcDbLayout
  1
布局1
 70
     1
 71
     1
 10
-6.350006103515625
 20
-6.349999904632568
 11
273.0499877929688
 21
209.5499939918518
 12
0.0
 22
0.0
 32
0.0
 14
26.66999878883362
 24
20.31999878883363
 34
0.0
 15
240.0299890995026
 25
182.8799890995026
 35
0.0
146
0.0
 13
0.0
 23
0.0
 33
0.0
 16
1.0
 26
0.0
 36
0.0
 17
0.0
 27
1.0
 37
0.0
 76
     0
330
1B
331
7F70
  0
LAYOUT
  5
26
102
{ACAD_REACTORS
330
1A
102
}
330
1A
100
AcDbPlotSettings
  1

  2
C:\PROGRAM FILES\AUTOCAD 2002\plotters\PublishToWeb DWF.pc3
  4

  6

 40
0.0
 41
0.0
 42
0.0
 43
0.0
 44
0.0
 45
0.0
 46
0.0
 47
0.0
 48
0.0
 49
0.0
140
0.0
141
0.0
142
1.0
143
1.0
 70
   688
 72
     0
 73
     0
 74
     5
  7

 75
    16
 76
     0
 77
     2
 78
   300
147
1.0
148
0.0
149
0.0
100
AcDbLayout
  1
布局2
 70
     1
 71
     2
 10
0.0
 20
0.0
 11
12.0
 21
9.0
 12
0.0
 22
0.0
 32
0.0
 14
0.0
 24
0.0
 34
0.0
 15
0.0
 25
0.0
 35
0.0
146
0.0
 13
0.0
 23
0.0
 33
0.0
 16
1.0
 26
0.0
 36
0.0
 17
0.0
 27
1.0
 37
0.0
 76
     0
330
23
  0
LAYOUT
  5
22
102
{ACAD_REACTORS
330
1A
102
}
102
{ACAD_XDICTIONARY
360
D414
102
}
330
1A
100
AcDbPlotSettings
  1

  2
none_device
  4
Letter_(8.50_x_11.00_Inches)
  6

 40
6.349999904632568
 41
6.349999904632568
 42
6.350006103515625
 43
6.350006103515625
 44
215.8999938964844
 45
279.3999938964844
 46
0.0
 47
0.0
 48
0.0
 49
0.0
140
0.0
141
0.0
142
1.0
143
1.0
 70
 11952
 72
     1
 73
     1
 74
     0
  7

 75
     0
 76
     0
 77
     2
 78
   300
147
1.0
148
-4260.409904841951
149
-4498.672061758346
100
AcDbLayout
  1
Model
 70
     1
 71
     0
 10
0.0
 20
0.0
 11
12.0
 21
9.0
 12
0.0
 22
0.0
 32
0.0
 14
0.0
 24
0.0
 34
0.0
 15
0.0
 25
0.0
 35
0.0
146
0.0
 13
0.0
 23
0.0
 33
0.0
 16
1.0
 26
0.0
 36
0.0
 17
0.0
 27
1.0
 37
0.0
 76
     0
330
1F
331
8299
  0
MATERIAL
  5
82AE
102
{ACAD_REACTORS
330
66EF
102
}
102
{ACAD_XDICTIONARY
360
2CD7F
102
}
330
66EF
100
AcDbMaterial
  1
ByBlock
  0
MATERIAL
  5
82AD
102
{ACAD_REACTORS
330
66EF
102
}
102
{ACAD_XDICTIONARY
360
2CD81
102
}
330
66EF
100
AcDbMaterial
  1
ByLayer
  0
MATERIAL
  5
82AF
102
{ACAD_REACTORS
330
66EF
102
}
102
{ACAD_XDICTIONARY
360
D3BF
102
}
330
66EF
100
AcDbMaterial
  1
Global
  0
MLEADERSTYLE
  5
D3AB
102
{ACAD_REACTORS
330
D3AA
102
}
102
{ACAD_XDICTIONARY
360
2CD84
102
}
330
D3AA
100
AcDbMLeaderStyle
170
     2
171
     1
172
     0
 90
        2
 40
0.0
 41
0.0
173
     1
 91
-1056964608
340
14
 92
       -2
290
     1
 42
2.0
291
     1
 43
0.36
  3
Standard
341
0
 44
4.0
300

342
11
174
     1
178
     6
175
     1
176
     0
 93
-1056964608
 45
4.0
292
     0
297
     0
 46
4.0
343
0
 94
-1056964608
 47
1.0
 49
1.0
140
1.0
293
     1
141
0.0
294
     1
177
     0
142
1.0
295
     0
296
     0
143
0.125
1001
ACAD_MLEADERVER
1070
     2
  0
MLINESTYLE
  5
18
102
{ACAD_REACTORS
330
17
102
}
330
17
100
AcDbMlineStyle
  2
STANDARD
 70
     0
  3

 62
   256
 51
90.0
 52
90.0
 71
     2
 49
0.5
 62
   256
  6
BYLAYER
 49
-0.5
 62
   256
  6
BYLAYER
  0
ACDBPLACEHOLDER
  5
F
102
{ACAD_REACTORS
330
E
102
}
330
E
  0
SCALE
  5
D399
102
{ACAD_REACTORS
330
D398
102
}
330
D398
100
AcDbScale
 70
     0
300
1:1
140
1.0
141
1.0
290
     1
  0
SCALE
  5
D39A
102
{ACAD_REACTORS
330
D398
102
}
330
D398
100
AcDbScale
 70
     0
300
1:2
140
1.0
141
2.0
290
     0
  0
SCALE
  5
D39B
102
{ACAD_REACTORS
330
D398
102
}
330
D398
100
AcDbScale
 70
     0
300
1:4
140
1.0
141
4.0
290
     0
  0
SCALE
  5
D39C
102
{ACAD_REACTORS
330
D398
102
}
330
D398
100
AcDbScale
 70
     0
300
1:5
140
1.0
141
5.0
290
     0
  0
SCALE
  5
D39D
102
{ACAD_REACTORS
330
D398
102
}
330
D398
100
AcDbScale
 70
     0
300
1:8
140
1.0
141
8.0
290
     0
  0
SCALE
  5
D39E
102
{ACAD_REACTORS
330
D398
102
}
330
D398
100
AcDbScale
 70
     0
300
1:10
140
1.0
141
10.0
290
     0
  0
SCALE
  5
D39F
102
{ACAD_REACTORS
330
D398
102
}
330
D398
100
AcDbScale
 70
     0
300
1:16
140
1.0
141
16.0
290
     0
  0
SCALE
  5
D3A0
102
{ACAD_REACTORS
330
D398
102
}
330
D398
100
AcDbScale
 70
     0
300
1:20
140
1.0
141
20.0
290
     0
  0
SCALE
  5
D3A1
102
{ACAD_REACTORS
330
D398
102
}
330
D398
100
AcDbScale
 70
     0
300
1:30
140
1.0
141
30.0
290
     0
  0
SCALE
  5
D3A2
102
{ACAD_REACTORS
330
D398
102
}
330
D398
100
AcDbScale
 70
     0
300
1:40
140
1.0
141
40.0
290
     0
  0
SCALE
  5
D3A3
102
{ACAD_REACTORS
330
D398
102
}
330
D398
100
AcDbScale
 70
     0
300
1:50
140
1.0
141
50.0
290
     0
  0
SCALE
  5
D3A4
102
{ACAD_REACTORS
330
D398
102
}
330
D398
100
AcDbScale
 70
     0
300
1:100
140
1.0
141
100.0
290
     0
  0
SCALE
  5
D3A5
102
{ACAD_REACTORS
330
D398
102
}
330
D398
100
AcDbScale
 70
     0
300
2:1
140
2.0
141
1.0
290
     0
  0
SCALE
  5
D3A6
102
{ACAD_REACTORS
330
D398
102
}
330
D398
100
AcDbScale
 70
     0
300
4:1
140
4.0
141
1.0
290
     0
  0
SCALE
  5
D3A7
102
{ACAD_REACTORS
330
D398
102
}
330
D398
100
AcDbScale
 70
     0
300
8:1
140
8.0
141
1.0
290
     0
  0
SCALE
  5
D3A8
102
{ACAD_REACTORS
330
D398
102
}
330
D398
100
AcDbScale
 70
     0
300
10:1
140
10.0
141
1.0
290
     0
  0
SCALE
  5
D3A9
102
{ACAD_REACTORS
330
D398
102
}
330
D398
100
AcDbScale
 70
     0
300
100:1
140
100.0
141
1.0
290
     0
  0
ACDBSECTIONVIEWSTYLE
  5
D3AD
102
{ACAD_REACTORS
330
D3AC
102
}
102
{ACAD_XDICTIONARY
360
2CD71
102
}
330
D3AC
100
AcDbModelDocViewStyle
 70
     0
  3
Metric50
290
     0
100
AcDbSectionViewStyle
 70
     0
 71
     0
 90
      102
 71
     1
340
11
 62
   256
 40
5.0
340
0
340
0
 62
   256
 40
5.0
300
I, O, Q, S, X, Z
 40
10.0
 90
        0
 40
2.5
 90
        0
 71
     2
340
16
 90
       25
 62
   256
340
16
 90
       50
 62
   256
 40
5.0
 40
2.5
 40
5.0
 71
     3
340
11
 62
   256
 40
5.0
 90
        0
 40
15.0
 90
        1
300
%<\AcVar ViewSectionStartId>%-%<\AcVar ViewSectionEndId>% (%<\AcVar ViewScale \f "%sn">%)
 71
     4
 62
   256
 62
   257
300
ANSI31
 40
1.0
 90
        0
290
     0
290
     0
 90
        6
 40
0.0
 40
1.570796326794897
 40
0.2617993877991494
 40
1.308996938995747
 40
-0.2617993877991494
 40
1.832595714594046
  0
TABLESTYLE
  5
82AC
102
{ACAD_REACTORS
330
82AB
102
}
102
{ACAD_XDICTIONARY
360
2CD87
102
}
330
82AB
100
AcDbTableStyle
  3
Standard
 70
     0
 71
     0
 40
0.06
 41
0.06
280
     0
281
     0
  7
Standard
140
0.18
170
     2
 62
     0
 63
   257
283
     0
274
    -2
284
     1
 64
     0
275
    -2
285
     1
 65
     0
276
    -2
286
     1
 66
     0
277
    -2
287
     1
 67
     0
278
    -2
288
     1
 68
     0
279
    -2
289
     1
 69
     0
  7
Standard
140
0.25
170
     5
 62
     0
 63
   257
283
     0
274
    -2
284
     1
 64
     0
275
    -2
285
     1
 65
     0
276
    -2
286
     1
 66
     0
277
    -2
287
     1
 67
     0
278
    -2
288
     1
 68
     0
279
    -2
289
     1
 69
     0
  7
Standard
140
0.18
170
     5
 62
     0
 63
   257
283
     0
274
    -2
284
     1
 64
     0
275
    -2
285
     1
 65
     0
276
    -2
286
     1
 66
     0
277
    -2
287
     1
 67
     0
278
    -2
288
     1
 68
     0
279
    -2
289
     1
 69
     0
  0
VISUALSTYLE
  5
82A0
102
{ACAD_REACTORS
330
829A
102
}
102
{ACAD_XDICTIONARY
360
2CD8A
102
}
330
829A
100
AcDbVisualStyle
  2
2dWireframe
 70
     4
 71
     0
 72
     2
 73
     0
 90
        0
 40
-0.6
 41
-30.0
 62
     5
 63
     7
 74
     1
 91
        4
 64
     7
 65
   257
 75
     1
175
     1
 42
1.0
 92
        0
 66
   257
 43
1.0
 76
     1
 77
     6
 78
     2
 67
     7
 79
     5
170
     0
171
     0
290
     0
174
     0
 93
        1
 44
0.0
173
     0
291
     0
 45
0.0
1001
ACAD
1000
AcDbSavedByObjectVersion
1070
     0
  0
VISUALSTYLE
  5
82A2
102
{ACAD_REACTORS
330
829A
102
}
102
{ACAD_XDICTIONARY
360
2CD8C
102
}
330
829A
100
AcDbVisualStyle
  2
3D Hidden
 70
     6
 71
     1
 72
     2
 73
     2
 90
        0
 40
-0.6
 41
-30.0
 62
     5
 63
     7
 74
     2
 91
        2
 64
     7
 65
   257
 75
     2
175
     1
 42
40.0
 92
        0
 66
   257
 43
1.0
 76
     1
 77
     6
 78
     2
 67
     7
 79
     3
170
     0
171
     0
290
     0
174
     0
 93
        1
 44
0.0
173
     0
291
     0
 45
0.0
1001
ACAD
1000
AcDbSavedByObjectVersion
1070
     0
  0
VISUALSTYLE
  5
82A1
102
{ACAD_REACTORS
330
829A
102
}
102
{ACAD_XDICTIONARY
360
2CD8E
102
}
330
829A
100
AcDbVisualStyle
  2
3dWireframe
 70
     5
 71
     0
 72
     2
 73
     0
 90
        0
 40
-0.6
 41
-30.0
 62
     5
 63
     7
 74
     1
 91
        4
 64
     7
 65
   257
 75
     1
175
     1
 42
1.0
 92
        0
 66
   257
 43
1.0
 76
     1
 77
     6
 78
     2
 67
     7
 79
     5
170
     0
171
     0
290
     0
174
     0
 93
        1
 44
0.0
173
     0
291
     0
 45
0.0
1001
ACAD
1000
AcDbSavedByObjectVersion
1070
     0
  0
VISUALSTYLE
  5
829F
102
{ACAD_REACTORS
330
829A
102
}
102
{ACAD_XDICTIONARY
360
2CD90
102
}
330
829A
100
AcDbVisualStyle
  2
Basic
 70
     7
 71
     1
 72
     0
 73
     1
 90
        0
 40
-0.6
 41
-30.0
 62
     5
 63
     7
 74
     0
 91
        4
 64
     7
 65
   257
 75
     1
175
     1
 42
1.0
 92
        8
 66
     7
 43
1.0
 76
     1
 77
     6
 78
     2
 67
     7
 79
     5
170
     0
171
     0
290
     0
174
     0
 93
        1
 44
0.0
173
     0
291
     1
 45
0.0
1001
ACAD
1000
AcDbSavedByObjectVersion
1070
     0
  0
VISUALSTYLE
  5
82A6
102
{ACAD_REACTORS
330
829A
102
}
102
{ACAD_XDICTIONARY
360
2CD92
102
}
330
829A
100
AcDbVisualStyle
  2
Brighten
 70
    12
 71
     2
 72
     2
 73
     0
 90
        0
 40
-0.6
 41
-30.0
 62
     5
 63
     7
 74
     1
 91
        4
 64
     7
 65
   257
 75
     1
175
     1
 42
1.0
 92
        8
 66
     7
 43
1.0
 76
     1
 77
     6
 78
     2
 67
     7
 79
     5
170
     0
171
     0
290
     0
174
     0
 93
        1
 44
50.0
173
     0
291
     1
 45
0.0
1001
ACAD
1000
AcDbSavedByObjectVersion
1070
     0
  0
VISUALSTYLE
  5
82AA
102
{ACAD_REACTORS
330
829A
102
}
102
{ACAD_XDICTIONARY
360
2CD94
102
}
330
829A
100
AcDbVisualStyle
  2
ColorChange
 70
    16
 71
     2
 72
     2
 73
     3
 90
        0
 40
-0.6
 41
-30.0
 62
     5
 63
     8
 74
     1
 91
        4
 64
     7
 65
   257
 75
     1
175
     1
 42
1.0
 92
        8
 66
     8
 43
1.0
 76
     1
 77
     6
 78
     2
 67
     7
 79
     5
170
     0
171
     0
290
     0
174
     0
 93
        1
 44
0.0
173
     0
291
     1
 45
0.0
1001
ACAD
1000
AcDbSavedByObjectVersion
1070
     0
  0
VISUALSTYLE
  5
82A3
102
{ACAD_REACTORS
330
829A
102
}
102
{ACAD_XDICTIONARY
360
2CD96
102
}
330
829A
100
AcDbVisualStyle
  2
Conceptual
 70
     9
 71
     3
 72
     2
 73
     0
 90
        0
 40
-0.6
 41
-30.0
 62
     5
 63
     7
 74
     2
 91
        2
 64
     7
 65
   257
 75
     1
175
     1
 42
40.0
 92
        8
 66
     7
 43
1.0
 76
     1
 77
     6
 78
     2
 67
     7
 79
     3
170
     0
171
     0
290
     0
174
     0
 93
        1
 44
0.0
173
     0
291
     0
 45
0.0
1001
ACAD
1000
AcDbSavedByObjectVersion
1070
     0
  0
VISUALSTYLE
  5
82A5
102
{ACAD_REACTORS
330
829A
102
}
102
{ACAD_XDICTIONARY
360
2CD98
102
}
330
829A
100
AcDbVisualStyle
  2
Dim
 70
    11
 71
     2
 72
     2
 73
     0
 90
        0
 40
-0.6
 41
-30.0
 62
     5
 63
     7
 74
     1
 91
        4
 64
     7
 65
   257
 75
     1
175
     1
 42
1.0
 92
        8
 66
     7
 43
1.0
 76
     1
 77
     6
 78
     2
 67
     7
 79
     5
170
     0
171
     0
290
     0
174
     0
 93
        1
 44
-50.0
173
     0
291
     1
 45
0.0
1001
ACAD
1000
AcDbSavedByObjectVersion
1070
     0
  0
VISUALSTYLE
  5
D397
102
{ACAD_REACTORS
330
829A
102
}
102
{ACAD_XDICTIONARY
360
2CD9A
102
}
330
829A
100
AcDbVisualStyle
  2
EdgeColorOff
 70
    22
 71
     2
 72
     2
 73
     0
 90
        0
 40
-0.6
 41
-30.0
 62
     5
 63
     7
 74
     1
 91
        4
 64
     7
 65
   257
 75
     1
175
     1
 42
1.0
 92
        8
 66
     7
 43
1.0
 76
     1
 77
     6
 78
     2
 67
     7
 79
     5
170
     0
171
     0
290
     0
174
     0
 93
        1
 44
0.0
173
     0
291
     1
 45
0.0
1001
ACAD
1000
AcDbSavedByObjectVersion
1070
     0
  0
VISUALSTYLE
  5
82A9
102
{ACAD_REACTORS
330
829A
102
}
102
{ACAD_XDICTIONARY
360
2CD9C
102
}
330
829A
100
AcDbVisualStyle
  2
Facepattern
 70
    15
 71
     2
 72
     2
 73
     0
 90
        0
 40
-0.6
 41
-30.0
 62
     5
 63
     7
 74
     1
 91
        4
 64
     7
 65
   257
 75
     1
175
     1
 42
1.0
 92
        8
 66
     7
 43
1.0
 76
     1
 77
     6
 78
     2
 67
     7
 79
     5
170
     0
171
     0
290
     0
174
     0
 93
        1
 44
0.0
173
     0
291
     1
 45
0.0
1001
ACAD
1000
AcDbSavedByObjectVersion
1070
     0
  0
VISUALSTYLE
  5
829B
102
{ACAD_REACTORS
330
829A
102
}
102
{ACAD_XDICTIONARY
360
2CD9E
102
}
330
829A
100
AcDbVisualStyle
  2
Flat
 70
     0
 71
     2
 72
     1
 73
     1
 90
        2
 40
-0.6
 41
30.0
 62
     5
 63
     7
 74
     0
 91
        4
 64
     7
 65
   257
 75
     1
175
     1
 42
1.0
 92
        8
 66
     7
 43
1.0
 76
     1
 77
     6
 78
     2
 67
     7
 79
     5
170
     0
171
     0
290
     0
174
     0
 93
       13
 44
0.0
173
     0
291
     1
 45
0.0
1001
ACAD
1000
AcDbSavedByObjectVersion
1070
     0
  0
VISUALSTYLE
  5
829C
102
{ACAD_REACTORS
330
829A
102
}
102
{ACAD_XDICTIONARY
360
2CDA0
102
}
330
829A
100
AcDbVisualStyle
  2
FlatWithEdges
 70
     1
 71
     2
 72
     1
 73
     1
 90
        2
 40
-0.6
 41
30.0
 62
     5
 63
     7
 74
     1
 91
        4
 64
     7
 65
   257
 75
     1
175
     1
 42
1.0
 92
        0
 66
   257
 43
1.0
 76
     1
 77
     6
 78
     2
 67
     7
 79
     5
170
     0
171
     0
290
     0
174
     0
 93
       13
 44
0.0
173
     0
291
     1
 45
0.0
1001
ACAD
1000
AcDbSavedByObjectVersion
1070
     0
  0
VISUALSTYLE
  5
829D
102
{ACAD_REACTORS
330
829A
102
}
102
{ACAD_XDICTIONARY
360
2CDA2
102
}
330
829A
100
AcDbVisualStyle
  2
Gouraud
 70
     2
 71
     2
 72
     2
 73
     1
 90
        2
 40
-0.6
 41
30.0
 62
     5
 63
     7
 74
     0
 91
        4
 64
     7
 65
   257
 75
     1
175
     1
 42
1.0
 92
        0
 66
     7
 43
1.0
 76
     1
 77
     6
 78
     2
 67
     7
 79
     5
170
     0
171
     0
290
     0
174
     0
 93
       13
 44
0.0
173
     0
291
     1
 45
0.0
1001
ACAD
1000
AcDbSavedByObjectVersion
1070
     0
  0
VISUALSTYLE
  5
829E
102
{ACAD_REACTORS
330
829A
102
}
102
{ACAD_XDICTIONARY
360
2CDA4
102
}
330
829A
100
AcDbVisualStyle
  2
GouraudWithEdges
 70
     3
 71
     2
 72
     2
 73
     1
 90
        2
 40
-0.6
 41
30.0
 62
     5
 63
     7
 74
     1
 91
        4
 64
     7
 65
   257
 75
     1
175
     1
 42
1.0
 92
        0
 66
   257
 43
1.0
 76
     1
 77
     6
 78
     2
 67
     7
 79
     5
170
     0
171
     0
290
     0
174
     0
 93
       13
 44
0.0
173
     0
291
     1
 45
0.0
1001
ACAD
1000
AcDbSavedByObjectVersion
1070
     0
  0
VISUALSTYLE
  5
D38F
102
{ACAD_REACTORS
330
829A
102
}
102
{ACAD_XDICTIONARY
360
2CDA6
102
}
330
829A
100
AcDbVisualStyle
  2
Hidden
 70
     6
 71
     1
 72
     2
 73
     2
 90
        0
 40
-0.6
 41
-30.0
 62
     5
 63
     7
 74
     2
 91
        2
 64
     7
 65
   257
 75
     2
175
     1
 42
40.0
 92
        0
 66
   257
 43
1.0
 76
     1
 77
     6
 78
     2
 67
     7
 79
     3
170
     0
171
     0
290
     0
174
     0
 93
        1
 44
0.0
173
     0
291
     0
 45
0.0
1001
ACAD
1000
AcDbSavedByObjectVersion
1070
     0
  0
VISUALSTYLE
  5
D395
102
{ACAD_REACTORS
330
829A
102
}
102
{ACAD_XDICTIONARY
360
2CDA8
102
}
330
829A
100
AcDbVisualStyle
  2
JitterOff
 70
    20
 71
     2
 72
     2
 73
     0
 90
        0
 40
-0.6
 41
-30.0
 62
     5
 63
     7
 74
     1
 91
        4
 64
     7
 65
   257
 75
     1
175
     1
 42
1.0
 92
       10
 66
     7
 43
1.0
 76
     1
 77
     6
 78
     2
 67
     7
 79
     5
170
     0
171
     0
290
     0
174
     0
 93
        1
 44
0.0
173
     0
291
     1
 45
0.0
1001
ACAD
1000
AcDbSavedByObjectVersion
1070
     0
  0
VISUALSTYLE
  5
82A8
102
{ACAD_REACTORS
330
829A
102
}
102
{ACAD_XDICTIONARY
360
2CDAA
102
}
330
829A
100
AcDbVisualStyle
  2
Linepattern
 70
    14
 71
     2
 72
     2
 73
     0
 90
        0
 40
-0.6
 41
-30.0
 62
     5
 63
     7
 74
     1
 91
        4
 64
     7
 65
   257
 75
     7
175
     7
 42
1.0
 92
        8
 66
     7
 43
1.0
 76
     1
 77
     6
 78
     2
 67
     7
 79
     5
170
     0
171
     0
290
     0
174
     0
 93
        1
 44
0.0
173
     0
291
     1
 45
0.0
1001
ACAD
1000
AcDbSavedByObjectVersion
1070
     0
  0
VISUALSTYLE
  5
D396
102
{ACAD_REACTORS
330
829A
102
}
102
{ACAD_XDICTIONARY
360
2CDAC
102
}
330
829A
100
AcDbVisualStyle
  2
OverhangOff
 70
    21
 71
     2
 72
     2
 73
     0
 90
        0
 40
-0.6
 41
-30.0
 62
     5
 63
     7
 74
     1
 91
        4
 64
     7
 65
   257
 75
     1
175
     1
 42
1.0
 92
        9
 66
     7
 43
1.0
 76
     1
 77
     6
 78
     2
 67
     7
 79
     5
170
     0
171
     0
290
     0
174
     0
 93
        1
 44
0.0
173
     0
291
     1
 45
0.0
1001
ACAD
1000
AcDbSavedByObjectVersion
1070
     0
  0
VISUALSTYLE
  5
82A4
102
{ACAD_REACTORS
330
829A
102
}
102
{ACAD_XDICTIONARY
360
2CDAE
102
}
330
829A
100
AcDbVisualStyle
  2
Realistic
 70
     8
 71
     2
 72
     2
 73
     0
 90
        0
 40
-0.6
 41
-30.0
 62
     5
 63
     7
 74
     1
 91
        0
 64
     7
 65
   257
 75
     1
175
     1
 42
1.0
 92
        8
 66
     8
 43
1.0
 76
     1
 77
     6
 78
     2
 67
     7
 79
     5
170
     0
171
     0
290
     0
174
     0
 93
       13
 44
0.0
173
     0
291
     0
 45
0.0
1001
ACAD
1000
AcDbSavedByObjectVersion
1070
     0
  0
VISUALSTYLE
  5
D394
102
{ACAD_REACTORS
330
829A
102
}
102
{ACAD_XDICTIONARY
360
2CDB0
102
}
330
829A
100
AcDbVisualStyle
  2
Shaded
 70
    27
 71
     2
 72
     2
 73
     1
 90
        2
 40
-0.6
 41
30.0
 62
     5
 63
     7
 74
     0
 91
        4
 64
     7
 65
   257
 75
     1
175
     1
 42
1.0
 92
        8
 66
   257
 43
1.0
 76
     1
 77
     6
 78
     2
 67
     8
 79
     3
170
     0
171
     0
290
     0
174
     0
 93
        5
 44
0.0
173
     0
291
     0
 45
0.0
1001
ACAD
1000
AcDbSavedByObjectVersion
1070
     0
  0
VISUALSTYLE
  5
D393
102
{ACAD_REACTORS
330
829A
102
}
102
{ACAD_XDICTIONARY
360
2CDB2
102
}
330
829A
100
AcDbVisualStyle
  2
Shaded with edges
 70
    26
 71
     2
 72
     2
 73
     1
 90
        2
 40
-0.6
 41
30.0
 62
     5
 63
     7
 74
     1
 91
        2
 64
     7
 65
   257
 75
     2
175
     1
 42
1.0
 92
        8
 66
   257
 43
1.0
 76
     1
 77
     6
 78
     2
 67
     7
 79
     3
170
     0
171
     0
290
     0
174
     0
 93
        5
 44
0.0
173
     0
291
     0
 45
0.0
1001
ACAD
1000
AcDbSavedByObjectVersion
1070
     0
  0
VISUALSTYLE
  5
D390
102
{ACAD_REACTORS
330
829A
102
}
102
{ACAD_XDICTIONARY
360
2CDB4
102
}
330
829A
100
AcDbVisualStyle
  2
Shades of Gray
 70
    23
 71
     2
 72
     2
 73
     3
 90
        0
 40
-0.6
 41
-30.0
 62
     5
 63
     7
 74
     2
 91
        2
 64
     7
 65
     7
 75
     1
175
     1
 42
40.0
 92
        8
 66
     7
 43
1.0
 76
     1
 77
     6
 78
     2
 67
     7
 79
     3
170
     0
171
     0
290
     0
174
     0
 93
        1
 44
0.0
173
     0
291
     0
 45
0.0
1001
ACAD
1000
AcDbSavedByObjectVersion
1070
     0
  0
VISUALSTYLE
  5
D391
102
{ACAD_REACTORS
330
829A
102
}
102
{ACAD_XDICTIONARY
360
2CDB6
102
}
330
829A
100
AcDbVisualStyle
  2
Sketchy
 70
    24
 71
     1
 72
     2
 73
     2
 90
        0
 40
-0.6
 41
-30.0
 62
     5
 63
     7
 74
     2
 91
        2
 64
     7
 65
     7
 75
     1
175
     1
 42
40.0
 92
       11
 66
     7
 43
1.0
 76
     1
 77
     6
 78
     2
 67
     7
 79
     6
170
     0
171
     0
290
     0
174
     0
 93
        1
 44
0.0
173
     0
291
     0
 45
0.0
1001
ACAD
1000
AcDbSavedByObjectVersion
1070
     0
  0
VISUALSTYLE
  5
82A7
102
{ACAD_REACTORS
330
829A
102
}
102
{ACAD_XDICTIONARY
360
2CDB8
102
}
330
829A
100
AcDbVisualStyle
  2
Thicken
 70
    13
 71
     2
 72
     2
 73
     0
 90
        0
 40
-0.6
 41
-30.0
 62
     5
 63
     7
 74
     1
 91
        4
 64
     7
 65
   257
 75
     1
175
     1
 42
1.0
 92
       12
 66
     7
 43
1.0
 76
     1
 77
     6
 78
     2
 67
     7
 79
     5
170
     0
171
     0
290
     0
174
     0
 93
        1
 44
0.0
173
     0
291
     1
 45
0.0
1001
ACAD
1000
AcDbSavedByObjectVersion
1070
     0
  0
VISUALSTYLE
  5
D38E
102
{ACAD_REACTORS
330
829A
102
}
102
{ACAD_XDICTIONARY
360
2CDBA
102
}
330
829A
100
AcDbVisualStyle
  2
Wireframe
 70
     5
 71
     0
 72
     2
 73
     0
 90
        0
 40
-0.6
 41
-30.0
 62
     5
 63
     7
 74
     1
 91
        4
 64
     7
 65
   257
 75
     1
175
     1
 42
1.0
 92
        0
 66
   257
 43
1.0
 76
     1
 77
     6
 78
     2
 67
     7
 79
     3
170
     0
171
     0
290
     0
174
     0
 93
        1
 44
0.0
173
     0
291
     0
 45
0.0
1001
ACAD
1000
AcDbSavedByObjectVersion
1070
     0
  0
VISUALSTYLE
  5
D392
102
{ACAD_REACTORS
330
829A
102
}
102
{ACAD_XDICTIONARY
360
2CDBC
102
}
330
829A
100
AcDbVisualStyle
  2
X-Ray
 70
    25
 71
     2
 72
     2
 73
     1
 90
        1
 40
0.5
 41
-30.0
 62
     5
 63
     7
 74
     1
 91
        0
 64
     7
 65
   257
 75
     1
175
     1
 42
1.0
 92
        8
 66
     7
 43
1.0
 76
     1
 77
     6
 78
     2
 67
     7
 79
     3
170
     0
171
     0
290
     0
174
     0
 93
       13
 44
0.0
173
     0
291
     0
 45
0.0
1001
ACAD
1000
AcDbSavedByObjectVersion
1070
     0
  0
DICTIONARYVAR
  5
1FA58
102
{ACAD_REACTORS
330
30B
102
}
330
30B
100
DictionaryVariables
280
     0
  1
0
  0
DICTIONARYVAR
  5
2CD7D
102
{ACAD_REACTORS
330
30B
102
}
330
30B
100
DictionaryVariables
280
     0
  1
1:1
  0
DICTIONARYVAR
  5
D451
102
{ACAD_REACTORS
330
30B
102
}
330
30B
100
DictionaryVariables
280
     0
  1
Standard
  0
DICTIONARYVAR
  5
8612
102
{ACAD_REACTORS
330
30B
102
}
330
30B
100
DictionaryVariables
280
     0
  1
Standard
  0
DICTIONARYVAR
  5
D452
102
{ACAD_REACTORS
330
30B
102
}
330
30B
100
DictionaryVariables
280
     0
  1
Metric50
  0
DICTIONARYVAR
  5
D453
102
{ACAD_REACTORS
330
30B
102
}
330
30B
100
DictionaryVariables
280
     0
  1
Metric50
  0
DICTIONARYVAR
  5
30D
102
{ACAD_REACTORS
330
30B
102
}
330
30B
100
DictionaryVariables
280
     0
  1
2
  0
DICTIONARYVAR
  5
30C
102
{ACAD_REACTORS
330
30B
102
}
330
30B
100
DictionaryVariables
280
     0
  1
1
  0
DICTIONARYVAR
  5
DEB4
102
{ACAD_REACTORS
330
30B
102
}
330
30B
100
DictionaryVariables
280
     0
  1
0
  0
DICTIONARYVAR
  5
D457
102
{ACAD_REACTORS
330
30B
102
}
330
30B
100
DictionaryVariables
280
     0
  1
1
  0
DICTIONARYVAR
  5
D458
102
{ACAD_REACTORS
330
30B
102
}
330
30B
100
DictionaryVariables
280
     0
  1
15
  0
DICTIONARYVAR
  5
D456
102
{ACAD_REACTORS
330
30B
102
}
330
30B
100
DictionaryVariables
280
     0
  1
0
  0
DICTIONARYVAR
  5
D454
102
{ACAD_REACTORS
330
30B
102
}
330
30B
100
DictionaryVariables
280
     0
  1
0
  0
DICTIONARYVAR
  5
DEB6
102
{ACAD_REACTORS
330
30B
102
}
330
30B
100
DictionaryVariables
280
     0
  1
1
  0
DICTIONARYVAR
  5
DEB3
102
{ACAD_REACTORS
330
30B
102
}
330
30B
100
DictionaryVariables
280
     0
  1
127
  0
DICTIONARYVAR
  5
2CD76
102
{ACAD_REACTORS
330
30B
102
}
330
30B
100
DictionaryVariables
280
     0
  1
2
  0
XRECORD
  5
8A79
102
{ACAD_REACTORS
330
8A78
102
}
330
8A78
100
AcDbXrecord
280
     1
330
0
330
0
330
0
330
0
330
0
330
0
330
0
330
0
330
0
330
0
330
0
330
0
330
0
330
0
330
0
330
0
330
0
330
0
330
0
330
0
330
0
330
0
330
0
330
0
330
0
330
0
  0
ACAD_PROXY_OBJECT
  5
13DD5
330
13DD4
100
AcDbProxyObject
 90
      499
 91
      517
 95
   983063
 70
     0
 93
     1162
310
3FFFFFFFD21410F1D841505CFDFD0D40046568406004024C4058B4AD00FFFF276A0FEB0C408FF7F3FA2EEDA31403FFFC9DA83FAC31024050943911A5CDC1B1858D95B595B9D16001014250E446973706C6163656D656E7459004050643911A5CDC1B1858D95B595B9D16001014190E446973706C6163656D656E7459004250
310
6A905BEE0C0EB00800007AA288811B40406A80
1001
ACAD
1000
AcRTDxfName
1000
BLOCKLINEARPARAMETER
1000
AcRTDxfName
1000
BLOCKLINEARPARAMETER
1000
AcRTDxfName
1000
BLOCKLINEARPARAMETER
1000
AcRTDxfName
1000
BLOCKLINEARPARAMETER
1000
AcRTDxfName
1000
BLOCKLINEARPARAMETER
1000
AcRTDxfName
1000
BLOCKLINEARPARAMETER
  0
ACAD_PROXY_OBJECT
  5
13DD6
330
13DD4
100
AcDbProxyObject
 90
      499
 91
      518
 95
   983063
 70
     0
 93
      445
310
3FFFFFFFD21410F1D841909B6CBB5E3BCD0B5E30046568907420FF7F3FA2EEDA31403FFFC9DA83FAC31029FFFFFFFE00006C33C70888A050
1001
ACAD
1000
AcRTDxfName
1000
BLOCKLINEARGRIP
1000
AcRTDxfName
1000
BLOCKLINEARGRIP
1000
AcRTDxfName
1000
BLOCKLINEARGRIP
1000
AcRTDxfName
1000
BLOCKLINEARGRIP
1000
AcRTDxfName
1000
BLOCKLINEARGRIP
1000
AcRTDxfName
1000
BLOCKLINEARGRIP
  0
ACAD_PROXY_OBJECT
  5
13DD7
330
13DD4
100
AcDbProxyObject
 90
      499
 91
      519
 95
   983063
 70
     0
 93
      256
310
3FFFFFFFD214112806D503157E5322951074150C55706461746564456E645800
1001
ACAD
1000
AcRTDxfName
1000
BLOCKGRIPLOCATIONCOMPONENT
1000
AcRTDxfName
1000
BLOCKGRIPLOCATIONCOMPONENT
1000
AcRTDxfName
1000
BLOCKGRIPLOCATIONCOMPONENT
1000
AcRTDxfName
1000
BLOCKGRIPLOCATIONCOMPONENT
1000
AcRTDxfName
1000
BLOCKGRIPLOCATIONCOMPONENT
1000
AcRTDxfName
1000
BLOCKGRIPLOCATIONCOMPONENT
  0
ACAD_PROXY_OBJECT
  5
13DD8
330
13DD4
100
AcDbProxyObject
 90
      499
 91
      519
 95
   983063
 70
     0
 93
      256
310
3FFFFFFFD214112806D503157E5322951084150C55706461746564456E645900
1001
ACAD
1000
AcRTDxfName
1000
BLOCKGRIPLOCATIONCOMPONENT
1000
AcRTDxfName
1000
BLOCKGRIPLOCATIONCOMPONENT
1000
AcRTDxfName
1000
BLOCKGRIPLOCATIONCOMPONENT
1000
AcRTDxfName
1000
BLOCKGRIPLOCATIONCOMPONENT
1000
AcRTDxfName
1000
BLOCKGRIPLOCATIONCOMPONENT
1000
AcRTDxfName
1000
BLOCKGRIPLOCATIONCOMPONENT
  0
ACAD_PROXY_OBJECT
  5
13DD9
330
13DD4
100
AcDbProxyObject
 90
      499
 91
      518
 95
   983063
 70
     0
 93
      445
310
3FFFFFFFD21410F1D842509BBF9D7BCBCD0B5E3004656890A42C01009310162D2B403FFFC9DA83FAC31029FFFFFFFE00006C33C70888E050
1001
ACAD
1000
AcRTDxfName
1000
BLOCKLINEARGRIP
1000
AcRTDxfName
1000
BLOCKLINEARGRIP
1000
AcRTDxfName
1000
BLOCKLINEARGRIP
1000
AcRTDxfName
1000
BLOCKLINEARGRIP
1000
AcRTDxfName
1000
BLOCKLINEARGRIP
1000
AcRTDxfName
1000
BLOCKLINEARGRIP
  0
ACAD_PROXY_OBJECT
  5
13DDA
330
13DD4
100
AcDbProxyObject
 90
      499
 91
      519
 95
   983063
 70
     0
 93
      200
310
3FFFFFFFD214112890A4150D55706461746564426173655800
1001
ACAD
1000
AcRTDxfName
1000
BLOCKGRIPLOCATIONCOMPONENT
1000
AcRTDxfName
1000
BLOCKGRIPLOCATIONCOMPONENT
1000
AcRTDxfName
1000
BLOCKGRIPLOCATIONCOMPONENT
1000
AcRTDxfName
1000
BLOCKGRIPLOCATIONCOMPONENT
1000
AcRTDxfName
1000
BLOCKGRIPLOCATIONCOMPONENT
1000
AcRTDxfName
1000
BLOCKGRIPLOCATIONCOMPONENT
  0
ACAD_PROXY_OBJECT
  5
13DDB
330
13DD4
100
AcDbProxyObject
 90
      499
 91
      519
 95
   983063
 70
     0
 93
      200
310
3FFFFFFFD214112890B4150D55706461746564426173655900
1001
ACAD
1000
AcRTDxfName
1000
BLOCKGRIPLOCATIONCOMPONENT
1000
AcRTDxfName
1000
BLOCKGRIPLOCATIONCOMPONENT
1000
AcRTDxfName
1000
BLOCKGRIPLOCATIONCOMPONENT
1000
AcRTDxfName
1000
BLOCKGRIPLOCATIONCOMPONENT
1000
AcRTDxfName
1000
BLOCKGRIPLOCATIONCOMPONENT
1000
AcRTDxfName
1000
BLOCKGRIPLOCATIONCOMPONENT
  0
DICTIONARY
  5
2CD73
330
D3AF
100
AcDbDictionary
280
     1
281
     1
  3
ACAD_XREC_ROUNDTRIP
360
2CD7E
  0
DICTIONARY
  5
D414
330
22
100
AcDbDictionary
280
     1
281
     1
  3
ADSK_XREC_LAYOUTTHUMBNAIL
360
D415
  0
DICTIONARY
  5
2CD7F
330
82AE
100
AcDbDictionary
280
     1
281
     1
  3
ACAD_XREC_ROUNDTRIP
360
2CD80
  0
DICTIONARY
  5
2CD81
330
82AD
100
AcDbDictionary
280
     1
281
     1
  3
ACAD_XREC_ROUNDTRIP
360
2CD82
  0
DICTIONARY
  5
D3BF
330
82AF
100
AcDbDictionary
280
     1
281
     1
  3
ACAD_XREC_ROUNDTRIP
360
2CD83
  3
FBXASSET
360
D3C0
  0
DICTIONARY
  5
2CD84
330
D3AB
100
AcDbDictionary
280
     1
281
     1
  3
ACAD_XREC_ROUNDTRIP
360
2CD85
  0
DICTIONARY
  5
2CD71
330
D3AD
100
AcDbDictionary
280
     1
281
     1
  3
ACAD_XREC_ROUNDTRIP
360
2CD86
  0
DICTIONARY
  5
2CD87
330
82AC
100
AcDbDictionary
280
     1
281
     1
  3
ACAD_ROUNDTRIP_2008_TABLESTYLE_CELLSTYLEMAP
360
2CD89
  3
ACAD_XREC_ROUNDTRIP
360
2CD88
  0
DICTIONARY
  5
2CD8A
330
82A0
100
AcDbDictionary
280
     1
281
     1
  3
ACAD_XREC_ROUNDTRIP
360
2CD8B
  0
DICTIONARY
  5
2CD8C
330
82A2
100
AcDbDictionary
280
     1
281
     1
  3
ACAD_XREC_ROUNDTRIP
360
2CD8D
  0
DICTIONARY
  5
2CD8E
330
82A1
100
AcDbDictionary
280
     1
281
     1
  3
ACAD_XREC_ROUNDTRIP
360
2CD8F
  0
DICTIONARY
  5
2CD90
330
829F
100
AcDbDictionary
280
     1
281
     1
  3
ACAD_XREC_ROUNDTRIP
360
2CD91
  0
DICTIONARY
  5
2CD92
330
82A6
100
AcDbDictionary
280
     1
281
     1
  3
ACAD_XREC_ROUNDTRIP
360
2CD93
  0
DICTIONARY
  5
2CD94
330
82AA
100
AcDbDictionary
280
     1
281
     1
  3
ACAD_XREC_ROUNDTRIP
360
2CD95
  0
DICTIONARY
  5
2CD96
330
82A3
100
AcDbDictionary
280
     1
281
     1
  3
ACAD_XREC_ROUNDTRIP
360
2CD97
  0
DICTIONARY
  5
2CD98
330
82A5
100
AcDbDictionary
280
     1
281
     1
  3
ACAD_XREC_ROUNDTRIP
360
2CD99
  0
DICTIONARY
  5
2CD9A
330
D397
100
AcDbDictionary
280
     1
281
     1
  3
ACAD_XREC_ROUNDTRIP
360
2CD9B
  0
DICTIONARY
  5
2CD9C
330
82A9
100
AcDbDictionary
280
     1
281
     1
  3
ACAD_XREC_ROUNDTRIP
360
2CD9D
  0
DICTIONARY
  5
2CD9E
330
829B
100
AcDbDictionary
280
     1
281
     1
  3
ACAD_XREC_ROUNDTRIP
360
2CD9F
  0
DICTIONARY
  5
2CDA0
330
829C
100
AcDbDictionary
280
     1
281
     1
  3
ACAD_XREC_ROUNDTRIP
360
2CDA1
  0
DICTIONARY
  5
2CDA2
330
829D
100
AcDbDictionary
280
     1
281
     1
  3
ACAD_XREC_ROUNDTRIP
360
2CDA3
  0
DICTIONARY
  5
2CDA4
330
829E
100
AcDbDictionary
280
     1
281
     1
  3
ACAD_XREC_ROUNDTRIP
360
2CDA5
  0
DICTIONARY
  5
2CDA6
330
D38F
100
AcDbDictionary
280
     1
281
     1
  3
ACAD_XREC_ROUNDTRIP
360
2CDA7
  0
DICTIONARY
  5
2CDA8
330
D395
100
AcDbDictionary
280
     1
281
     1
  3
ACAD_XREC_ROUNDTRIP
360
2CDA9
  0
DICTIONARY
  5
2CDAA
330
82A8
100
AcDbDictionary
280
     1
281
     1
  3
ACAD_XREC_ROUNDTRIP
360
2CDAB
  0
DICTIONARY
  5
2CDAC
330
D396
100
AcDbDictionary
280
     1
281
     1
  3
ACAD_XREC_ROUNDTRIP
360
2CDAD
  0
DICTIONARY
  5
2CDAE
330
82A4
100
AcDbDictionary
280
     1
281
     1
  3
ACAD_XREC_ROUNDTRIP
360
2CDAF
  0
DICTIONARY
  5
2CDB0
330
D394
100
AcDbDictionary
280
     1
281
     1
  3
ACAD_XREC_ROUNDTRIP
360
2CDB1
  0
DICTIONARY
  5
2CDB2
330
D393
100
AcDbDictionary
280
     1
281
     1
  3
ACAD_XREC_ROUNDTRIP
360
2CDB3
  0
DICTIONARY
  5
2CDB4
330
D390
100
AcDbDictionary
280
     1
281
     1
  3
ACAD_XREC_ROUNDTRIP
360
2CDB5
  0
DICTIONARY
  5
2CDB6
330
D391
100
AcDbDictionary
280
     1
281
     1
  3
ACAD_XREC_ROUNDTRIP
360
2CDB7
  0
DICTIONARY
  5
2CDB8
330
82A7
100
AcDbDictionary
280
     1
281
     1
  3
ACAD_XREC_ROUNDTRIP
360
2CDB9
  0
DICTIONARY
  5
2CDBA
330
D38E
100
AcDbDictionary
280
     1
281
     1
  3
ACAD_XREC_ROUNDTRIP
360
2CDBB
  0
DICTIONARY
  5
2CDBC
330
D392
100
AcDbDictionary
280
     1
281
     1
  3
ACAD_XREC_ROUNDTRIP
360
2CDBD
  0
XRECORD
  5
2CD7E
102
{ACAD_REACTORS
330
2CD73
102
}
330
2CD73
100
AcDbXrecord
280
     1
102
DISPLAYNAME
  1
Metric50
102
FLAGS
 90
        0
  0
XRECORD
  5
D415
102
{ACAD_REACTORS
330
D414
102
}
330
D414
100
AcDbXrecord
280
     1
310
28000000000100008100000001000800000000000081000001000000010000000001000000000000302821BE00000000C8C8C8420000004100000000000000420000004200000000000000420000004200000000330000426600004299000000CC000042FF00004200330000333300426633004399330000CC330042FF3300
310
4300660000336600426666004399660000CC660042FF66004300990000339900426699004399990000CC990041FF99004300CC000033CC004166CC004399CC0000CCCC0041FFCC004300FF000033FF004266FF004399FF0000CCFF0042FFFF004300003300330033426600334399003300CC003343FF003343003333003333
310
33436633334399333300CC333343FF33334300663300336633436666334399663300CC663343FF66334300993300339933436699334399993300CC993343FF99334300CC330033CC334366CC334399CC3300CCCC3343FFCC334300FF330033FF334366FF334399FF3300CCFF3343FFFF334300006600330066436600664299
310
006600CC006643FF0066410033660033336643663366C199336600CC336643FF3366C10066660033666643666666C199666600CC666643FF66660000996600339966436699664099996600CC996643FF99664000CC660033CC664366CC664099CC6600CCCC6643FFCC664100FF660033FF664366FF664199FF6600CCFF6643
310
FFFF664200009900330099426600994299009900CC009942FF00994200339900333399426633994299339900CC339942FF33994200669900336699426666994299669900CC669942FF66994200999900339999426699994299999900CC999942FF99994200CC990033CC994266CC994299CC9900CCCC9942FFCC994200FF99
310
0033FF994266FF994299FF9900CCFF9942FFFF99420000CC003300CC426600CC429900CC00CC00CC42FF00CC420033CC003333CC426633CC429933CC00CC33CC43FF33CC420066CC003366CC436666CC429966CC00CC66CC43FF66CC420099CC003399CC436699CC429999CC00CC99CC43FF99CC4200CCCC0033CCCC4366CC
310
CC4299CCCC00CCCCCC43FFCCCC4200FFCC0033FFCC4366FFCC4299FFCC00CCFFCC43FFFFCC420000FF003300FF436600FF429900FF00CC00FF43FF00FF420033FF003333FF436633FF429933FF00CC33FF43FF33FF420066FF003366FF436666FF429966FF00CC66FF43FF66FFC10099FF003399FF426699FFC19999FF00CC
310
99FF42FF99FF4200CCFF0033CCFF4266CCFF4299CCFF00CCCCFF42FFCCFF4200FFFF0033FFFF4266FFFF4299FFFF00CCFFFF42FFFFFF42000000000D0D0D421A1A1A42282828003535354243434342505050005D5D5D426B6B6B42787878008686864293939342A1A1A100AEAEAE42BBBBBB42C9C9C900D6D6D642E4E4E442
310
F1F1F100FFFFFF430000004200000000000000430000004200000000000000430000004200000000000000430000004200000000000000000000000000000000000000000000000000000000000000000000000000000000000000000000000000000000000000000000000000000000000000000000000000000000000000
310
00000000000000000000000000000000000000000000000000000000000000000000000000000000000000000000000000000000000000000000000000000000000000000000000000000000000000000000000000000000000000000000000000000000000000000000000000000000000000000000000000000000000000
310
00000000000000000000000000000000000000000000000000000000000000000000000000000000000000000000000000000000000000000000000000000000000000000000000000000000000000000000000000000000000000000000000000000000000000000000000000000000000000000000000000000000000000
310
00000000000000000000000000000000000000000000000000000000000000000000000000000000000000000000000000000000000000000000000000000000000000000000000000000000000000000000000000000000000000000000000000000000000000000000000000000000000000000000000000000000000000
310
00000000000000000000000000000000000000000000000000000000000000000000000000000000000000000000000000000000000000000000000000000000000000000000000000000000000000000000000000000000000000000000000000000000000000000000000000000000000000000000000000000000000000
310
00000000000000000000000000000000000000000000000000000000000000000000000000000000000000000000000000000000000000000000000000000000000000000000000000000000000000000000000000000000000000000000000000000000000000000000000000000000000000000000000000000000000000
310
00000000000000000000000000000000000000000000000000000000000000000000000000000000000000000000000000000000000000000000000000000000000000000000000000000000000000000000000000000000000000000000000000000000000000000000000000000000000000000000000000000000000000
310
00000000000000000000000000000000000000000000000000000000000000000000000000000000000000000000000000000000000000000000000000000000000000000000000000000000000000000000000000000000000000000000000000000000000000000000000000000000000000000000000000000000000000
310
00000000000000000000000000000000000000000000000000000000000000000000000000000000000000000000000000000000000000000000000000000000000000000000000000000000000000000000000000000000000000000000000000000000000000000000000000000000000000000000000000000000000000
310
00000000000000000000000000000000000000000000000000000000000000000000000000000000000000000000000000000000000000000000000000000000000000000000000000000000000000000000000000000000000000000000000000000000000000000000000000000000000000000000000000000000000000
310
00000000000000000000000000000000000000000000000000000000000000000000000000000000000000000000000000000000000000000000000000000000000000000000000000000000000000000000000000000000000000000000000000000000000000000000000000000000000000000000000000000000000000
310
00000000000000000000000000000000000000000000000000000000000000000000000000000000000000000000000000000000000000000000000000000000000000000000000000000000000000000000000000000000000000000000000000000000000000000000000000000000000000000000000000000000000000
310
00000000000000000000000000000000000000000000000000000000000000000000000000000000000000000000000000000000000000000000000000000000000000000000000000000000000000000000000000000000000000000000000000000000000000000000000000000000000000000000000000000000000000
310
00000000000000000000000000000000000000000000000000000000000000000000000000000000000000000000000000000000000000000000000000000000000000000000000000000000000000000000000000000000000000000000000000000000000000000000000000000000000000000000000000000000000000
310
00000000000000000000000000000000000000000000000000000000000000000000000000000000000000000000000000000000000000000000000000000000000000000000000000000000000000000000000000000000000000000000000000000000000000000000000000000000000000000000000000000000000000
310
00000000000000000000000000000000000000000000000000000000000000000000000000000000000000000000000000000000000000000000000000000000000000000000000000000000000000000000000000000000000000000000000000000000000000000000000000000000000000000000000000000000000000
310
00000000000000000000000000000000000000000000000000000000000000000000000000000000000000000000000000000000000000000000000000000000000000000000000000000000000000000000000000000000000000000000000000000000000000000000000000000000000000000000000000000000000000
310
00000000000000000000000000000000000000000000000000000000000000000000000000000000000000000000000000000000000000000000000000000000000000000000000000000000000000000000000000000000000000000000000000000000000000000000000000000000000000000000000000000000000000
310
00000000000000000000000000000000000000000000000000000000000000000000000000000000000000000000000000000000000000000000000000000000000000000000000000000000000000000000000000000000000000000000000000000000000000000000000000000000000000000000000000000000000000
310
00000000000000000000000000000000000000000000000000000000000000000000000000000000000000000000000000000000000000000000000000000000000000000000000000000000000000000000000000000000000000000000000000000000000000000000000000000000000000000000000000000000000000
310
00000000000000000000000000000000000000000000000000000000000000000000000000000000000000000000000000000000000000000000000000000000000000000000000000000000000000000000000000000000000000000000000000000000000000000000000000000000000000000000000000000000000000
310
00000000000000000000000000000000000000000000000000000000000000000000000000000000000000000000000000000000000000000000000000000000000000000000000000000000000000000000000000000000000000000000000000000000000000000000000000000000000000000000000000000000000000
310
00000000000000000000000000000000000000000000000000000000000000000000000000000000000000000000000000000000000000000000000000000000000000000000000000000000000000000000000000000000000000000000000000000000000000000000000000000000000000000000000000000000000000
310
00000000000000000000000000000000000000000000000000000000000000000000000000000000000000000000000000000000000000000000000000000000000000000000000000000000000000000000000000000000000000000000000000000000000000000000000000000000000000000000000000000000000000
310
00000000000000000000000000000000000000000000000000000000000000000000000000000000000000000000000000000000000000000000000000000000000000000000000000000000000000000000000000000000000000000000000000000000000000000000000000000000000000000000000000000000000000
310
00000000000000000000000000000000000000000000000000000000000000000000000000000000000000000000000000000000000000000000000000000000000000000000000000000000000000000000000000000000000000000000000000000000000000000000000000000000000000000000000000000000000000
310
00000000000000000000000000000000000000000000000000000000000000000000000000000000000000000000000000000000000000000000000000000000000000000000000000000000000000000000000000000000000000000000000000000000000000000000000000000000000000002828282828282828282828
310
282828282828282828282828282828282828282828282828282828282828280000F5F5F52D2D2D2DF52D2DF52DF52DF5F5F5F500000000F5F5F52D2D2D2D2D2DF52DF52DF5F5F5F5F5000000000000000000000000000000000000000000000000000000000000000000000000000000000000000000000000000000000000
310
00000000000000000000000000000000000000000000000000000000000000000000000000000000000000000000000000000000000000000000000000000000000000000000000000000000000000000000000000000000000000000000000000000000000000000000000000000000000000000000280000000000000000
310
0000F5F5F5F5F5F5F5F52D2D2D28282800000028000000000000000000000000280000F500F52D2D2D2D2D2D2D2D2D2D2D002D00F500000000F500F52D2D2D2D2D2D2D2D2D2D002D2D00F500000000000000000000000000000000000000000000000000000000000000000000000000000000000000000000000000000000
310
00000000000000000000000000000000000000000000000000000000000000000000000000000000000000000000000000000000000000000000000000000000000000000000000000000000000000000000000000000000000000000000000000000000000000000000000000000000000000000000000028000000000000
310
00000000F5000000000000002D2D2D28282828280028000000000000000000000000280000F5002D2D2D2D2D2D2D2D2D2D2D2D2D2D2D2D00000000F500F52D2D2D2D2D2D2D2D2D2D2D2D2D2D2D0000000000000000000000000000000000000000000000000000000000000000000000000000000000000000000000000000
310
000000000000000000000000000000000000000000000000000000000000000000000000000000000000000000000000000000000000000000000000000000000000000000000000000000000000000000000000000000000000000000000000000000000000000000000000000000000000000000000000000028F5F5F5F5
310
F5F52D2D0000F5000000000000000000F528282828280028000000000000000000000000280000F500F52D2D2D2D2D2D2D2D2D2D2D2D2D2DF500000000F5002D2D2D2D2D2D2D2D2D2D2D2D2D2D00F5000000000000000000000000000000000000000000000000000000000000000000000000000000000000000000000000
310
0000000000000000000000000000000000000000000000000000000000000000000000000000000000000000000000000000000000000000000000000000000000000000000000000000000000000000000000000000000000000000000000000000000000000000000000000000000000000000000000000000000028F500
310
000000002D2D0000F5000000000000000000F5282D00000000280000000000000000000000002800002828F52D2D2D2D2D2D2D2D2D2D2D2D2D2D2D0000000028002D2D2D2D2D2D2D2D2D2D2D2D2D2D2D2D00000000000000000000000000000000000000000000000000000000000000000000000000000000000000000000
310
00000000000000000000000000000000000000000000000000000000000000000000000000000000000000000000000000000000000000000000000000000000000000000000000000000000000000000000000000000000000000000000000000000000000000000000000000000000000000000000000000000000000028
310
F5000000000000F50000F5000000000000000000F528BE0000000028F5DCDC00000000000000000028000028282D2D2D2D2D2D2D2D2D2D2D2D2D2D2D2D0000000028002D2D2D2D2D2D2D2D2D2D2D2D2D2D2D2D0000000000000000000000000000000000000000000000000000000000000000000000000000000000000000
310
00000000000000000000000000000000000000000000000000000000000000000000000000000000000000000000000000000000000000000000000000000000000000000000000000000000000000000000000000000000000000000000000000000000000000000000000000000000000000000000000000000000000000
310
0028F5000000000000F50000F5000000000000000000F528BE0000000028F52828000000000000000000280000F5002D2D2D2D2D2D2D2D2D2D2D2D2D2D2D2D00000000F5002D2D2D2D2D2D2D2D2D2D2D2D2D2D2D2D000000000000000000000000000000000000000000000000000000000000000000000000000000000000
310
00000000000000000000000000000000000000000000000000000000000000000000000000000000000000000000000000000000000000000000000000000000000000000000000000000000000000000000000000000000000000000000000000000000000000000000000000000000000000000000000000000000000000
310
00000028F5000000000000F50000F5000000000000000000F528BE0000000028F52D2D2D0000000000000000280000F5002D2D2D2D2D2D2D2D2D2D2D2D2D2D2D2D00000000F5002D2D2D2D2D2D2D2D2D2D2D2D2D2D2D2D00000000000000000000000000000000000000000000000000000000000000000000000000000000
310
00000000000000000000000000000000000000000000000000000000000000000000000000000000000000000000000000000000000000000000000000000000000000000000000000000000000000000000000000000000000000000000000000000000000000000000000000000000000000000000000000000000000000
310
000000000028F5F5F5F5F5F5F5F50000F5F5F5F5F5F5F5F5F5F5F5282800000000282DF5F52D0000000000000000280000F5002D2D2D2D2D2D2D2D2D2D2D2D2D2D2D2D00000000F5002D2D2D2D2D2D2D2D2D2D2D2D2D2D2D2D0000000000000000000000000000000000000000000000000000000000000000000000000000
310
00000000000000000000000000000000000000000000000000000000000000000000000000000000000000000000000000000000000000000000000000000000000000000000000000000000000000000000000000000000000000000000000000000000000000000000000000000000000000000000000000000000000000
310
0000000000000028000000000000000000000000000000000000000000282828000000282D2D2D2D0000000000000000280000F5002D2D2D2D2D2D2D2D2D2D2D2D2D2D2D2D00000000F5002D2D2D2D2D2D2D2D2D2D2D2D2D2D2D2D000000000000000000000000000000000000000000000000000000000000000000000000
310
00000000000000000000000000000000000000000000000000000000000000000000000000000000000000000000000000000000000000000000000000000000000000000000000000000000000000000000000000000000000000000000000000000000000000000000000000000000000000000000000000000000000000
310
0000000000000000002828282828282828282828282828282828282828282828BE000000002D2DBE00000000000000000000280000F5002D2D2D2D2D2D2D2D2D2D2D2D2D2D2D2D00000000F5002D2D2D2D2D2D2D2D2D2D2D2D2D2D2D2D00000000000000000000000000000000000000000000000000000000000000000000
310
00000000000000000000000000000000000000000000000000000000000000000000000000000000000000000000000000000000000000000000000000000000000000000000000000000000000000000000000000000000000000000000000000000000000000000000000000000000000000000000000000000000000000
310
0000000000000000000000280000000000000000000000000000000000002D000028BE000028282DBEBE00000000000000000000280000F5002D2D2D2D2D2D2D2D2D2D2D2D2D2D2D2D00000000F5002D2D2D2D2D2D2D2D2D2D2D2D2D2D2D2D0000000000000000000000000000000000000000000000000000000000000000
310
00000000000000000000000000000000000000000000000000000000000000000000000000000000000000000000000000000000000000000000000000000000000000000000000000000000000000000000000000000000000000000000000000000000000000000000000000000000000000000000000000000000000000
310
000000000000000000000000002800F5BE2D2D2D2D2DF5F52D2D2D00F5F5F52D2DF50028BE00002828BEBEBEBE000000000000000028280000F5002D2D2D2D2D2D2D2D2D2D2D2D2D2D2D2D00000000F5002D2D2D2D2D2D2D2D2D2D2D2D2D2D2D2D000000000000000000000000000000000000000000000000000000000000
310
00000000000000000000000000000000000000000000000000000000000000000000000000000000000000000000000000000000000000000000000000000000000000000000000000000000000000000000000000000000000000000000000000000000000000000000000000000000000000000000000000000000000000
310
0000000000000000000000000000002800F52D2D2D2D2D2DF5F52D2D2D00F500002D2DF50028BEBEBEBE282828BEBE2D2D2D2D2D2DF5BE74280000F5002D2D2D2D2D2D2D2D2D2D2D2D2D2D2D2D00000000F5002D2D2D2D2D2D2D2D2D2D2D2D2D2D2D2D00000000000000000000000000000000000000000000000000000000
310
00000000000000000000000000000000000000000000000000000000000000000000000000000000000000000000000000000000000000000000000000000000000000000000000000000000000000000000000000000000000000000000000000000000000000000000000000000000000000000000000000000000000000
310
00000000000000000000000000000000002800F5F5F5F5F528F5F5282800F500F5000000F5F50028BEBEBEBE282828BEBEDC2D28282D2DBE2874280000F5002D2D2D2D2D2D2D2D2D2D2D2D2D2D2D2D00000000F5002D2D2D2D2D2D2D2D2D2D2D2D2D2D2D2D0000000000000000000000000000000000000000000000000000
310
00000000000000000000000000000000000000000000000000000000000000000000000000000000000000000000000000000000000000000000000000000000000000000000000000000000000000000000000000000000000000000000000000000000000000000000000000000000000000000000000000000000000000
310
00000000000000000000000000000000000000280000000000F5F5F5F5F5F5F5F500F5000000F5F50028BE000028282828BEBE2D2D28282D2DBEBEEC280000F5002D2D2D2D2D2D2D2D2D2D2D2D2D2D2D2D00000000F5002D2D2D2D2D2D2D2D2D2D2D2D2D2D2D2D000000000000000000000000000000000000000000000000
310
00000000000000000000000000000000000000000000000000000000000000000000000000000000000000000000000000000000000000000000000000000000000000000000000000000000000000000000000000000000000000000000000000000000000000000000000000000000000000000000000000000000000000
310
000000000000000000000000000000000000000000280000000000000000000000000000F5F5F5F5F5F50028BE000028282828282828282800C3C3000000280000F5002D2D2D2D2D2D2D2D2D2D2D2D2D2D2D2D0000000028002D2D2D2D2D2D2D2D2D2D2D2D2D2D2D2D00000000000000000000000000000000000000000000
310
00000000000000000000000000000000000000000000000000000000000000000000000000000000000000000000000000000000000000000000000000000000000000000000000000000000000000000000000000000000000000000000000000000000000000000000000000000000000000000000000000000000000000
310
00000000000000000000000000000000000000000000002828282828282828282828282828282828282828282828BE2828282828282828282828282828282828280000F5002D2D2D2D2D2D2D2D2D2D2D2D2D2D2D2D0000000028002D2D2D2D2D2D2D2D2D2D2D2D2D2D2D2D0000000000000000000000000000000000000000
310
00000000000000000000000000000000000000000000000000000000000000000000000000000000000000000000000000000000000000000000000000000000000000000000000000000000000000000000000000000000000000000000000000000000000000000000000000000000000000000000000000000000000000
310
000000000000000000000000000000000000000000000000000000000000000000000000000000000000000000000000000000000000000000000000000000000000000000F5002D2D2D2D2D2D2D2D2D2D2D2D2D2D2D2D0000000028002D2D2D2D2D2D2D2D2D2D2D2D2D2D2D2D000000000000000000000000000000000000
310
00000000000000000000000000000000000000000000000000000000000000000000000000000000000000000000000000000000000000000000000000000000000000000000000000000000000000000000000000000000000000000000000000000000000000000000000000000000000000000000000000000000000000
310
0000000000000000000000000000000000000000000000000000000000000000000000000000000000000000000000000000000000000000000000000000000000000000000000F5002D2D2D2D2D2D2D2D2D2D2D2D2D2D2D2D00000000F5002D2D2D2D2D2D2D2D2D2D2D2D2D2D2D2D00000000000000000000000000000000
310
00000000000000000000000000000000000000000000000000000000000000000000000000000000000000000000000000000000000000000000000000000000000000000000000000000000000000000000000000000000000000000000000000000000000000000000000000000000000000000000000000000000000000
310
00000000000000000000000000000000000000000000000000000000000000000000000000000000000000000000000000000000000000000000000000000000000000000000000000F5002D2D2D2D2D2D2D2D2D2D2D2D2D2D2D2D00000000F5002D2D2D2D2D2D2D2D2D2D2D2D2D2D2D2D0000000000000000000000000000
310
00000000000000000000000000000000000000000000000000000000000000000000000000000000000000000000000000000000000000000000000000000000000000000000000000000000000000000000000000000000000000000000000000000000000000000000000000000000000000000000000000000000000000
310
000000000000000000000000000000000000000000000000000000000000000000000000000000000000000000000000000000000000000000000000000000000000000000000000000000F5002D6F2D2D6F6F2D2D2D2D2D2D2D2D2D2D00000000F5002D2D2D2D2D2D2D2D2D2D2D2D2D2D2D2D000000000000000000000000
310
00000000000000000000000000000000000000000000000000000000000000000000000000000000000000000000000000000000000000000000000000000000000000000000000000000000000000000000000000000000000000000000000000000000000000000000000000000000000000000000000000000000000000
310
0000000000000000000000000000000000000000000000000000000000000000000000000000000000000000000000000000000000000000000000000000000000000000000000000000000000F5002D2D2D2D2D2D2D2D2D2D2D2D2D2D2D2D00000000F5002D2D2D2D2D2D2D2D2D2D2D2D2D2D2D2D00000000000000000000
310
00000000000000000000000000000000000000000000000000000000000000000000000000000000000000000000000000000000000000000000000000000000000000000000000000000000000000000000000000000000000000000000000000000000000000000000000000000000000000000000000000000000000000
310
00000000000000000000000000000000000000000000000000000000000000000000000000000000000000000000000000000000000000000000000000000000000000000000000000000000000000F5002D2D2D2D2D2D2D2D2D2D2D2D2D2D2D2D00000000F5002D2D2D2D2D2D2D2D2D2D2D2D2D2D2D2D0000000000000000
310
00000000000000000000000000000000000000000000000000000000000000000000000000000000000000000000000000000000000000000000000000000000000000000000000000000000000000000000000000000000000000000000000000000000000000000000000000000000000000000000000000000000000000
310
000000000000000000000000000000000000000000000000000000000000000000000000000000000000000000000000000000000000000000000000000000000000000000000000000000000000000000F5F52828282828282828282828282828282800000000F5F528282828282828282828282828282828000000000000
310
00000000000000000000000000000000000000000000000000000000000000000000000000000000000000000000000000000000000000000000000000000000000000000000000000000000000000000000000000000000000000000000000000000000000000000000000000000000000000000000000000000000000000
310
00000000000000000000000000000000000000000000000000000000000000000000000000000000000000000000000000000000000000000000000000000000000000000000000000000000000000000000000000000000000000000000000000000000000000000000000000000000000000000000000000000000000000
310
00000000000000000000000000000000000000000000000000000000000000000000000000000000000000000000000000000000000000000000000000000000000000000000000000000000000000000000000000000000000000000000000000000000000000000000000000000000000000000000000000000000000000
310
00000000000000000000000000000000000000000000000000000000000000000000000000000000000000000000000000000000000000000000000000000000000000000000000000000000000000000000000000000000000000000000000000000000000000000000000000000000000000000000000000000000000000
310
00000000000000000000000000000000000000000000000000000000000000000000000000000000000000000000000000000000000000000000000000000000000000000000000000000000000000000000000000000000000000000000000000000000000000000000000000000000000000000000000000000000000000
310
00000000000000000000000000000000000000000000000000000000000000000000000000000000000000000000000000000000000000000000000000000000000000000000000000000000000000000000000000000000000000000000000000000000000000000000000000000000000000000000000000000000000000
310
00000000000000000000000000000000000000000000000000000000000000000000000000000000000000000000000000000000000000000000000000000000000000000000000000000000000000000000000000000000000000000000000000000000000000000000000000000000000000000000000000000000000000
310
00000000000000000000000000000000000000000000000000000000000000000000000000000000000000000000000000000000000000000000000000000000000000000000000000000000000000000000000000000000000000000000000000000000000000000000000000000000000000000000000000000000000000
310
00000000000000000000000000000000000000000000000000000000000000000000000000000000000000000000000000000000000000000000000000000000000000000000000000000000000000000000000000000000000000000000000000000000000000000000000000000000000000000000000000000000000000
310
00000000000000000000000000000000000000000000000000000000000000000000000000000000000000000000000000000000000000000000000000000000000000000000000000000000000000000000000000000000000000000000000000000000000000000000000000000000000000000000000000000000000000
310
00000000000000000000000000000000000000000000000000000000000000000000000000000000000000000000000000000000000000000000000000000000000000000000000000000000000000000000000000000000000000000000000000000000000000000000000000000000000000000000000000000000000000
310
00000000000000000000000000000000000000000000000000000000000000000000000000000000000000000000000000000000000000000000000000000000000000000000000000000000000000000000000000000000000000000000000000000000000000000000000000000000000000000000000000000000000000
310
00000000000000000000000000000000000000000000000000000000000000000000000000000000000000000000000000000000000000000000000000000000000000000000000000000000000000000000000000000000000000000000000000000000000000000000000000000000000000000000000000000000000000
310
00000000000000000000000000000000000000000000000000000000000000000000000000000000000000000000000000000000000000000000000000000000000000000000000000000000000000000000000000000000000000000000000000000000000000000000000000000000000000000000000000000000000000
310
00000000000000000000000000000000000000000000000000000000000000000000000000000000000000000000000000000000000000000000000000000000000000000000000000000000000000000000000000000000000000000000000000000000000000000000000000000000000000000000000000000000000000
310
00000000000000000000000000000000000000000000000000000000000000000000000000000000000000000000000000000000000000000000000000000000000000000000000000000000000000000000000000000000000000000000000000000000000000000000000000000000000000000000000000000000000000
310
00000000000000000000000000000000000000000000000000000000000000000000000000000000000000000000000000000000000000000000000000000000000000000000000000000000000000000000000000000000000000000000000000000000000000000000000000000000000000000000000000000000000000
310
00000000000000000000000000000000000000000000000000000000000000000000000000000000000000000000000000000000000000000000000000000000000000000000000000000000000000000000000000000000000000000000000000000000000000000000000000000000000000000000000000000000000000
310
00000000000000000000000000000000000000000000000000000000000000000000000000000000000000000000000000000000000000000000000000000000000000000000000000000000000000000000000000000000000000000000000000000000000000000000000000000000000000000000000000000000000000
310
00000000000000000000000000000000000000000000000000000000000000000000000000000000000000000000000000000000000000000000000000000000000000000000000000000000000000000000000000000000000000000000000000000000000000000000000000000000000000000000000000000000000000
310
00000000000000000000000000000000000000000000000000000000000000000000000000000000000000000000000000000000000000000000000000000000000000000000000000000000000000000000000000000000000000000000000000000000000000000000000000000000000000000000000000000000000000
310
00000000000000000000000000000000000000000000000000000000000000000000000000000000000000000000000000000000000000000000000000000000000000000000000000000000000000000000000000000000000000000000000000000000000000000000000000000000000000000000000000000000000000
310
00000000000000000000000000000000000000000000000000000000000000000000000000000000000000000000000000000000000000000000000000000000000000000000000000000000000000000000000000000000000000000000000000000000000000000000000000000000000000000000000000000000000000
310
00000000000000000000000000000000000000000000000000000000000000000000000000000000000000000000000000000000000000000000000000000000000000000000000000000000000000000000000000000000000000000000000000000000000000000000000000000000000000000000000000000000000000
310
00000000000000000000000000000000000000000000000000000000000000000000000000000000000000000000000000000000000000000000000000000000000000000000000000000000000000000000000000000000000000000000000000000000000000000000000000000000000000000000000000000000000000
310
00000000000000000000000000000000000000000000000000000000000000000000000000000000000000000000000000000000000000000000000000000000000000000000000000000000000000000000000000000000000000000000000000000000000000000000000000000000000000000000000000000000000000
310
00000000000000000000000000000000000000000000000000000000000000000000000000000000000000000000000000000000000000000000000000000000000000000000000000000000000000000000000000000000000000000000000000000000000000000000000000000000000000000000000000000000000000
310
00000000000000000000000000000000000000000000000000000000000000000000000000000000000000000000000000000000000000000000000000000000000000000000000000000000000000000000000000000000000000000000000000000000000000000000000000000000000000000000000000000000000000
310
00000000000000000000000000000000000000000000000000000000000000000000000000000000000000000000000000000000000000000000000000000000000000000000000000000000000000000000000000000000000000000000000000000000000000000000000000000000000000000000000000000000000000
310
00000000000000000000000000000000000000000000000000000000000000000000000000000000000000000000000000000000000000000000000000000000000000000000000000000000000000000000000000000000000000000000000000000000000000000000000000000000000000000000000000000000000000
310
00000000000000000000000000000000000000000000000000000000000000000000000000000000000000000000000000000000000000000000000000000000000000000000000000000000000000000000000000000000000000000000000000000000000000000000000000000000000000000000000000000000000000
310
00000000000000000000000000000000000000000000000000000000000000000000000000000000000000000000000000000000000000000000000000000000000000000000000000000000000000000000000000000000000000000000000000000000000000000000000000000000000000000000000000000000000000
310
00000000000000000000000000000000000000000000000000000000000000000000000000000000000000000000000000000000000000000000000000000000000000000000000000000000000000000000000000000000000000000000000000000000000000000000000000000000000000000000000000000000000000
310
00000000000000000000000000000000000000000000000000000000000000000000000000000000000000000000000000000000000000000000000000000000000000000000000000000000000000000000000000000000000000000000000000000000000000000000000000000000000000000000000000000000000000
310
00000000000000000000000000000000000000000000000000000000000000000000000000000000000000000000000000000000000000000000000000000000000000000000000000000000000000000000000000000000000000000000000000000000000000000000000000000000000000000000000000000000000000
310
00000000000000000000000000000000000000000000000000000000000000000000000000000000000000000000000000000000000000000000000000000000000000000000000000000000000000000000000000000000000000000000000000000000000000000000000000000000000000000000000000000000000000
310
00000000000000000000000000000000000000000000000000000000000000000000000000000000000000000000000000000000000000000000000000000000000000000000000000000000000000000000000000000000000000000000000000000000000000000000000000000000000000000000000000000000000000
310
00000000000000000000000000000000000000000000000000000000000000000000000000000000000000000000000000000000000000000000000000000000000000000000000000000000000000000000000000000000000000000000000000000000000000000000000000000000000000000000000000000000000000
310
00000000000000000000000000000000000000000000000000000000000000000000000000000000000000000000000000000000000000000000000000000000000000000000000000000000000000000000000000000000000000000000000000000000000000000000000000000000000000000000000000000000000000
310
00000000000000000000000000000000000000000000000000000000000000000000000000000000000000000000000000000000000000000000000000000000000000000000000000000000000000000000000000000000000000000000000000000000000000000000000000000000000000000000000000000000000000
310
00000000000000000000000000000000000000000000000000000000000000000000000000000000000000000000000000000000000000000000000000000000000000000000000000000000000000000000000000000000000000000000000000000000000000000000000000000000000000000000000000000000000000
310
00000000000000000000000000000000000000000000000000000000000000000000000000000000000000000000000000000000000000000000000000000000000000000000000000000000000000000000000000000000000000000000000000000000000000000000000000000000000000000000000000000000000000
310
00000000000000000000000000000000000000000000000000000000000000000000000000000000000000000000000000000000000000000000000000000000000000000000000000000000000000000000000000000000000000000000000000000000000000000000000000000000000000000000000000000000000000
310
0000000000000000000000000000000000000000000000000000000000000000000000000000000000000000000000000000000000000000000000000000000000000000000000000000000000000000000000000000000000000000000000000000000000000000000000000000F5F5F5F5F5F5F5F5F5F5F5F5F5F5F5F5F5
310
F5000000000000000000000000000000000000000000000000000000000000000000000000000000000000000000000000000000000000000000000000000000000000000000000000000000000000000000000000000000000000000000000000000000000000000000000000000000000000000000000000000000000000
310
00000000000000000000000000000000000000000000000000000000000000000000000000000000000000000000000000000000000000000000000000000000000000000000000000000000000000000000000000000000000000000000000000000000000000000000000000000000F5002D2D2D2D2D2D2D2D2D2D2D2D2D
310
2DF5F500000000000000000000000000000000000000000000000000000000000000000000000000000000000000000000000000000000000000000000000000000000000000000000000000000000000000000000000000000000000000000000000000000000000000000000000000000000000000000000000000000000
310
000000000000000000000000000000000000000000000000000000000000000000000000000000000000000000000000000000000000000000000000000000000000000000000000000000000000000000000000000000000000000000000000000000000000000000000000000000000000F500F52D2D2D2D2D2D2D2D2D2D
310
2D2D2D2D2D0000000000000000000000000000000000000000000000000000000000000000000000000000000000000000000000000000000000000000000000000000000000000000000000000000000000000000000000000000000000000000000000000000000000000000000000000000000000000000000000000000
310
0000000000000000000000000000000000000000000000000000000000000000000000000000000000000000000000000000000000000000000000000000000000000000000000000000000000000000000000000000000000000000000000000000000000000000000000000000000000000000F5002D2D2D2D2D2D2D2D2D
310
2D2D2D000000F5000000000000000000000000000000000000000000000000000000000000000000000000000000000000000000000000000000000000000000000000000000000000000000000000000000000000000000000000000000000000000000000000000000000000000000000000000000000000000000000000
310
00000000000000000000000000000000000000000000000000000000000000000000000000000000000000000000000000000000000000000000000000000000000000000000000000000000000000000000000000000000000000000000000000000000000000000000000000000000000000000000F500F52D2D2D2D2D2D
310
2D2D2D2D2D2D2D2D2D00000000000000000000000000000000000000000000000000000000000000000000000000000000000000000000000000000000000000000000000000000000000000000000000000000000000000000000000000000000000000000000000000000000000000000000000000000000000000000000
310
000000000000000000000000000000000000000000000000000000000000000000000000000000000000000000000000000000000000000000000000000000000000000000000000000000000000000000000000000000000000000000000000000000000000000000000000000000000000000000000000F5002D2D2D2D2D
310
2D2D2D2D2D2D2D2D2D2D2D0000000000000000000000000000000000000000000000000000000000000000000000000000000000000000000000000000000000000000000000000000000000000000000000000000000000000000000000000000000000000000000000000000000000000000000000000000000000000000
310
0000000000000000000000000000000000000000000000000000000000000000000000000000000000000000000000000000000000000000000000000000000000000000000000000000000000000000000000000000000000000000000000000000000000000000000000000000000000000000000000000000F5002D2D2D
310
2D2D2D2D2D2D2D2D2D2D2D2D2D000000000000000000000000000000000000000000000000000000000000000000000000000000000000000000000000000000000000000000000000000000000000000000000000000000000000000000000000000000000000000000000000000000000000000000000000000000000000
310
00000000000000000000000000000000000000000000000000000000000000000000000000000000000000000000000000000000000000000000000000000000000000000000000000000000000000000000000000000000000000000000000000F5F5F5F5F5F5F5F5F5F5F5F5F5F5F5F5F5F5F52D2DF5F5F5F5F500F5002D
310
6F6F2D2D2D2D2D2D2D2D2D2D2D2D2D00000000000000000000000000000000000000000000000000000000000000000000000000000000000000000000000000000000000000000000000000000000000000000000000000000000000000000000000000000000000000000000000000000000000000000000000000000000
310
000000000000000000000000000000000000000000000000000000000000000000000000000000000000000000000000000000000000000000000000000000000000000000000000000000000000000000000000000000000000000000000000000000F500F5F5F5F5F5F5F5F5F5F5F5F52D2D2D2D2D2D2D2D2D2DF5F500F5
310
002D6F6F2D2D2D2D2D6F6F2D2D2D2D2D2D0000000000000000000000000000000000000000000000000000000000000000000000000000000000000000000000000000000000000000000000000000000000000000000000000000000000000000000000000000000000000000000000000000000000000000000000000000
310
0000000000000000000000000000000000000000000000000000000000000000000000000000000000000000000000000000000000000000000000000000000000000000000000000000000000000000000000000000000000000000000000000000000000F500F500000000000000000000002D2D2D2D2D2D2D2D2D2D2DF5
310
00F500F50000000028282800000000000000F5000000000000000000000000000000000000000000000000000000000000000000000000000000000000000000000000000000000000000000000000000000000000000000000000000000000000000000000000000000000000000000000000000000000000000000000000
310
00000000000000000000000000000000000000000000000000000000000000000000000000000000000000000000000000000000000000000000000000000000000000000000000000000000000000000000000000000000000000000000000000000000000000F500F500000000000000000000002D2D2D2D2D2D2D2D2D2D
310
2DF500F500F50000000028282828282800000000F500000000000000000000000000000000000000000000000000000000000000000000000000000000000000000000000000000000000000000000000000000000000000000000000000000000000000000000000000000000000000000000000000000000000000000000
310
000000000000000000000000000000000000000000000000000000000000000000000000000000000000000000000000000000000000000000000000000000000000000000000000000000000000000000000000000000000000000000000000000000000000000000F500F500000000000000000000002D2D2D6F2D2D2D2D
310
2D2D2DF500F500F50000000000000000000000000000F50000000000000000000000000000000000000000000000000000000000000000000000000000000000000000000000000000000000000000000000000000000000000000000000000000000000000000000000000000000000000000000000000000000000000000
310
0000000000000000000000000000000000000000000000000000000000000000000000000000000000000000000000000000000000000000000000000000000000000000000000000000000000000000000000000000000000000000000000000000000000000000000000F500F500000000282828000000006F6F2D2D2D2D
310
2D2D2D2D2DF500F500F50000000000000000000000000000F5000000000000000000000000000000000000000000000000000000000000000000000000000000000000000000000000000000000000000000000000000000000000000000000000000000000000000000000000000000000000000000000000000000000000
310
00000000000000000000000000000000000000000000000000000000000000000000000000000000000000000000000000000000000000000000000000000000000000000000000000000000000000000000000000000000000000000000000000000000000000000000000000F500F500000028282828282800002D2D2D2D
310
2D2D2D2D2D2D2DF500F500F50000000000000000000000000000F500000000000000000000000000000000000000000000000000000000000000000000000000000000000000000000000000000000000000000000000000000000000000000000000000000000000000000000000000000000000000000000000000000000
310
000000000000000000000000000000000000000000000000000000000000000000000000000000000000000000000000000000000000000000000000000000000000000000000000000000000000000000000000000000000000000000000000000000000000000000000000000000F500F500000000000000000000000000
310
0000000000000000F5F500F500F50000000000000000000000000000F50000000000000000000000000000000000000000000000000000000000000000000000000000000000000000000000000000000000000000000000000000000000000000000000000000000000000000000000000000000000000000000000000000
310
0000000000000000000000000000000000000000000000000000000000000000000000000000000000000000000000000000000000000000000000000000000000000000000000000000000000000000000000000000000000000000000000000000000000000000000000000000000000F500F50000000000000000000000
310
00000000000000000000F5F500F500F50000000000000000000000000000F5000000000000000000000000000000000000000000000000000000000000000000000000000000000000000000000000000000000000000000000000000000000000000000000000000000000000000000000000000000000000000000000000
310
00000000000000000000000000000000000000000000000000000000000000000000000000000000000000000000000000000000000000000000000000000000000000000000000000000000000000000000000000000000000000000000000000000000000000000000000000000000000000F500F5000000000000000000
310
000000000000000000000000F5F500F500F50000000000000000000000000000F500000000000000000000000000000000000000000000000000000000000000000000000000000000000000000000000000000000000000000000000000000000000000000000000000000000000000000000000000000000000000000000
310
000000000000000000000000000000000000000000000000000000000000000000000000000000000000000000000000000000000000000000000000000000000000000000000000000000000000000000000000000000000000000000000000000000000000000000000000000000000000000000F500F500000000000000
310
0000000000000000000000000000F5F500F500F50000000000000000000000000000F50000000000000000000000000000000000000000000000000000000000000000000000000000000000000000000000000000000000000000000000000000000000000000000000000000000000000000000000000000000000000000
310
0000000000000000000000000000000000000000000000000000000000000000000000000000000000000000000000000000000000000000000000000000000000000000000000000000000000000000000000000000000000000000000000000000000000000000000000000000000000000000000000F500F50000000000
310
00000000000000000000000000000000F5F500F500F50000000000000000000000000000F5000000000000000000000000000000000000000000000000000000000000000000000000000000000000000000000000000000000000000000000000000000000000000000000000000000000000000000000000000000000000
310
00000000000000000000000000000000000000000000000000000000000000000000000000000000000000000000000000000000000000000000000000000000000000000000000000000000000000000000000000000000000000000000000000000000000000000000000000000000000000000000000000F500F5000000
310
000000000000000000000000000000000000F5F500F500F50000000000000000000000000000F500000000000000000000000000000000000000000000000000000000000000000000000000000000000000000000000000000000000000000000000000000000000000000000000000000000000000000000000000000000
310
000000000000000000000000000000000000000000000000000000000000000000000000000000000000000000000000000000000000000000000000000000000000000000000000000000000000000000000000000000000000000000000000000000000000000000000000000000000000000000000000000000F500F500
310
0000000000000000000000000000000000000000F5F500F500F50000000000000000000000000000F50000000000000000000000000000000000000000000000000000000000000000000000000000000000000000000000000000000000000000000000000000000000000000000000000000000000000000000000000000
310
0000000000000000000000000000000000000000000000000000000000000000000000000000000000000000000000000000000000000000000000000000000000000000000000000000000000000000000000000000000000000000000000000000000000000000000000000000000000000000000000000000000000F500
310
F5000000000000000000000000000000000000000000F5F500F500F50000000000000000000000000000F5000000000000000000000000000000000000000000000000000000000000000000000000000000000000000000000000000000000000000000000000000000000000000000000000000000000000000000000000
310
00000000000000000000000000000000000000000000000000000000000000000000000000000000000000000000000000000000000000000000000000000000000000000000000000000000000000000000000000000000000000000000000000000000000000000000000000000000000000000000000000000000000000
310
F500F5000000000000000000000000000000000000000000F5F500F500F50000000000000000000000000000F500002D002D2D00000000000000000000000000000000000000000000000000000000000000000000000000000000000000000000000000000000000000000000000000000000000000000000000000000000
310
00000000000000000000000000000000000000000000000000000000000000000000000000000000000000000000000000000000000000000000000000000000000000000000000000000000000000000000000000000000000000000000000000000000000000000000000000000000000000000000000000000000000000
310
0000F500F5000000000000000000000000000000000000002828F5F500F500F50000000000000000000000002828F5F5F52D2D6F2D0000000000000000000000000000000000000000000000000000000000000000000000000000000000000000000000000000000000000000000000000000000000000000000000000000
310
00000000000000000000000000000000000000000000000000000000000000000000000000000000000000000000000000000000000000000000000000000000000000000000000000000000000000000000000000000000000000000000000000000000000000000000000000000000000000000000000000000000000000
310
00000000F500F5F5F5F5F5F5F5F5F5F5F5F5F5F5F5F5F5F5F5F5F52828F500F500F5F5F5F5F5F5F5F5F5F5F5F5F5F528F5F5F52D2DF5F5000000000000000000000000000000000000000000000000000000000000000000000000000000000000000000000000000000000000000000000000000000000000000000000000
310
00000000000000000000000000000000000000000000000000000000000000000000000000000000000000000000000000000000000000000000000000000000000000000000000000000000000000000000000000000000000000000000000000000000000000000000000000000000000000000000000000000000000000
310
000000000000F5F5F5F5F5F5F5F5F5F5F5F5F5F5F5F5F5F5F5F5F5F5F5F5F5F500F5F5F5F5F5F5F5F5F5F5F5F5F5F5F5F5F5F5F5F5F528F52800000000000000000000000000000000000000000000000000000000000000000000000000000000000000000000000000000000000000000000000000000000000000000000
310
00000000000000000000000000000000000000000000000000000000000000000000000000000000000000000000000000000000000000000000000000000000000000000000000000000000000000000000000000000000000000000000000000000000000000000000000000000000000000000000000000000000000000
310
00000000000000000000000000000000000000000000000000000000000000000000000000000000000000000000000000000000000000000000000000000000000000000000000000000000000000000000000000000000000000000000000000000000000000000000000000000000000000000000000000000000000000
310
00000000000000000000000000000000000000000000000000000000000000000000000000000000000000000000000000000000000000000000000000000000000000000000000000000000000000000000000000000000000000000000000000000000000000000000000000000000000000000000000000000000000000
310
00000000000000000000000000000000000000000000000000000000000000000000000000000000000000000000000000000000000000000000000000000000000000000000000000000000000000000000000000000000000000000000000000000000000000000000000000000000000000000000000000000000000000
310
00000000000000000000000000000000000000000000000000000000000000000000000000000000000000000000000000000000000000000000000000000000000000000000000000000000000000000000000000000000000000000000000000000000000000000000000000000000000000000000000000000000000000
310
00000000000000000000000000000000000000000000000000000000000000000000000000000000000000000000000000000000000000000000000000000000000000000000000000000000000000000000000000000000000000000000000000000000000000000000000000000000000000000000000000000000000000
310
00000000000000000000000000000000000000000000000000000000000000000000000000000000000000000000000000000000000000000000000000000000000000000000000000000000000000000000000000000000000000000000000000000000000000000000000000000000000000000000000000000000000000
310
00000000000000000000000000000000000000000000000000000000000000000000000000000000000000000000000000000000000000000000000000000000000000000000000000000000000000000000000000000000000000000000000000000000000000000000000000000000000000000000000000000000000000
310
00000000000000000000000000000000000000000000000000000000000000000000000000000000000000000000000000000000000000000000000000000000000000000000000000000000000000000000000000000000000000000000000000000000000000000000000000000000000000000000000000000000000000
310
00000000000000000000000000000000000000000000000000000000000000000000000000000000000000000000000000000000000000000000000000000000000000000000000000000000000000000000000000000000000000000000000000000000000000000000000000000000000000000000000000000000000000
310
00000000000000000000000000000000000000000000000000000000000000000000000000000000000000000000000000000000000000000000000000000000000000000000000000000000000000000000000000000000000000000000000000000000000000000000000000000000000000000000000000000000000000
310
00000000000000000000000000000000000000000000000000000000000000000000000000000000000000000000000000000000000000000000000000000000000000000000000000000000000000000000000000000000000000000000000000000000000000000000000000000000000000000000000000000000000000
310
00000000000000000000000000000000000000000000000000000000000000000000000000000000000000000000000000000000000000000000000000000000000000000000000000000000000000000000000000000000000000000000000000000000000000000000000000000000000000000000000000000000000000
310
00000000000000000000000000000000000000000000000000000000000000000000000000000000000000000000000000000000000000000000000000000000000000000000000000000000000000000000000000000000000000000000000000000000000000000000000000000000000000000000000000000000000000
310
00000000000000000000000000000000000000000000000000000000000000000000000000000000000000000000000000000000000000000000000000000000000000000000000000000000000000000000000000000000000000000000000000000000000000000000000000000000000000000000000000000000000000
310
00000000000000000000000000000000000000000000000000000000000000000000000000000000000000000000000000000000000000000000000000000000000000000000000000000000000000000000000000000000000000000000000000000000000000000000000000000000000000000000000000000000000000
310
00000000000000000000000000000000000000000000000000000000000000000000000000000000000000000000000000000000000000000000000000000000000000000000000000000000000000000000000000000000000000000000000000000000000000000000000000000000000000000000000000000000000000
310
00000000000000000000000000000000000000000000000000000000000000000000000000000000000000000000000000000000000000000000000000000000000000000000000000000000000000000000000000000000000000000000000000000000000000000000000000000000000000000000000000000000000000
310
00000000000000000000000000000000000000000000000000000000000000000000000000000000000000000000000000000000000000000000000000000000000000000000000000000000000000000000000000000000000000000000000000000000000000000000000000000000000000000000000000000000000000
310
00000000000000000000000000000000000000000000000000000000000000000000000000000000000000000000000000000000000000000000000000000000000000000000000000000000000000000000000000000000000000000000000000000000000000000000000000000000000000000000000000000000000000
310
00000000000000000000000000000000000000000000000000000000000000000000000000000000000000000000000000000000000000000000000000000000000000000000000000000000000000000000000000000000000000000000000000000000000000000000000000000000000000000000000000000000000000
310
00000000000000000000000000000000000000000000000000000000000000000000000000000000000000000000000000000000000000000000000000000000000000000000000000000000000000000000000000000000000000000000000000000000000000000000000000000000000000000000000000000000000000
310
00000000000000000000000000000000000000000000000000000000000000000000000000000000000000000000000000000000000000000000000000000000000000000000000000000000000000000000000000000000000000000000000000000000000000000000000000000000000000000000000000000000000000
310
00000000000000000000000000000000000000000000000000000000000000000000000000000000000000000000000000000000000000000000000000000000000000000000000000000000000000000000000000000000000000000000000000000000000000000000000000000000000000000000000000000000000000
310
00000000000000000000000000000000000000000000000000000000000000000000000000000000000000000000000000000000000000000000000000000000000000000000000000000000000000000000000000000000000000000000000000000000000000000000000000000000000000000000000000000000000000
310
00000000000000000000000000000000000000000000000000000000000000000000000000000000000000000000000000000000000000000000000000000000000000000000000000000000000000000000000000000000000000000000000000000000000000000000000000000000000000000000000000000000000000
310
00000000000000000000000000000000000000000000000000000000000000000000000000000000000000000000000000000000000000000000000000000000000000000000000000000000000000000000000000000000000000000000000000000000000000000000000000000000000000000000000000000000000000
310
00000000000000000000000000000000000000000000000000000000000000000000000000000000000000000000000000000000000000000000000000000000000000000000000000000000000000000000000000000000000000000000000000000000000000000000000000000000000000000000000000000000000000
310
00000000000000000000000000000000000000000000000000000000000000000000000000000000000000000000000000000000000000000000000000000000000000000000000000000000000000000000000000000000000000000000000000000000000000000000000000000000000000000000000000000000000000
310
00000000000000000000000000000000000000000000000000000000000000000000000000000000000000000000000000000000000000000000000000000000000000000000000000000000000000000000000000000000000000000000000000000000000000000000000000000000000000000000000000000000000000
310
00000000000000000000000000000000000000000000000000000000000000000000000000000000000000000000000000000000000000000000000000000000000000000000000000000000000000000000000000000000000000000000000000000000000000000000000000000000000000000000000000000000000000
310
00000000000000000000000000000000000000000000000000000000000000000000000000000000000000000000000000000000000000000000000000000000000000000000000000000000000000000000000000000000000000000000000000000000000000000000000000000000000000000000000000000000000000
310
00000000000000000000000000000000000000000000000000000000000000000000000000000000000000000000000000000000000000000000000000000000000000000000000000000000000000000000000000000000000000000000000000000000000000000000000000000000000000000000000000000000000000
310
00000000000000000000000000000000000000000000000000000000000000000000000000000000000000000000000000000000000000000000000000000000000000000000000000000000000000000000000000000000000000000000000000000000000000000000000000000000000000000000000000000000000000
310
00000000000000000000000000000000000000000000000000000000000000000000000000000000000000000000000000000000000000000000000000000000000000000000000000000000000000000000000000000000000000000000000000000000000000000000000000000000000000000000000000000000000000
310
00000000000000000000000000000000000000000000000000000000000000000000000000000000000000000000000000000000000000000000000000000000000000000000000000000000000000000000000000000000000000000000000000000000000000000000000000000000000000000000000000000000000000
310
00000000000000000000000000000000000000000000000000000000000000000000000000000000000000000000000000000000000000000000000000000000000000000000000000000000000000000000000000000000000000000000000000000000000000000000000000000000000000000000000000000000000000
310
00000000000000000000000000000000000000000000000000000000000000000000000000000000000000000000000000000000000000000000000000000000000000000000000000000000000000000000000000000000000000000000000000000000000000000000000000000000000000000000000000000000000000
310
00000000000000000000000000000000000000000000000000000000000000000000000000000000000000000000000000000000000000000000000000000000000000000000000000000000000000000000000000000000000000000000000000000000000000000000000000000000000000000000000000000000000000
310
00000000000000000000000000000000000000000000000000000000000000000000000000000000000000000000000000000000000000000000000000000000000000000000000000000000000000000000000000000000000000000000000000000000000000000000000000000000000000000000000000000000000000
310
00000000000000000000000000000000000000000000000000000000000000000000000000000000000000000000000000000000000000000000000000000000000000000000000000000000000000000000000000000000000000000000000000000000000000000000000000000000000000000000000000000000000000
310
00000000000000000000000000000000000000000000000000000000000000000000000000000000000000000000000000000000000000000000000000000000000000000000000000000000000000000000000000000000000000000000000000000000000000000000000000000000000000000000000000000000000000
310
00000000000000000000000000000000000000000000000000000000000000000000000000000000000000000000000000000000000000000000000000000000000000000000000000000000000000000000000000000000000000000000000000000000000000000000000000000000000000000000000000000000000000
310
00000000000000000000000000000000000000000000000000000000000000000000000000000000000000000000000000000000000000000000000000000000000000000000000000000000000000000000000000000000000000000000000000000000000000000000000000000000000000000000000000000000000000
310
00000000000000000000000000000000000000000000000000000000000000000000000000000000000000000000000000000000000000000000000000000000000000000000000000000000000000000000000000000000000000000000000000000000000000000000000000000000000000000000000000000000000000
310
00000000000000000000000000000000000000000000000000000000000000000000000000000000000000000000000000000000000000000000000000000000000000000000000000000000000000000000000000000000000000000000000000000000000000000000000000000000000000000000000000000000000000
310
00000000000000000000000000000000000000000000000000000000000000000000000000000000000000000000000000000000000000000000000000000000000000000000000000000000000000000000000000000000000000000000000000000000000000000000000000000000000000000000000000000000000000
310
00000000000000000000000000000000000000000000000000000000000000000000000000000000000000000000000000000000000000000000000000000000000000000000000000000000000000000000000000000000000000000000000000000000000000000000000000000000000000000000000000000000000000
310
00000000000000000000000000000000000000000000000000000000000000000000000000000000000000000000000000000000000000000000000000000000000000000000000000000000000000000000000000000000000000000000000000000000000000000000000000000000000000000000000000000000000000
310
00000000000000000000000000000000000000000000000000000000000000000000000000000000000000000000000000000000000000000000000000000000000000000000000000000000000000000000000000000000000000000000000000000000000000000000000000000000000000000000000000000000000000
310
00000000000000000000000000000000000000000000000000000000000000000000000000000000000000000000000000000000000000000000000000000000000000000000000000000000000000000000000000000000000000000000000000000000000000000000000000000000000000000000000000000000000000
310
00000000000000000000000000000000000000000000000000000000000000000000000000000000000000000000000000000000000000000000000000000000000000000000000000000000000000000000000000000000000000000000000000000000000000000000000000000000000000000000000000000000000000
310
00000000000000000000000000000000000000000000000000000000000000000000000000000000000000000000000000000000000000000000000000000000000000000000000000000000000000000000000000000000000000000000000000000000000000000000000000000000000000000000000000000000000000
310
00000000000000000000000000000000000000000000000000000000000000000000000000000000000000000000000000000000000000000000000000000000000000000000000000000000000000000000000000000000000000000000000000000000000000000000000000000000000000000000000000000000000000
310
00000000000000000000000000000000000000000000000000000000000000000000000000000000000000000000000000000000000000000000000000000000000000000000000000000000000000000000000000000000000000000000000000000000000000000000000000000000000000000000000000000000000000
310
00000000000000000000000000000000000000000000000000000000000000000000000000000000000000000000000000000000000000000000000000000000000000000000000000000000000000000000000000000000000000000000000000000000000000000000000000000000000000000000000000000000000000
310
00000000000000000000000000000000000000000000000000000000000000000000000000000000000000000000000000000000000000000000000000000000000000000000000000000000000000000000000000000000000000000000000000000000000000000000000000000000000000000000000000000000000000
310
00000000000000000000000000000000000000000000000000000000000000000000000000000000000000000000000000000000000000000000000000000000000000000000000000000000000000000000000000000000000000000000000000000000000000000000000000000000000000000000000000000000000000
310
00000000000000000000000000000000000000000000000000000000000000000000000000000000000000000000000000000000000000000000000000000000000000000000000000000000000000000000000000000000000000000000000000000000000000000000000000000000000000000000000000000000000000
310
00000000000000000000000000000000000000000000000000000000000000000000000000000000000000000000000000000000000000000000000000000000000000000000000000000000000000000000000000000000000000000000000000000000000000000000000000000000000000000000000000000000000000
310
00000000000000000000000000000000000000000000000000000000000000000000000000000000000000000000000000000000000000000000000000000000000000000000000000000000000000000000000000000000000000000000000000000000000000000000000000000000000000000000000000000000000000
310
00000000000000000000000000000000000000000000000000000000000000000000000000000000000000000000000000000000000000000000000000000000000000000000000000000000000000000000000000000000000000000000000000000000000000000000000000000000000000000000000000000000000000
310
00000000000000000000000000000000000000000000000000000000000000000000000000000000000000000000000000000000000000000000000000000000000000000000000000000000000000000000000000000000000000000000000000000000000000000000000000000000000000000000000000000000000000
310
00000000000000000000000000000000000000000000000000000000000000000000000000000000000000000000000000000000000000000000000000000000000000000000000000000000000000000000000000000000000000000000000000000000000000000000000000000000000000000000000000000000000000
310
00000000000000000000000000000000000000000000000000000000000000000000000000000000000000000000000000000000000000000000000000000000000000000000000000000000000000000000000000000000000000000000000000000000000000000000000000000000000000000000000000000000000000
310
00000000000000000000000000000000000000000000000000000000000000000000000000000000000000000000000000000000000000000000000000000000000000000000000000000000000000000000000000000000000000000000000000000000000000000000000000000000000000000000000000000000000000
310
00000000000000000000000000000000000000000000000000000000000000000000000000000000000000000000000000000000000000000000000000000000000000000000000000000000000000000000000000000000000000000000000000000000000000000000000000000000000000000000000000000000000000
310
00000000000000000000000000000000000000000000000000000000000000000000000000000000000000000000000000000000000000000000000000000000000000000000000000000000000000000000000000000000000000000000000000000000000000000000000000000000000000000000000000000000000000
310
00000000000000000000000000000000000000000000000000000000000000000000000000000000000000000000000000000000000000000000000000000000000000000000000000000000000000000000000000000000000000000000000000000000000000000000000000000000000000000000000000000000000000
310
00000000000000000000000000000000000000000000000000000000000000000000000000000000000000000000000000000000000000000000000000000000000000000000000000000000000000000000000000000000000000000000000000000000000000000000000000000000000000000000000000000000000000
310
00000000000000000000000000000000000000000000000000000000000000000000000000000000000000000000000000000000000000000000000000000000000000000000000000000000000000000000000000000000000000000000000000000000000000000000000000000000000000000000000000000000000000
310
00000000000000000000000000000000000000000000000000000000000000000000000000000000000000000000000000000000000000000000000000000000000000000000000000000000000000000000000000000000000000000000000000000000000000000000000000000000000000000000000000000000000000
310
00000000000000000000000000000000000000000000000000000000000000000000000000000000000000000000000000000000000000000000000000000000000000000000000000000000000000000000000000000000000000000000000000000000000000000000000000000000000000000000000000000000000000
310
00000000000000000000000000000000000000000000000000000000000000000000000000000000000000000000000000000000000000000000000000000000000000000000000000000000000000000000000000000000000000000000000000000000000000000000000000000000000000000000000000000000000000
310
00000000000000000000000000000000000000000000000000000000000000000000000000000000000000000000000000000000000000000000000000000000000000000000000000000000000000000000000000000000000000000000000000000000000000000000000000000000000000000000000000000000000000
310
00000000000000000000000000000000000000000000000000000000000000000000000000000000000000000000000000000000000000000000000000000000000000000000000000000000000000000000000000000000000000000000000000000000000000000000000000000000000000000000000000000000000000
310
00000000000000000000000000000000000000000000000000000000000000000000000000000000000000000000000000000000000000000000000000000000000000000000000000000000000000000000000000000000000000000000000000000000000000000000000000000000000000000000000000000000000000
310
00000000000000000000000000000000000000000000000000000000000000000000000000000000000000000000000000000000000000000000000000000000000000000000000000000000000000000000000000000000000000000000000000000000000000000000000000000000000000000000000000000000000000
310
00000000000000000000000000000000000000000000000000000000000000000000000000000000000000000000000000000000000000000000000000000000000000000000000000000000000000000000000000000000000000000000000000000000000000000000000000000000000000000000000000000000000000
310
00000000000000000000000000000000000000000000000000000000000000000000000000000000000000000000000000000000000000000000000000000000000000000000000000000000000000000000000000000000000000000000000000000000000000000000000000000000000000000000000000000000000000
310
00000000000000000000000000000000000000000000000000000000000000000000000000000000000000000000000000000000000000000000000000000000000000000000000000000000000000000000000000000000000000000000000000000000000000000000000000000000000000000000000000000000000000
310
00000000000000000000000000000000000000000000000000000000000000000000000000000000000000000000000000000000000000000000000000000000000000000000000000000000000000000000000000000000000000000000000000000000000000000000000000000000000000000000000000000000000000
310
00000000000000000000000000000000000000000000000000000000000000000000000000000000000000000000000000000000000000000000000000000000000000000000000000000000000000000000000000000000000000000000000000000000000000000000000000000000000000000000000000000000000000
310
00000000000000000000000000000000000000000000000000000000000000000000000000000000000000000000000000000000000000000000000000000000000000000000000000000000000000000000000000000000000000000000000000000000000000000000000000000000000000000000000000000000000000
310
00000000000000000000000000000000000000000000000000000000000000000000000000000000000000000000000000000000000000000000000000000000000000000000000000000000000000000000000000000000000000000000000000000000000000000000000000000000000000000000000000000000000000
310
00000000000000000000000000000000000000000000000000000000000000000000000000000000000000000000000000000000000000000000000000000000000000000000000000000000000000000000000000000000000000000000000000000000000000000000000000000000000000000000000000000000000000
310
00000000000000000000000000000000000000000000000000000000000000000000000000000000000000000000000000000000000000000000000000000000000000000000000000000000000000000000000000000000000000000000000000000000000000000000000000000000000000000000000000000000000000
310
00000000000000000000000000000000000000000000000000000000000000000000000000000000000000000000000000000000000000000000000000000000000000000000000000000000000000000000000000000000000000000000000000000000000000000000000000000000000000000000000000000000000000
310
00000000000000000000000000000000000000000000000000000000000000000000000000000000000000000000000000000000000000000000000000000000000000000000000000000000000000000000000000000000000000000000000000000000000000000000000000000000000000000000000000000000000000
310
00000000000000000000000000000000000000000000000000000000000000000000000000000000000000000000000000000000
  0
XRECORD
  5
2CD80
102
{ACAD_REACTORS
330
2CD7F
102
}
330
2CD7F
100
AcDbXrecord
280
     1
102
MATERIAL
148
0.0
149
0.0
149
0.0
 93
        0
 94
       63
282
     0
 72
     1
 77
     1
171
     1
175
     1
179
     1
273
     0
  0
XRECORD
  5
2CD82
102
{ACAD_REACTORS
330
2CD81
102
}
330
2CD81
100
AcDbXrecord
280
     1
102
MATERIAL
148
0.0
149
0.0
149
0.0
 93
        0
 94
       63
282
     0
 72
     1
 77
     1
171
     1
175
     1
179
     1
273
     0
  0
XRECORD
  5
2CD83
102
{ACAD_REACTORS
330
D3BF
102
}
330
D3BF
100
AcDbXrecord
280
     1
102
MATERIAL
148
0.0
149
0.0
149
0.0
 93
        0
 94
       63
282
     0
 72
     1
 77
     1
171
     1
175
     1
179
     1
273
     0
  0
XRECORD
  5
D3C0
102
{ACAD_REACTORS
330
D3BF
102
}
330
D3BF
100
AcDbXrecord
280
     1
 70
     1
 90
2070111275
 71
     1
  1
8CE0B48A-A46A-45C1-828F-8698860EC09D
311
504B0304140006080800C649D5588A2B46E719010000A80100004F00000032333937313932382D413744412D343135412D423736422D4342393842303645373633432F4173736574446174612F446566696E6974696F6E4974657261746F7250726F706572746965732E62696E4D504D4BC430148C1E563C7810FC010A827A
311
884DBB6D9A08A2F968BDE8457F80666BDC16B2DD65D3E2758FFE6B7DC12CF4C1E40D93C97B437E1042BFB180A203C00ECE13E84FB6B7DBAE796B5ABB32681614B75E1877092C13354995E09815BAC0B92415E6A42C30D35A2A5AD785D0EC107C47006DBFCCE88630F2A5F38D75CEF4763DFA5310E28EF39519609771B7E1D1
311
3142A1ED00687FE1C3A4E57FA210F21B603E37770FC67B3BDC27D99C9729CF1816A516384F0B81654925569233496855D2B94A5EAD5F8FDBC6FA84A98AC89C092C720AF642A59865ACC68C72C628A914E13A19DA317CCD5988B1E84DE71292C408EF9B7E89D085822BA86B89D033201499F001F82C7A5AE07BFF07F0ABA84F
311
79987113F5297F947F504B0304140006080800C649D558BB1AD0DA2D010000300200004500000032333937313932382D413744412D343135412D423736422D4342393842303645373633432F4173736574446174612F496E7374616E636550726F706572746965732E62696EEB606060F80F0540260323103700495E20ED9E
311
9A975A94991C9C9C919A9BA80214B07076357032B170D475343173D435317536D4B530B270D3B530B3B4B03033707536B074614768046931363471713532B5D435353131D635313332D475727372D13534373670367376B67474B5042A03DBCBA019D37FE8ABC6157B20CD04146B0062181F4C03F940F0C11EA29A8141C081
311
41002C0426541C106CAC2CA046088033B02A030AC2157C6006F21A8018AAF50194E6010A610250382264E08660284CD9E98021862280A91564B406929A0FF62C401E28B6F88038B83CB1243943D7A928312F253505249310F2F6009062D0915774F259D77810C456B0CA769C10B015CC666008706460D801653B00D90BC0EC
311
424631A7A20413303B21A5C429C18A7F3F486FFA94A54E096E4E8E00504B0304140006080800C649D55888E57597CD3F0000904100006B00000032333937313932382D413744412D343135412D423736422D4342393842303645373633432F5265736F75726365732F38434530423438412D413436412D343543312D383238
311
462D3836393838363045433039442F7468756D626E61696C2F302F67656E657269635F706E67355B773CD4FF1FBF73E71C0E67EF7576C9DEF3EC995D46C6A1EC5046649CBDF79E192942562825CE965D8A868C2842C8DE9FDFD1F7E7F138F7078FCF6B3F5FCFD7EBFDFEC41B196891913091804020321D6D7513FC77D8C507
311
0EC3FFEE51B21F068154CC75D455CC028A3EA68992803810109FDDE5D5CEC5521B28A1B422BF80741695D5B529DA1C2D058AD2388BDA9F476F7C2CADC939304173DBF48A452BF8A700C0C70C3D121C1AA15A5270C22E2B9E28763651F7DA0D12CE11077B2ECD0D560B5E3DE2368B1E65C5E1C87384A4CC5F2D9FB8BE39E9B7
311
7C753783A37998F5CEF1B4FEE553463245C9712270880DF339E0B882A6BA713D865F6F384C842D440934EF264F4A304F8DE4EEFA1E2BF5E2D91F5ADD9613D6E31DDB33ED31DB1D7916CAF091286EA3D31B9CFECB78BB0060245B943C4C040119FF780A74DD308BA9D028678674EB5504ECF284EE814DAED07440BAF649BE4B
311
55DA2890F4D73E2D489A59EE54FDB0A85B59F2F52C4858A02705C4815A792B0C4A996A2023ECB195073E115E3E3647F64243A8338F2000BCB58DA5692C7E7C3D413F963FEDF3CF00FBB0F831A9D51360FECA43819F527B89FA260EB63C5DA676830AA3626A3693B23F1A17A0DFFCE3EE164E31B5365EDF0C89EF64D8E38AB0
311
BA9A1117D7C3A0EC44F44F4023095E80BA610DE336D0F99593A88BFC5306E72DF98F7FD132ED95878DF2964EA7E43071359FD83B2BDF9C6B5BDF768F0F3C0FC351199526F53D9460A34511F75D1B63E488178569472C91A94497807A3FD4A390C6558F26D416365C3656DE6E769DA9D8FC73774E1709812842DD8EF96AED19
311
60F79D21B395CDDFE6F92CB4EB962A4668C76990E2EF29798C8941D67DA50F4A5F947872460F1F6FDB794E8A29FD7AC0C0D6E0714339CE258FB17AE8535221E3464A10F29A0BE5EEECEFC5675926A89F49EB14E5711894F6586DB5754EB4D5DA9C6437EBA57DB97A24F8B8A8DB295FFD73266CF57E82694DF5166DDF93573A
311
FE9C9C5EB05F8FEF8E89E0A8917B0B3724DB7BEBB53252581EFC3E38166BA131A3A5B42FE2AD00A769BBFA4458D2DE7822F8C4F63D0B8E21B285AE13325F3410A435C648C9D91FDEB109E73CEDA7BC796961AF79175E1A3CE4C5E8B0D009B0C9E29EFD98BC8E97554E3D8D838424E270F7685226E5AC268E021EDE3522D583
311
E8F20C0BDE2959EF5BBFEEDAB32FE9A3ED0E39F211A86AA9DEBFC68182EDED132AB8BB794442D2D7EA9F4D8BFF52BC4D55BB165124EE90A42D101E67BBBB292FFB4F66DE5BF2300E44546757DA7CEF8932BFC9F92A0707953491A55C5A5ACEDABD9FA1AEA01BAC3DC5A24E22E7C47213493996EFBC369D086ED9397C9BA6C7
311
F9855C7BD5E15BFC8C53DB3D2A4C5901A57ACD2FBDF4D1676E95338B2C2BCE65FDA4C64F5FEFDC7D9CA5AA1FCF11E193F2FDABF0F4916BF13FB916A224380E6462A9815F2300DC49CC4DF8D055CEF76462F4B7A7ACA7365C2707891370BC1D0AA6203C44CCAB47084FEC057F27FFCD57F89B8B9852459798A675C66BD7CE57
311
2CAF71FF7E6D7ECF7BF62CAB7B3F1107DCD04DC55A3F9961700286141C94A4F771FEB2BCDA2DDEE0CB0BAE402FF1DB0100F8E475DFFFC074DDB4498AB7D186A7654DDB1CB680D703D47CEB4E72F8CB13D86A4AA68116E26387B93FD6738779B34FEDB8E517EDF2BAF28D9BE93A1D3A164320E07D42E514725C29515FF36175
311
4213EDE06B079A2E99EB1CA82A02019EADEEB87B9AF005BD04BBCECB14AACD6B24EFBE482194A97DD32400685FF1FEF1544D1B14EFB1E7F08E6D2CD2AF52DE757F35F5E62332EE88EA26417AD5C3E0E319D68F25414E6D672BD4522B278C57D18F0113921C71D96527E091F00CEB15AE23D24667369BD3CEFA10C7549D9308
311
90BA4366F4EBC55F01F746109F98ABCDD5A3EE06619C6AD78AB33E48E4C9BD21BF7478B385EC05C4F8987E2C1BFA0A60EBEDAA0AE0B015C2720ECE180FB6F2DEFBEB822D96338C9B63822183BBF52FB664A7AE57003AABCE512BF77E7E31BDA2E739AC4C131657DDFE5225E900FB56CC01CDE808FA4A9C9DA16AC679656BB6
311
4796283D89812B8F91136AE18EE5EBBAF47A73BE3C153EB5D4CD491B4BFB4FE690A4CF9ABA08C0D8AA64220C438C96EA6CA80B58FE5761E697B3A292EB9FBDA502FA863E49FE694ADDFFF9D62C520BDD1A22014147A0903A05B9B729F54272EF83931FEEC057BFF8C8055C279EAC5C0011804828734024F6CFA319C9CC6867
311
C727184465CD9BB7ED386AFFD96B294A85E3802FAE47244602D8273615952B98C4F23F7EAE4463D9D638EEE374A20959E0FE519C4CFB0FBFE5DD80C2AA3F9DB961D1BDE57E67C9BB47B77FDD74EE3094F5DBBE3EBC1FBDB7393F5116263009E2EFE1AF9A221B2AE234C902BF70E9F280ED23E73908361565964333A3F01D0B
311
006AF32FB21AA1316744B489D5A198E85299241735BE559675130955C902A8ED761FC0DBE337A9F91919AF5CE32AF902ADF9AB2615E00E8A94586BA1A90839B61832FF1BFB76D2EFADE6DB1BA04CCAD3DA649E7E2A0219F592E22F2AD54847EEA8E42271011E9074F8F3DD9FBA6CDF88FFC9FC7E811AD1CA8F4557CE4AFC7B
311
BEDCF0114A48689F20A584520C74DA8127124B767E2FB91A6B186246727BE63C9445BAE02088D58B8EFDC0F1072407CD9B89A13F6303B4A928F593AD489B58E6869325790ADC406036C591729FE14021F94B7796BB11848D463536A092A26F077F94639F7CEEE2A724C66EC885F4A24F8B8A0AC321F8FD149BA529460FAA34
311
E4663C02D41FDF80BCA222D42F0ABFF8490F4FA74C673807C2051D8E467B47B616072860069A9A303ABA9B319D58404461401B0A0F9BE5E1E151C14BC33B32ABE03DDE91708DFAEB15E7C0D593C86BB7D7EC17BE56E57975F077BFD5525F3A1A361D584A75E08CF29FC7B44B2B3085014F3A5A14517377C3F6B8F37E59514C
311
3B12F8AACDEDDA4DFC49BE5710101534CD6FB6DE15B50F11A09472AABA727F0C49D9CB906B158030065F48EB3625E010CEC1D511D0053474B11E6A4F01C0D6EF1BED3A944FDEC70E0DDCDC756C86545910E0DAE3BE3AA9A404574C2995CD5CAF9549226BC94B4F4F0F5F9086F418F6B32346464610D8BC7391D3C3A3CCF04C
311
FC1FB2A3A3170E369511868F14EEA4E5E438CC73DB1F3248AA94B6B2FF33B222FF3D1E7BF146CAD229770158063BCE4F5391964DF62F7E52A7BE0EEA829C9E13C4C147D6F93FE59E111DAB5E4594D6F3CD1AD375EE039930EFE5AF2BB2D41C83C7DABD8C659BAFBE8FAB392CA634F3D15C1D945DB4588D2B0824A4EC928AAC
311
565557CA2F0DAA588CA5BE30B3A8004F7BF005E96CBF891D7F18112A3619FDF530DC8AA64954258E1811789B5189B49B4EB53F5F89F7D37523894F3EB57B373763C91E502F52CC99EB7BDDF933FC324C4FFC2561DFFA7339FAFDD0A4BFBE6D3A8FF9ED1FC49898139864602458968913181918F719CCF5A68B2EE9C1FF050E
311
34E63107003B8120FA982C21B30A874E4F5E4B38D5A8290C4B8D9BE48A0BE31EA995BDC37AC6DE90BA17D259DEF53605D55922FEB1855D915B659FBEB350EE0DFB2F9F766E1C84CC8964B75D08667445EAB966015F63A18A9E0A325C1B3DC628C0D3CB60F767FA93CC65F25458BD23C3B312716E5F40E5858AC06EBA9AB14F
311
95DB99147B832069201541D09A0D856E12C629CF32683760EE855537D1901988D5EBC156676C7DD51D7207CF3267AF1D76C2AD867315E44618015313A98B19941C696FED3461CAA9B5415F918556D7802EDACEFD6B2E45853A9735DFC9DBF7E440F9319F8B6805A973BCCDC76C069A9144E51F187EDCC12FC31B5DEAAF0A76
311
137199B106EC84ADA6B6EE697D4E6A96E007417F4E880E8B1E89B4BCE9D81EF611E2ED8F0C1A6C25F620FAFAAB656A7C42D464880E8AFAB0E0FC8EA38CA9A8AEEAEE3E4648BA4680270A89743CDD3E6C6CBF34B7B640EFA285ABC7EA0A1E28F3CC963D114A80123EE66D0AF7D5380EB41909B605AB4765B709B80859045815
311
7E69BA1378FEC4B48CAF6A730E3BE3C5EF2DD1A5EAF94B1DDE50CEB55DDFD7EE9A16747FA4B223359FB1FCC69E1194892BABB93A1D5C4E807AC0EA2E30180811E77A2291F6E7F7FAA5E0F60215BC6024E48DE436C511F0628B8CA189982D4D83CCA17D305A7E923C37941CFDFDCD93ACAF735EF5F0E61BBD3E6C41A59B2427
311
90D3A3BAC7064DCD89AA2E37214EC839820949D5CAA31E240D2948E48F690298974A96BA9A8432BC90F5071D6537C9666EA4564796B7AFFFA548077BEEA75F63083435074BA182F3699557397F71548383FDA8CA34D99B981E72835ECDA5DDDC151315173D05A21F651AAF8524E88209E2E7A737ED1045800CE3390050BCFB
311
8BE588DF111617874C62575039CA588EEFDEFEFE319B739DE2EDC147092A262611E159650E787917885EF08F1F51B8F2D8A71D60B58B190FEF9541A1BE94BC19FEA50784DA1419FE4B0FB51B8D36B5FF8E1286FD8AF42B91E59A5F1CC4D60174E764045FD8C57B18209B217F89A62252BD20BE0E63E12B8E8F029FE19E0E8D
311
0870F58721A557082250D5424F7909369376E41666C0EE77CD87CB283F661D5FB6D0DA023CB67320A20DC7BE661E9E1BFE5463085C557DA1FF9BE835733766C3D139F2CF9E2208873AD0EB4814DE9E6BF2CAF81614D4D43906ED1C05A3265CABBFE192770FC2F64F940CB6B17B5F166F133C9AEEAD2641807C3E69515171DD
311
74C4A85311513D6EC9530B3B601B6BA3EBFF3B5C3D2F7D69765141E345F75433953D013ADDF8F6AA7DC3F4A7563FE5C7D367937E2900D7EAD0F9FC9A4A1A9B5BDF1FEF08532660C01C5D6DE22199AA774383E306DAB87E301ABB7D213887F9869D4942D0D71E94B27EDF216A318BD488D45DF84529EF575AF3C3938C0AAA02
311
15B01994153E2054A0B894DA5C784980633AAD48576957CF4AEAEAFADC7C587368551C73DBE1E57C58AC713303A8BFC258BD04B51724459FF9E24C03A81E0E0679CEB9B348C0DC998FEB9C6D6EFA77D247CC8F92D3848599ED89A23218D0636465AD1CEEB7DC140D7426F83491C4E8E8281C2FB35240918FFECE880CA2A42D
311
70E8B20B34DF5221C7DB0CF90ECCB9C745B37A47E9B716FF7A97B7A252C1F3814DC7B1E1A7F72B8751D524EF7CAE45B0C73B3BE7D08ED39781B380DDFC9AA4A4749C9493DB5BAD07A6EA6C092FBD0E85DB004DF06B8C9D3089C5320187E4CE1846158C7EA7DDAE8AD9AFFF21AA3A1026BB06A259845E8232DEE62811A4DA9C
311
EAB3A4887320B76E2AE5615EAB7BDF738CBDD01F1E64064BC13D9EC53576751CA8CACD58B3CEB0E6CA585BD089B2A59B9FC101403387AADBDBE70586B93D64BF3AD4453EF9C3B6A93817E8346991798601344F79A83C51F3D50F7BF2683A3605F51A72449489E0EE6169C749C60B1035651103AEE24D24E51A759C840DD3FC
311
6504DA6FE107510E447B43461C79D22970B75DE5E1BD3007D1AFC619A4A4A69B5626AF5E9B8374E20677F77E2F8E73DF868E8BEC7EBA7B6A75EEF7205E1AB9486CB642741D6E03FF13FCCEDB1C4AC129886268B01CDF4B124AF797CF784F3C6DEC97A17D4B558070A0F1C04DA4FF9BDBF34159AEFE958479824B3F58EBD1E1
311
9088A2AFDE501B6F2052368A3FD0E650A179EFAB1561E1D27527077136E652676C3670F42DCB3352F48F6BC86D2C3B0051727E41A0A4DC6CE2BE9D47F5CAA2935A3C0539AF080665997194ABECD723B08129CC5B6B21D2E7D54CD4D12610E7E9FB8306771A89576C7A982002775ED44F3F744CF21EEBB27A631671D921938A
311
AEE3EB0D19CD1E083727F607823E817BF599DCED5394E37EEBC2E88782E638920CA641EF74D4CDFCDEF06F4278ECB18E31E7E9876F2D783C8BF429C75395F57E98C2B495A3DA077EB3AC3C158608B6B57FE3EA48484D9A480096FCEE0DE880950E7E5A5714131C5C41AAA29FD19AE81AC145FA1B9E85C7169A5AB837B21349
311
3DF7E9AA4B5FBF9CDEB36EBD21EF1181B7CF7366AB2A951D01E37AF4EB835D1BE8C117CFBE7625D2EBCDB0B20C5A4B45CED0BCDE3EE8DA9DA78C2E21DEAAFFD1197E463C33CC6A80FB785669B856EFF7A8CCCA2841B5A5369173320B1170C368B2748D81062EA0296E5E2D95D7667A4A46D98A6FF475C76AAB0A8C8D45E226
311
FAFC9FE0133EA9F60111F99CA81ACE03A1D14C89E8B0D69079C91464FA1D99E651D0EAF606F345C42A8A1AA9BA391031582B96D5B4176A77AADB01F12FD298A75DEEBB2C82F0B8650E880722F8DDD90C56A7A058E5FDEF1AC93545BA27367C76F5D8F9690CB6F8DAE141EDD7971F0FB548A2AE435F224D6E5954CA155512F7
311
332029D5A1230854B79F258EC5FFDB09F5F6343A8EB193229B7F7E79B3E48F8E183860B38C8269D1B53738FF1E0BACF6AADA6D4869E9DE708E79B5DADCC09B1BC76F649731CFAF59A83FD8BAE4C749D66FA87A3810D4D62FFE826FA400C0F325D2BC0F3CA35F5847B82A2ACC7961745C823E4D863D54460AF792CE6F79B5C7
311
A33B25C3AEA6CDE15A919B6367D781E9D44F61BF828672594A3E1D9EDD6DF179A81F27EAC05B936575D73E05C209DDD2115CFB705DF9BBF3C911589B3640735E9E618FC9C36A7326C82B2205E244C55D56FDB9D5DC93CE958D4BF8174D2B3DA54CB3C09F2C2A6DFF73D23B2197355761AD421EC581284A7EF8DE2CE3497C0C
311
804D49B41DFD6A7360844E5BEFFB495CFCDB97A4595911CDBA623274CE852B5E278AF0BEB1770E9D37CD977B2766A7DED0E94B840E1E95E8C77DE5CB6354AF7871427C28ADBEEF7BA0A28E19DE9ACD75F379FE373EAE6DDDAE3834692F9C2B03B4FCA8FCA9ABE8EEEBEBB725B88A7C90941E850682CA04061A7DF0CE82ED49
311
BFAFFD42C309818FAE14755CAAE78B0F73243ECCCAD7DF58FCB9CDFAE7A4D3E6671A613639130D056C8383C8F4FCF4808C331E544DD26E4755D09EA05253B3049A1E32587CC25D72E073E2CD96D04A71BBCB0038FEC3F53D254199C3CDC67CD66640269431860225392B2CB3ECD0B4498AAE78BA1994246AE1EE78F2EDFB79
311
F6C6CB6B5E279C4D373FBC21CB2698C9ACBBEB6A4BB6B39E16AB0E421CCBFC7654D81ED86022F9BB522146F9F4772E2D0E4FA70120C95A85A417BF5078B232F4754363EB1750B2AC2148EB46B1EA72AD9B4D23ADCBC589D70106C3EC2ABEEED84DFE28E718C6C83502C28E9FDD3B09DA0A6F6F7B72B706A31C9E2A331EE70D
311
A56A083D2177BFD63C55B11D8D949FAFCF90B23A1E24B9B5018B9A17E99F2890EC302F330FE7936E2C23F0D237EC8916F5166AB84B62A21BB0B950146962D754F92CC2C8877BED8FC7B7B25726DD19545392570B3A2C66B58F027BEF412E552D12A588C4A3CC5C3193FCB3485EFFF700D0B9EEC077754A33DC1FB9E25AF814
311
628F91DDFECB667D3F7690803F38D13F8AE39353523BB08FC6760144AFA2CE28236F65EDBB3D5F59A57D612B99E3D7E5F8A851666BF9B5A6658EFC96EEB37A378ABB0EB3FDDF1303AF32C41BD1C8560745D7BD81066B0D6313359CF488563D3BA3F8E2185D1FAA3EBA1397C9D0E3DD232180A4DCADB6AF25DB3AC3CC26589C
311
8239E66E81547BC7E2F328F9884764CA37EB5DBE390DFC03A5246B456A7C3684C4377D0EEF9A350680FA9A077E8B2957B489E09AB1AD41316944C2254B5984830F691C93CAA767EECF976FA5647538830B5E63236A6F0365C1E0F3E327F24FE35EDDBD7360B0F7374837409F7A6311BECC12B7026D4FA1AE204FA3F5FE904B
311
1F420C7A9044AE58E403E7C4848E7DA25DC9EDAC79DD756FAA26B9EA83ACE8A214A2612A22AFA19DAE7DBAC5F8CDE1292A485F98DAC731A29FE01A3966E96BCB9FB5A4C8830E1B9AF0C54B87FBE221A097036E5D28D1F869F810C06A9BB0AC0612F69AEBAF893C6E7AD59460208BAB3A6B09CA4F6BDDAB8CF0D1F84B724874
311
98395A70DCD754796E271099A567A55CF242BBED64696378BB6CF25EF0FCDB589F3A82F1116D010A9AB9FA4358809EE0C973A2B4229BAA876A70B03AB49CBA7FBE71DB1832FFD32F9BF2C8E98075CACAFB36921235D0F552B6A67E94E094097A5D7DF681B40623DA535ADA7A9AD8E9A62407D7C9A5AE51D62A17A83A23728D
311
E86BB56115804D3F2675F2C6B87541A0FC497BF0CA86420F558C9859EBE9FAD62747E323E3AADC03FDCDDFE7407B09DA90B44E3185723C5381EAEF589765E2F7A099BA46695BAD60CEF3491B8A171F5F56444F7CE9455312C3498C74173AEA0214EC029833B34B650CBB5A5508D5091665309642791708ECF27CF11DB3D797
311
D6CFE474453BD4BFADB768094B2147814D81C7CBAF8228DCAF5564B5891F5EF6A860EB2E323CB82AB868D8EA048880D63B0DE5341F1B3D53297B928A11E15F25E5148990F710747C3509ED14909C552EBE3973246FCE55D00564D8310BC3EBC5085D08D806799B77D6C57FDF5E55837F9E934F09C03C729271B64F12D0A9F9
311
E938107CAF7BF1EC8CF1BB9B42363D33070F4CACB425E605DDB0A34A12BB936DE286B9887A4E2E558F0886498BFF49C311D96C277CF6A9FC0D75AD0ECC5226D7E0E3572012E56D7FDE4410CEC7A6D0F997F225A2055B8B92E3956E875AE4993CB3D4C9063AF98FD45E1BAB165640A43439A2C9181A7C355B297C0A0CCFFAE1
311
9B6FA3C2BA238A885FBC98B8F6DAF4B94B97304878DF4D8BFF6A4AEDF79E90ED4E68F00CD7299F4E0D83E35601AF0CBEF18C1E870E74758FA91F5131075004DB3CFCF09AE1DABC11957FD9808C92E8A678CE9DBE40DDA0E0D1D505AAFBCBA208232BFB6FB3704E8985E61ADE53DE74152F5C7DE74B1DEDCD37DC3E8FB30D7E
311
BA8B9EFFC3606BF90B8D438279CB7709FC7C00D327F41817EEA71CD9E49FE9C8C9A81C70915D9F0F15958EC5AA4C3BBFAF46986B90F188BDB24B89DE3C6F29EC3E6F66D84856EE96A35E657CA41B41EFD8DBFA16AD6E91439EA92B40B21C053249F51AE50EB0B24C770FFAF40DF12C8436366819C48E36547D4E7B72FE2BBF
311
10828583057814A668BDF183F6B2E58DFB151103E56303E63D00F39C27C4661605DB644D19175D02E3F0241E8FC3458D17AAAADB117CE9EEA690D0DB01E634878C04C2C9310B69FCAB831151E3AD293BEF6E46B0ABCECB50F5939B39C613D41E81FAE8D34CAE3C4566B761D37185FE864AC32FCB71AEF39DAA5BAB88609BB9
311
80CD2F07A8F941653B529567726E2B2A58D079DD57E1E5E31426CF184A04D7B03B985F276D47406AF276FE32E3328BA866EB1FD39BEF57863A317634AA5FE467409B3873F5069EF0D71AF00AD189D17BA1974ECDB2D623E9E14086386A6AAB5807825C37B015BFE892AFD154920EC437EB945D958E18622E1E0FE2FA06557C
311
E4BB9BBD05A2D40E774DA2B65473791E314B7D6C886820B2FCFE4AA272B3B8B15E7344A145E8AF919B5454D89D36D413E87211186BF6F645E5EC94DCCE8E1C799022E4EC9BC86D7A0F2AFB1FC4B2CE48F84B3F49ECE65BAD24CADCC07EFF39AB06BE9E6B27A059938EA7208838455383DDBCFCD967DDE4650EF92A14FF933C
311
975DB20BD7FEEBC4487576485963D757D16340D9599FEB362F775F38CA4185A86F74B629C81B133644A3B18FD056E997E0734F9BE26D11C0AAFC669E2AC9FC41D281F8B2E1C35AE27BCE05F3DA295488096688719D974DF1B5D182DB7792288697F8763CFB43562C1CDEE11C4AABD5C22B6E33F6F389CFC3477C5919DC0D53
311
3F8A7A1846B7ADB60ABDC26C43D0CFC8910B7C15EE22675BD02702ED39DB77A87A192CA7A543E6205B979B9F5A6B512A3CA799E198B2D5797C0AF8D1D872CA455D4D431A7879D4DD76110B5FF7F4176B54477A9EB5E4A5D11214FDA585F0382751D8E2582BA5D2075053298FEB8F1537304E32CB22C2E2B693DC0A760B1DFC
311
A751BDC445AFDCBB12820ED85F6D5298933C7EF1211E9E057684056CDA3FEF3BB6052355E162DF27C59E965A8DDB7F9437EB72CDDA3A090DE65A5B2F50326247B7EC67B73ACC7047FC9B353D6EE990F772207C6EC52B39DC2F3C0754821DAB559F7C1809C7D0DD5B0499D0442E0A6E391B3D5DB46D11E731E6794EC77523FB
311
DAA242ED67F9FA1FB684255671F63C9BCFE6E7E896D51001A6113EF2298BA494E0B0980D1FA5B9D60796554C02256B1E0345FB7C6186B6A19D2DCA270416262845FA4F42DB5D9B0A0B6F07FCA2E56C242522E001E0CEB734AF310FC8BFB57E38E03AACE93B3326A2197891E68452B26A6307FDABFEE0223D3C03C3C73D2D5B
311
C054C8311F12004CAE488E5C29287F8156A2CAA4AD0D7BE6B97264E4139F437CE73ADF52E5134C52B819777C18B323A5924E4F67AFD13B1CDC3A61793A79FAF5C0CEB718E441071E797C6DCCB9EFCF7E4A1E9F3DF3C2F9C9E8294E9586868788C972857FB0556D7A26941A7EEB9B580AD78EC40B85DC906B4120A563CA3B87
311
797ED612D3B035962BB75F6515A393F4CB057F564CDF54F2E5A024514E6A1F901DB80C7E70B1FC05E356A7E72FABF4775B3E3FB8F70A2A8E7B6A94542BB304157978CCC999E707A29CC795E67A59CC546A5D47B368954CA7B6E75EC9E1F6FC73CE3B4F71F8CB1A6B15923D61EAAEB14626AAA9D04A26EB9C66CD1BE86CA31A
311
5D8703DE04CD1EBCE4F5CCB62F93909AD11E55799A781A956ED27D3E738F4538CB04ADABC7DAEF20BC35BA6A90BCC1DC61BA05F20D8832FFB9BC9B15E2DB838A0AFBB7E0C82A562127E0446894F427794C3037186F622BF24DE1B00AA10A23BFA47B2A180D6DA5AD6F7326FEB8C100C2D7142EB2A0B2A9D1008A09BA343D70
311
E054AB69E2A7EDB783CBD92537FAF4A44D1296AC2792729104B3276C276C951D0CF3CF3F1E6B017720A7B8505A5FF9589365979678C36F1BAF759EAF57C60F1FF5FE9DCF5F8E764FF25A2D06CF25117A8FED51884C13B2B750DB0E4F5E3D64124FCF11F0AD8F1CC3B3DA4B38ED22BF1CB2585EE6BFEBBA63FBFD44F9537B9B
311
37BDD6B358720F98A8125AED4349CCFEB0E135F19E208A04CA7E2B10711185D72E381F448036EF57C9F874E54A971CA37A639E986AC0226DC5AA00D5B14FEA9192234B3DE617814FC221C92F33F1D392F297731B567FD98FD91D989379AF567A65B8ADF177591DB90FBEA99BF4ED11B16E50A0AB1DBF1156D034BBE04D69D0
311
8F939D8E92BF525A1DDAFF80ECBC95D8F45D3FDD289FD23F7D8B452F8EBB34EC082DEEE68E18EDDF072060FAD2AB1504DD4879BF67099FC58F6E9DEFBF645D16334A3E9A127C6F1AF6132CF287E433B43A0EE93812B4AA0B194E03EE3FF91EF9C6ED0074A2F6EB18A96A7C9890B1FCDA1F2095E944DB911ED54C60DF16FB74
311
C8CE9BDC7C54C4F14078CF73C2FFF1F1BBCCD7CF64F71407EA1683DBC410D226627F66E509060D5C0AFD611DE681D509DB8DD12FB1265B03C6F5C55FF4C30BD94187FF692B4F152982502F193098A789526A038AB529A52BC0DC4FB6285CBAC10A8B8DB75DCD9BDABBB221E27D1F8DA9F5EE5926A1C8AA9BA9BC09239C6A7F
311
12914EA3B59EFF7AAEC3FFCCE56F1C5C2980AD072793527565E774F4631DB178CEEC691B1F367BEA0CF2907E1D6B854D527065979DDEF002D8B2ACEA7CE21AE297737EDE1D45B31233B73FEA35BCFDD0B09721FDBAF6432681F2FD10C3E9EFB246FD6E854B344ACC9D8A0EEF876A7314B49B6A499FC650B099D650DBFEC763
311
8ADFD245E2B7839DA5AC5F7D5623FC0ECEEC8653FC9B2BDD1AD4D00A566FBA7186DD3C9CD26512551637498CADB950FEC71ADB9A5524285DE328B8EC7EC75D2345AEC6A27C42AF6D9B92155315C80DBFCABBB7DA0FAE425C4FB896B15C9BFAC4FE67DF5A23D30C93DA4D8F36FB15D100050DA6062E22AEC5F4DAC4F6FEEF97
311
AE05DE63C6D38F9E068A20BC5E3B6BCD75320C5090924E7F93640A7735B1A43451C2D91EE62C6238B797349E59890AF3A520DF4A87095F3ABEC2E61F0593416CE46CDCBE0E00E2523FCCD04408588B5B6C9DB6459C786CE378770B54F51DA3A5E1DF2A3349BEAAC234A6CF8993B598B3B25B4B113E353A4D750FA753474943
311
0F3EBF2512E7EA3FD43C6AB9A1F765A58463B306721A15D224FAFE8C6F5E3432D57EE697DA0DD5A9D4866A8BCCAAA9DFF1F06047851408FEC060471D0E3EB86BFAF46E4B5E60311DC3E3CEA147C75CF971BE74689507154FF2D2E92F15CDB2B9182B11459FD8ACAC5A85F174BC94A7F4EE4C4F5CAFA7C02E37BF0BC77B7DCD
311
0C047BC316F562A01A441AFA7931CC84A28CB9F4AA367EB515778F29BFE61195FA671F4352E5E46E3A64773F1F76EE5EB36D7BCE9BCEAD837A4D77F8DB8C92AEEF6711920D7C7D0F76B0FD0EB7AB83724CD35BCA7D36DDDF5FBB7FF6F04A91F3E2BB3B8F1A43CD659639507FF6331C5F697BCC782AE57D757A27D97F1AB9E0
311
AEDB43F92F1B2AACDF5FEC8ADBAF9F814E2027003BA2F9E144B1938A7A04050AE5D953B82C45619165C813A10E76DD6906B3C16438064D14CDA713AEC420034613E1AC7241904A49FBF87409AFB1FCB9B72FE7933A87D8FBEDACECE4EDCF6A4FE9FB94D5DEB74FAB7CFEAE17EE965DF980DCCA2D04134994F9A2E94D2265DA
311
4FE6AA7B7AC15FACAC2B5ABBCD7DFF542C5314FDAB2E1B9D8B65220B8E2B638BE008E8DCA22678C820C5053664D15E89F2D735B51A84955E81A443545E9FF787BE0FA700A76D136C27DA179A7C6E8939E01BE756E19CB292798063D8B97F44E8A27BCF3A614FEB8BE974A718E86F7EC99B53CA35FA24F61F2B07266684623A
311
3D4CF073E511F3A10A8FDAFAF0078C577F4DF9D339FE7862E5FA47CF4344209E5BF76D783B1B48E152AD281B15FCB934DCDA49CEC5706B1EE8B460F435324A5CAD154725E21AB8044B75A557A79F6C807B9340AA3D92503E866F4274412926C8C504E4D5EF8C0E68DD0B028781A6B4054F11CF18941F101C57CCC796773ABC
311
8DED9CD91FE5788806C05E548895354AEAC96546D55B0E94A59F148D061F42AA398D822CDECA4CDE79E13469BDCC44FDC990F366BA5978C15F97ED80CBFD73B0CD9B8B83A4F6845BDFBFAF034019473FB9A63BD55D3A4A7284757071574029A4D016DCCBE95DD679EF3C4880BF169422F8C89B68A988D2B13793CAED4F74DE
311
7486C72DC94DF46B8E93D8E02EFCB1FF9B3BA10C8AE7F653DF94F4AF466CDDCEF5776687F7C4C14B63E4EED1719DC2EC482D7DBCC7AE518CDE3D5FF86D39000EC3673C0044E1D308BF05F74D1B5F033A7D1BE7F74BC55BBE3E4A20F920946CA0271EB17BD2B80E5660ACB8A29A79F5E4BBA49D4D945B6EEF4A7EFEAA65E555
311
5BBB57A7E15D2F83C69F30BBB978D2B39F1F26FC097424D39BB33CA3D87ABF64E307938B685BAD44F71556A30B7E712CA4FE600613C3E554B69ADE949A7CFE214DF1FFF05CB82151EC6FC31950239F94CF7AD39DC473F6EA356E5EC2C4EFA04383CEFE985A127484366FBEE3C0EC4FEA363E4F6632AE781392FD45D67B63FB
311
8DF70E82734F431FD3443172A0E30A83D60982D55FA6A2CF86DBA8382502ACC6CDEF3B907982EED1160E14863FA242F9757347E1544275CCDCF71ECD5F8621CBEA326B8BA884AD7F825781923E66971F04010D574C541D8427A438A37EEF8AF88240EED7362C953F5A81DE2D56109CDE2524EA0F5D2F87308C0C47BD97AD60
311
5878AB8589E17CA83930CB5E0DCCD75853D68B1AB136594926DE426C367428E9334AFAFF90ECE221BB5DC9E5BB53D2CDEF954EAA9CD814F0E5725F1965DD458E5F8487683AD86B9D0076BE3EE91EB1CECC5331A67A3F79D8B27587C12EC2A6A70474749F27B4C0BBAFB94B34189E88DC18964BE4121B9137FD516C7755356E
311
50D6714E31ACD222621EBBCD1CFF81D87479056A9DA0E0B8EA19D24CF937DA89F78E8650CCBDC110AAB6C4E46DCBFD0446BA9E2060E81F314AC2031E88135E5476AC0160EF5C0DD2EEF1B8B5CB2D198BE9A554A9093B5F7D7E4B5407DDFCA1D9C152FD97F55BFFFDFE802954DFEC8995B983E28AC92F1971E28F531DC407A1
311
280EB125F64A72E617EFB27DFBCEDCDA2D6F2BDADA36873EE46B9BE1782998C63DA7182BC383FB6FD15DA472B175D7E8B4FC88F38D6E07FEAA3FA3CBB8F6B449ECF14D2175E5C5CCA3A42ABF24CA6C9395AF74535F4DDB38CB84F56614B0FD32D7E19CA5CF988DB4449C40E23DF2B16772594554579094450F56F253CD25EA
311
7F77366FB1CFE79696C428BB64D5A41E986189427E5E4D7E2DAE3D5BB4972B3DC44EAABDDDD63A2264ECFA5C786EB0EE1FDC5BE34FA0F08376869FD1E61EA06CAE15191135445EE8F0394161C3266A596AA035572BB0C8876180D8B9C77D307DF9DCDF7365ABDA6F3A2366436457A4DFC1F259666569A9E4A79C817BDD5610
311
E5200FCE894A358EC72858D50EF67545DA81C6FACE3D457BAF70367E1E6BDD9A952FB4F56247F58F523B97E640246051A72F79BE42FFA0B3187F63097F91C48B868586F714B0EBD5A00A8412C1236E1298F60C72BE6C96B82B404CADAA304AE9F303176B14BA53FBC2D5E86377E35542019E24D97B96A49B2C0E5006E77959
311
54DEAF5DA58958839043C6C70BD3B1B33B6DC5C31316D8A6923F142E26F6711A2258AF977DDF1F970ECC4F1F2B434B96D81BEB6E89BF3BBB3C7C8CC80505070723D6D7D7D3C8CA27CA164A26024FED94B12A86031867241DA53D929636DA600F050BC40CE48B8BA03D69224720DEE2ED2127390BDF5E6EA64527BBD4C4C63F
311
A76BB801FEEC0E61218EC98A8A86CD8313781617877E66692839B9468CF4DB8E50A73986E558E309C0D6F676F921BE02F1185454DC75B111572FF9D27D85EA14C05AD7271225B391C4275659CA4A43759D0BA44639BE4C30A84DB7F67A41399FB95CBF923B1B1672ABC807C1590557FB18D811983FA97F5E609516D62281D3
311
8B1281F68FC75528C35E4CD7DF0F7DBB5E5DD69C414EBEA2F4A5B241B996BA77AE6C772E367408C633EA3E438B68563EA8BE7667F3A4C4FDEEA52ABD78A2820F443B7914A15F180018D231E64519C56A12F6CA7C8DAE18F06F6B769DBF92329EF6A5D18FBCE600F36BD8E8198DE5CDAA96181F3A756EBA5501CEE58F497EA4
311
F418A2B82565B9BCC611713C0B708CCA1F398B78C5F7D03B3437CC18F13061F55C7BEDADD5ACB1DB0E36D3CE47FF6EA1A563A57E9649EA5D14D1A50EAA457463381C073777EF1600607BAF6428A7DDC079D47A204EF1E1F1F0589FB054D45E02CE623B3823C317C601E589E22B1E88B448524B86A82828E32345EC18AE1721
311
4B42F8C41C6D428016D9BA31DDCB47572561E5A402E5BA4FCE55F78AF7268524AA04130F3A20BA5D1E9F9948EA48FC8F5314FDB35E21898198060034ACE5E3E2BBCA34092518F275190AF65F45867FF0900AA4B81F25427414C372BF51DC29AA855C5428EE1EEDD6B849AD60F6E73475C2D2523F8A2772C840A478DED18A8C
311
5C91B085F255DC4F54EA7AA8947354FD17ECF8FB3B4A0DE7B483CAF3A1165EE05BBA413E5C1FEF3DE1D6B8F2F3F3251C17D9FCAB48A9AAF63AC773A0E413BBC46A9ADF84A566FC920E4D8C52C9769EE3301CADEEEDD92B312E02E2A7E35B7F1E7D203FE5A7D75578B06E99D0E46FFADB8FDA17ED8880390DA29094202D6F64
311
5F76F6F96409CDA05495A96E84B04A00D1A6C6C81D7F3DE9376E828CCF144EE50E364ACCE7237EA0BFB5607ED1AC3CFE73794E5B61739D14DF1743441B1AC98F00ECEDE9E7301FA29755FBEFA68C91EF2B314CF510537EF1ABFC9A762496280B546F5EDAAF8A5B387D469FC9A878A92828C88608453ACEC6094DCA54111E7A
311
D5B2663DFE2DD151B7F123B9F4FEF8EE36AB125FD7AD52A59B1B765B3E3F73E3F73DEA93875004D2AFFE3CDE9493B87A9904DD052028949041A91DC0E1BA47BA714343FD5B25E0A6A09503AFC17C790058A836A324FE31D7893512E28230332F153181C1E018E1124EBE1BA262AA428A518237D1EA7275E48C5C561BD19ED6
311
912EDD8367DA0F31E40EEAE9683DA9257525AEA7B632B97119E17145A90231768A4F3B9120FF32E8319B015E3CBE26F1A754177D8185345817C096B0CE443A955D13AC15E1FB5DEEA0239EC32A3C92241A237B0B02FFCB4F93CF2B02570C8D192E2F2A68CEEB42F12E6F8CEEFF46C251E22B4341C56FB08CCE550E7A9D6F4D
311
6564B9EA52A83D5BF2C6E03FA19D2775E15A8A7ACF30A13C259EE7F5EF2AC3BA354F1500E1A07FC63FB4686E2F12EC69719F9ECF5FE3F35598DF2CE944008CE78F0911BA5BE5D0A34E0098FF038669C26030BA9B300303039852A8F6F496341737CA7E0D2E3AAA36DE0A70AA7D9CA0D54D9AD84B18A44C9E625475E1C97B93
311
BEBB38DCE7D227E67A2D00F531436136355F243D1FC0D712C5765754FA22FCFFAE97919161F46D6E61ACB37D83777B385889770B50765B127768443A5C4D3A4E35A3151111F146B7CA116F918A049F1C272F2CD7976C69A0068773451659A97E0F4A08FE604C3FF6CE7385DB19F4D3ABC8A0D80DA8A42096AC377DB49382B3
311
6E270B6FA7570188B4B7D1DDDDA82ACA487CCA5D38BD3BD039ADBAFA4ACFF27809239B722081E2EB9F145320553D183F28471C388BC8814E5045676767AB58A8E72D1CED2CA731379515D2E533E4CF0B39DFC625F97AC4836831A4DE330E87A8126FA17EBE583D614E71E22A8DBF2825599743E0640037303E8E1B1E8EA4E1
311
ABFA4F62907B5E4E0E5DCFDAB417C36C6848A2B8D15F1E505434C0707E16B1CFC2A1C36A42BBF55734F8F4301DDC2A5110CEE8C0747F69519265012A2174BF4E955ECD4FDE095A3ABC70536B7AD0B9D7892F81287D667C108703C9B66A221E9A0929D030008F77FF6F5D2108EF5706FC87A3069B976F7C9FC3239D13D283CD
311
EA83597461079FEEE049B0F392889898B7D87D31F8D60ED7B56B91823A8E4EDDB36C6172ECEE42BD42B12CD67994FA0F0DFAE9389356F4CD4425A4B8AA55CBF7ECD585C6A2C2316791E43D5C06841ADBB226A87FD61515FFBB0167B74E56BD7F3E90A57A97FEDCBDF483A0D6699A8C0849CAEB4947FAA90D8E332D9DEBD9F4
311
738C37DA0CAF9CF3DAA68BCB67C420459C7A64498D6E848E5CADE92BB6901F607AA331104A67F7CD650EE169B1DAE94D2C31C2F993632259B6957E246EFE4C5481107B07118607700040E5812A2A2A38DA0076875258C753F60E0F2662C748EDD5F3F3686B8FC3BD6FE631ECCAA1E8B1C1E565AD117E54893E79F4672E32F9
311
E46B2A183DFDCF3EECB4D4D077DBEA0DA254D256045109670050129E9B9B1A9E4A11344D61497A992778095151510C4BB7EF2009B63AA4360635312E4CF668B7E0D3D85A8688E2BD83B569439892ADB63461930D428E0DE42E4AC57CE48DA5CC1449530D8BD3D6A0F08DF20C8E8F570F2CFFFCEA286E30969B4654D498A58D
311
9DA782E19FE3F002181838925592C4A1EF0B332D88B61A92C644547BED490D3A42CFFAB70E36D961F694F6307F72FF15A1C79D5B1B5CEFD353D9E2B52566DEC8F8F09CB3E8359C0F68EBBB7898243E34E12A015B2685AB303C04D3A9E00671FF3DFF0A184E4A2ABEB2B666AF5B3A209C73D8EF29DCDB069C9F391EEE9DD0F7
311
4C7BCDE16F8F02E3B8816122BBEB50665775B600549D8BB33A54A6BF940C028118BC6878C79958D6784F9DEAA6E26748386FFAF8D0D0101E2847B6563F5D8DC1D78F787BE00E2C941AE12148D4A81599FE8F68D4DA5CDED75530ADE138240300EE13B0FC13A1687FED6774662C05A2B7DFB186732F0D7A93545D8B0A6390AE
311
5054D9CB582DA846D7A061B3358B45E2B52DDE63E114397EDB7E09233A579155D795BE76102CF277F4DF8B188C4F2879BEAE3C08347124BF9ED23B128259FE107D31E34A652F090B30B39E0D9AF917B76A2806135621A8A60681F16AF216514BBD02711585B5B1AE823F4B2D0369EA5B6BCB863072727FFC871CA6C9AB79A8
311
14D989057E9470A3D238BC87CBB4A0EA49AFE2B86F22E499793CAA9047080450166BDC357524561E258C77CB697F1ABB32562CF87C3B7AA12F911EF19FB3E5C02222E887D08202A60A17151F5E053A86B437771088B4FEE14D652C43E8D939995D34545E12E2FF93D4E366EAD25F10CB7DED141563C3D0C447AF06078A9113
311
5FD4B9611583CB4BF3BD167F2399CEAB0E0100F8FFC305F00F1711717173138B4B48C83022295DE657EFEDD97F238ECA80F528AFB4F8D67AD4E2594B9A3AA86D7487EFC313BA95745C186F0CDD84CC12DC9CB0424B42203D351FD9C0A3AF10CC7F388E0329279087386421F194F4A29464C1DEF7EF8BE515E4A199DCD5B909
311
342598D8FE6A231F71336248D5CEC5454455C7BE383B3BC7B260FED27F703FDC39A170F3827239102F59D4DEE7FEF82EAA1A5E4BA94DCC4CC44E7E2EDE20F24244E4454369D2E87C3F823F193FD4FD27E1C23984B01898D15ABC20711A8A558054951A6AE280096BA36CBA439603B7B0B4C45F248C14B2383B4B5CD8ECECE4
311
FF859AD4A6CA2326D020EF090F4041D28DB66E5256B56232CC52829DE8060BAE6BBF37D4B7469B822454FE93210A3E8D15E69FFCF01123222611C51C4FD0A041A0CFA2471CF6BE38D2B20FA4C3525B5B8B586759475CF80ADFE67A284AC24651E52B8E683D24C2622642F27E7C3C22783BCF63648BC398BD6CD0D9C97E7E7E
311
3EACB6126DB7A6C1FD9F1031302EE67ED96F22B77C7CA0239BB324207559B105E4693EB26EC46182A92C9C0DBD24F29B31C5C5AC1F84300E0E17CEEAC15F5736FA4A98971E2F1423BFCD68D4BBD5F86E74B40A369F39507C88FCDB35D2DD8DEBEA4AF999E23CF2816D204200DF6E611781B9884C1AC8888B4DE39732047295
311
9434323A5A36B22A8E1F721A270DF3BD65E4A31C11FF048AFB0D8B7B6881423793963A23CFCE935FC189ED36FAE35C46DA3574C979E4394BE52084F3081837BE033396D2EBD80F1F691B273F660D2B32FA27A33B1DE4ADA5F0FA4651511102DFA410DDA86E065272CA314D5249DF91B06BB92807B28EFD54F08F7B52525278
311
2CD276DD02E6B0319B13DF87B1F6361AD6B28FC0D711CF445429B9E5A433CD493051C49A9E03DDB1B147D880253514A5DED88009018620EE229101C041950E2D8AA8E1F5F5438E0C0C0C60EEDEE9E3E0C051948C69F84BB7B2A48A1F3C8EB9E6864687F4F4F6F6E2FA87608ADAF9C5E117B7C1A737E710769DA1D15ECE6A84
311
502AA855398712D5FB51BE92E4EF824969CE18278798AC303C2C7980DD2500ADF8FB1E6D6C2FAAFF9987178923334A244758BAA01A9A1B70FA5097D01E1CC2A58DAD0EC94CE6430AA9B0C10D75E3C6BAC670EFBADEE1607739CE0FC18A2587E3EC3058562014C64219C69BC269082D5C2F4A659278D585755912176D78A1B6
311
41719C2A394CED495A1AC5D583FD2F5EDD93308EA7EAE8A6DD396598BDBD3D4CFED62D18A5BDFDE0DD5C80D1A89BA62697B131AE7CE9A6594138582F1B37D68F1749AC7CB67A70695D48A4A056AC1FBD4E82358CEAE38F54B95A9016F9000F9879C0D9D131768635CA798895F27D6F1614F11F2838A83611AA51C9A3DDB539
311
D42979C29F10465655C17BEC3E2760B80DCBF609198C7B171A531905F3EC218D696025975E986C6B4C666666787271F202805577DD5A3EF0CAFAF91B62DC4B2DB4217A7606282F31D8DDBC290593BAA93EA6353AFA9939B877978481E15CFC9F2755CDC00C538F63A4BA3E80AE009B73CA0185687D339A507D165B74290D6E
311
E46D5C58148F020C3668ABE9EF2F7549170DC80DB41FFC1D678FF19AEB10C7133832B104B80F691B3138F97A92D26E551F1F110400D45AC71A9B9AC41A1A1B1DAEED0B0810638EFFB511D46B121C6FEA0F38CD00E03CFFEB9713FE1F9C263E4DDEC160D0497FA9A132BA608584057FB15380825DE6C7FC3C667EE947D488A0
311
9898D8E939C4953BF4EC9836344D2CC6B2971B2A21A572B06096F4982D2CC7232D46E8EA69DC83722E267754D777F97F96D5DA74E1E75178084D0E70F12AD33E5F71EF2AFA599B2BEBF60A5BE475F444F240CBFE8143C334E7ED9150FEEFEF7EB020C4DBED388DD1D6A167A76F3CBF119B578AE8CFA7736ACAFA4440A1C471
311
85638A0D2F3EB5BDDEFDA958FB13CE4AA4923D5BF840392D45544329525749734866684BF7F8D9D54D892E19BCA9F829A0F8BFCBEEA6CFDFC61D74EA1A645ED7A1FF241739F15694BD835B66FEC5677E40FE69BD3F91AE402F036537218A401CB0828604AD189E575015C6F3F6BBC8AC79CF6C70653847254B31551EFCBEB5
311
978B9DB85D58D0FA41A9DFE9C624834AA04949D24B5AE6D299E072D152D12097920F14AA92C31C3B97E28B6C2E6E9C23D63043ECBBC0A60FDF5BD0C33C127EA8A3308B8B6AFFEB28B4455BF6E7AF4FC6222728357EB8E46E85053E6A8843AB23295BF838ABDA94658FEF3F832F147046B4ACD6F7D48E8FCC9618582961C898
311
D1C7A253C91BFECBDA6BA18A1FCF70755DCCEE2222F41B76D23CA98D0CB3D95F0CF66D57FFF65E2A90F5DF40FC3187621E981BD0BC1D992787212688976B94A8F0C6EF646624B570B78E068826F87CE27041A95C9A4871FF65CC17FCB1639629AD6A9517000D63AC231F3D741CB8430777E7ECF80CE7A3F73C0F162F7E56AA
311
71F4DA80A33CD6ACEE78E2C11FAC03DAFCE929B106F8F6B3ED2DC71FF994BD9CEF4E9A94896EF1B6E2B7B4978168BCF0847A3D2A4F1B0500B926E634B174548E9FBAD27153FB5FC36799B1E6C7C38A94E1F9E996796D7B485E635D5287A2AE76FBD11A341DB3F8F810385BB7296391973DC6C37C452A9305AEBBE0CDB6C566
311
DB59FE60C8E94B1FD090354BF51439FFD1B48D725228FFA88C84F686F547107A7A235665A4593B7C34D748C1AC8D56DD5DA861EEFBADDECBBD65117E65851F90351AEB65F0EFCFF4BCFEF24CB7A5879699FAC437A7AF9099186CF006BB923A59E37D7A36A29FD8D2CBB914A5E9D0A8FD212FBF796AE9A67958FF1D5D8B85F7
311
8F96219D4714EB919929241B6C018AAE0C02069F8D919961EC5DDFBFB7573E3AC8E08BFB7C8534BE6DE045B3CD63DBD71F7638BA2309CAE398EA3A7D8F98BBBC7AEB367EFA5CFA27A9F8F2F52FE878058E6209C026453F8E7E8A237DFC389E9590F6059B397CFD65183BBF936E86896612A5B5FEE49DAC8455D026218AFEBE
311
C12B3523A45B57B82C9C97E02ACFA1184DB18E48CF615DBF39C3CC6F0B4AE6BBEEA2E39D944E290302FA3DE33FA7E40296E2EF7BF1CD855BBECFAD0FD622BEE9746FC4FDFDE545AE6E3BC234CADF83A0FB76DFB145BF3828AE3436368AC24989454F8FF70A177672C711CAA1A76107218CF948CA01F873520E7A2B118EBB16
311
1ABAD432932029628B6761590C98AB590C8C8C79798CE9F715BA696E839E9131A4BB68BE923F1747FBFF165331FFDD4D05997ACD168F12CA75348DAC04C7F509FE83898A8B421181AF492861CE81E4A2DD0A30850CFA95E05F097FF70F9E777310D584A75BA7018922E271DAB1D785671157685B7D383D3E074DDB4F1E44EF
311
04B07BAAC75A062077C54B9752C738C9D804D402E02851F3F89605AF189738C18C021D2139EAF72513824E10DDD3047BACC8521ED7E98B257D1166903B1B08FA6F918FD7E162913FEC7D0EF4787E29C35FBA8C6E2C9C20E9AB30AE42CA2A01A090E7D010C1B5BF9CEE2A304BF3A987FB40D836979B79E18D70F257DA61E808
311
472DD85B82761825779D6B90CAEB0F23360C6F80A7D7D77545E95B3DFF0CF96A827F9B5BCECD2C9698718417EF80FEEDEE938AFF55859D0D540B7FE09435583A6F04874A0C7E8CF234DF4879722000167F5872CEC6BF3EF7E5A8CC8121E6A359227C8A29C95212F9F735BC72A887D56B8F309FC525BFB4FD767AAEC4AEFF24
311
9CFBBD2DE1AB9969A6155C7D8DABC307E47324C1F916C7BCFF40ABA5644E9FFB9238D19ADADA49D9610F01ABBA57E4DFCBDCCBB2B93C8953206C91DE01B0E2651A6D6C31721915B31F7B7CBCE55466F6D70402788FA91D73BE4ADCBA99A35F17D6B83383704917D6833F0FA3CD45C926ADB8BC17999A4A0AFBCE2541F7B8CF
311
4C2F5FBA611B3E626D64407CB32C122DFF4EF8674D6EDBB86C8F7C6A16D50FA685E2CCA34F8F7D1D8265BB0042E9D7F1F666F7BE5FAA5184DF58E12122A42EF02F461B3F369AC746F96528AD208512AB56844CF75B97F352DF7995024FB02855385854F3798670D01CAC771AC3E1889EC25F61A20C1F8CAB46898817F9C47E
311
2CDA1F286BF2F358298709FE567C91133E2638C8B53975E753EA8BFD3578B5F7186B7BF084EBA3F77BAC3132A5779902EC22AF2D2E79F42D324E083386DAEE9810D1B44A5DAA54513C7A71E52A4AB9257D975B621308FE4D2141CC3DCFE946C154A3C1DFCCA7629EC69ACFA831634ADDA93C0388D2A9A2DDAFCF957C6995BC
311
E7FBB6DC4EBAE79E63EB08E9A25F52F67076F7093CA545CA3053B5BF576DEAD4E0017143C5F759F32B2D6F145B52B67B48909B7C7FCA6586EE385A2189C16932CB6DDFD9152AE317C430492A578ED27B72D85D40C7C93C097939E1B50F4D67F05334FE9DC362C30B7FF561B95259138ECFD9274C8D695C31B14D4EAA9F3D7F
311
A8DDF652F8C5DEFA23284C799B7D94416DEE81E05A866302DC70192A5368EA65E1CED8BF107A1E2D3119A71E85DC1A7B0C1E93274CE04DD0F2ABC8AC7C987FDB002B6F81757B43502EF7A0D92E416494FAEEA4C9C090CD9557AA4D532F4996A272B94355C5A0E4974EEA9627476F30809B94D8D8D860062E02204643BEC7D0
311
438AF800FC7E2B26955D595421E83C69E1A07E0E3122285835F014AD538188CF9737CE76D464A353FA55A001AB2526B84E985083693BC76FE211CA1D000679C889E3C009832C87E1AC2EDD05C302557422DF0800E316FCAC86978A371F025A6C7DAA9F333E7BD160403A1A06EA75AA9888FF01504B0304140006080800C649
311
D55828BB58AF800100009E0500003D00000032333937313932382D413744412D343135412D423736422D4342393842303645373633432F536368656D61732F436F6D6D6F6E536368656D612E786D6CBD544D4FC23018BEFB2B96DE15493C78601010A34B880709DEDFB52FD0D8B54BD70DF6EFED3AC0B12E6442E2716BFB3C
311
EFF3D18E26FB440405EA8C2B1992E1C323095052C5B8DC842437EBFB673219DF8DA659866649B798C078B48AE6410122242F2A4994AC7F93815DF85C049C8564CA0A901499DD886B2EB9B1E02448F358701A9235880C49A0119892A20C89D1B9FD768815CAD268CB5E0355B40B1E47F3E37A2020464BED06AA57CE8FCC20C3
311
C3446D46761A2632A8C1283D07031EFF2AE7CCB1BFEEE916E406DFAC8E36FFD99A9D60A6944090EEDC3B670C7DC13DE86B6B2C5C240D6E503BB85ACD579D513F1B9F9A69DC9CC22AFA80C426D40AF0B21EA168559156B6276F0F726A6BFF04DCD513A87A62CAD41FB24FCB2858B3952E3D852084DA25B9303C15687973CC8E
311
8AAE11DF2836C38C6A9E765E8C1BA1BFB1DC29CDFE518C8B5A7655A4ED7E77291ABEB80DBD82EC866ADE1B8D05AF9E35CF09D7A061F38A986D9EC412B8F0F65E5D81534D9B231D1E5A8FE577A241F3A5FD01504B0304140006080800C649D5587AB2558590040000601400003E00000032333937313932382D413744412D34
311
3135412D423736422D4342393842303645373633432F536368656D61732F47656E65726963536368656D612E786D6CDD586D6FE3360CFEBE5F21F87BD3A45B0E7740D2437245BB7C283234D7FB6A28B29C68936C4396D366BF7EA45E1CA7761B2F1D0E772B10D42F34C5877C48919A7C7E5692ECB82E459E4DA3D16018119E
311
B13C11D9661A5526BDF8187DBEFE65322B4B6E566CCB15BD9E3C2E6EC88ECA6974C733AE0573CFA3CBEBC99C96DCBD7AE059C2F53D352040E541C2EC0B2FA1FC3B5A149C6A9A318E1A2A4144328D66C90E9F24B0144F45260C981791A25A4BC1A6514A65C923A2394DF24CEEA791D115DC5B9B60C9F2D21B16FE1FB40D002E
311
2E235421B9E299A1A8D92EB9387A748FEFE403DD9FB1AAFB76A1E886F75E6F79B73A6325F8AAF70A7F68BE13FCE98C55FC975F7299EBB0DC22337CC3B5F59C8BEE3747A27EFAC78D58FF37317E5C04D3E6792E397541656873BCDEC7F9FA4FCE8CE788E78FA46B0E2CB6B8C87C4F964E0679DC50B171248F691E27DC50214B
311
AFC591CE2B7904E23B45B73A576469B6E09C40FF12D1DECA9C1AEBAFA646511A4B7D47DEDF22E2F5DDD36772135EBE6E116685A5FD31A4995A0B20305932262B4C6D34A019B286092545E20750A30FB5092BFF02DD516549490AAE19A6C586D7292832A66D1E95E26F783A8A88826C55959A4657F5B528410CEDD88188F39A
311
A2CF5E6A0C0BFABBB61C587DE9CDEE0ECA9AB2BF52CA78CC2A293B5D31F712E40B4A74C6615DA922A60A400241A894F913CBB30CE8C2138A75AF9C468060234389190EAE3EBDF8AB9D36736ACEF4D9C56838840AEC7DD8F647F01478DA093A37B605D1719670D713C74A2CAA21E816AFA2450FB00FD308EC0186DD858B79B8
311
98D9707BBACEC185DDCE6595C92B13E70565C24035EDE15F6051484DFBB14D9F368C44A46985FBC049958862F0EB685C23A96F104D7D7384C8AED70DC92F1C0BACF0714A93408C83E1B6F8935B7CD5490597056F644F4F169CC81D4F8176E9D9C8BC044EF312F2FEA4FBD047E03B1F93BBC3A73F00B4AE4A2DCA5841A5EEAE
311
07BF8BCD56C2CF585675D544CD5309A5BE305B5F5020161EFB03BC82BA802D0316E8AF1A4A0FB9B1A29DBEF055F9DD71BE423ABC95EB75917C0D90B33AB671DFC72F6A3E94EA36401BE73D79E72ED093C7571FFB026C7319E385F076505F626AE261C237FD58DD828D2A7ECC847D09F2D3FF00E52B5CD547C9777128AA4B98
311
53B44838813484CCB369F8AEE443DD3DF6DA77679F37B64FF6055C3F53F605780246BE675F334783F15155F132DDC9D5A34C0E86FD6205FBD49B85F2D51D11122CE030308D96B2825E97EDE3278E9BC5BFAC27B031D41ABA217FDF06A06B97D4D8D4B35CC3085FC6B60788B1B1E11A5AFC380CE7612C381E2FE612A67BF224
311
CCB6DFA073B494A689A87AB61D87028DC6C28065ADEDEECA4A2ED3584859A998D9A9CF7005130B35950EFDD9873176D7A1B74421F2B521044D73BBCB6CA84D8584E30CF04DD1830ED07302635DE7EC2EA0D77417477DE6AD55EA66C793C0009CC81AF3E201CD0AD09305A207017B5AD239EA586A171462CCFAF5E287152CA7
311
C3A79DDDCEF7E574BB116882FB799AF395D1305CDA830199332A33AA80AF278EBAAC6418A68164F5591C52E8A5463C733B43E3ECE860AEB959ABBC1E791A2716F810E7CEE659E13F504B0304140006080800C649D5586180134D5F0100006B0300004500000032333937313932382D413744412D343135412D423736422D43
311
42393842303645373633432F536368656D61732F52656E6465724D6174657269616C536368656D612E786D6CA5934D6FC2300C86EFFB1551EEE343DBA41D1A103009551ADAD40EAE28A4A68D9426284961FCFBE5A340113B2071746D3F765EBF4DC6BFB5407BD0862B49F0B037C0082453059725C18DDD3EBFE3F1E8299918
311
03366715D474942CD30FB4A782E00C64017A412D684E454CE3FE28995203B162A6EA5AC94B66997D225E109CD63B0135484BAD1B3C07E9080CA35DB3119C11BCA5C200461A68A1A438126C75E3E230D40FF81FB3F03C91D1E3A3A0AF79FE28E25BC39EC3E17E4C2A2D94A0833A51AF55BCCA7D88572FCBAC529C4140B020FC
311
3AAFA886621DCED7EAD7664CC86024E806DC297DA1BB393E4156543457A4537DB8817349A70F8ACBF09B3EEE2CB2F33E91B65D60786E4E3B39B77E3FEEEF5650424525DA657FB8B46BE6BF064646F0A0F7327C0BC1BC1B4CBBC1C419FA3CCB23500007872A2580CAAE5461865565294E4EDB4617B62FF579DF9A5B2F54E834
311
076A597573A020912FED777F9B3F504B0304140006080800C649D55893E8B25A51000000570000004700000032333937313932382D413744412D343135412D423736422D4342393842303645373633432F4173736574446174612F41737365745461626C654F66436F6E74656E74732E62696E53616060B07076357032B170
311
D475343173D435317536D4B530B270D3B530B3B4B03033707536B0741102AACB4D2C492DCA4CCC492C28484D2C4ACC4B4E050A82012F90744FCD03CA26072767A4E6260200504B0304140006080800C649D558F865834058000000680000004500000032333937313932382D413744412D343135412D423736422D43423938
311
42303645373633432F4173736574446174612F53747265616D56657273696F6E5461626C652E696E66558CBD0A80300C06F73E4B117FB66E451741D041DC5BF98480A492E4FDD18EAEC7DD4555D89EF28DF51A0B1BD8340C4DE7DD848B988C0ACF0649566493F2408C508DDEBB99D5129FF8F1AF8CF5B9503E20FAE5A16B5A
311
F702504B0304140006080800C649D55821C6AB9037010000A20400003600000032333937313932382D413744412D343135412D423736422D4342393842303645373633432F4173736574446174612F636E782E786D6CCD94314FC3301085FF4A648931761255082AC71582A51348540C6C57E7D25A75ECC8BE20F8F7D86D06
311
50115387AEA7EFEE9E9FFC4EAE3E075B7C6088C6BB96D5BC62053AED3BE3762D9BA82FEF58B15232784F3F30563818B065B9CC94DC053F8D73A9C31E269BABD6B8C35C7C881169035B8BCFFDA377848E222BB485185B16F51E07E03091EF301E780704BCE601A39F82C63489CC80F3241D10083BA69AAA5994D56DD9D49BEA
311
7E592F9675F32E452695DC7A6F67DEA465C18F374DA54F7B99AAA4C88092533033955FC3D45F2AF9D6382912A964A4905C993BE86B4C1D308ED668A0649EF09A90CA04210C529C60254576E197174FD81B6772CB3A4903F2E12509C44006AFD093FFD45EDE9BB58B044EE3353B72AEF1F23EBC1E7FD1DB2996C7DC5C5F5ACE
311
3572E3FA0B64451CCF498A4EBE2EEA1B504B0304140006080800C649D5584D7116F6E7000000600100006700000032333937313932382D413744412D343135412D423736422D4342393842303645373633432F5265736F75726365732F38434530423438412D413436412D343543312D383238462D38363938383630454330
311
39442F7468756D626E61696C2F302F636E782E786D6C4D90C16EC4200C447F25B2D46302895655BB22EC4FECA9978A126F8A966004A66AFFBED072D8D358E327CB33EAF27DF8E10B5376145698270903064B9B0BFB0A856FE30B0C17AD12113F60300473E00ACD06ADF64425766BC39B29BEB9DE857B37770C989C7D8F6187
311
C17A93F30AD97EE26126539836CCF769336CA6794A98A9248BF500BB03FB019BD0306EA017B99C46F93C2EF355BE9EE7D3795EDE9468A4561F44BEF32E30268A4F8BB454C750FF914A3440AB925CA75A08D00FCF2951975A654E357F87F82756C8C4E89D355C6B12641979AC109A43897F582BD1F256F92BA36AEB46FF0250
311
4B0304140006080800C649D558A233C2345D000000800000006500000032333937313932382D413744412D343135412D423736422D4342393842303645373633432F5265736F75726365732F38434530423438412D413436412D343543312D383238462D3836393838363045433039442F7468756D626E61696C2F636E782E
311
786D6C4D8B490E80201004BF42E6EE76F3C0F216234B883063108CCF170C074F95AE5473F5C4C06E932E4F28601967600677D21E9D8092EDB002539227A2FCCB80E1168D80A6417297A89C5D6963B7129A0D1E8F2EE73AA7B62BBEB8B27DE50B504B0304140006080800C649D558BE89762363000000880000005B00000032
311
333937313932382D413744412D343135412D423736422D4342393842303645373633432F5265736F75726365732F38434530423438412D413436412D343543312D383238462D3836393838363045433039442F636E782E786D6C4DCC3B0E80201004D0AB90EDFD75167CCE820A4A845D83603CBE602CAC26799919AEEEE0D9
311
65E2E908050C6D0FCCE04C8BC355404EB6198129C92351FAD580A10E464065907C8D948F8F166375F655BDC3FDC3B4E530A176BE7057BDC43B2A593FE403504B0304140006080800C649D55809CA4CFD7E000000A30000003600000032333937313932382D413744412D343135412D423736422D4342393842303645373633
311
432F5265736F75726365732F636E782E786D6C4D8CD10AC22018465F45FE7BCB85C93F700EB3F51EA3B921390D9BD1E3A7B18BAE3E387CE7C8FEB37AF2B6E9E562E8A039302036DCE3E4C2D241DE668A407A25538CDBDF0D481857DB41C5A0E492627EEE68B2F3987DA5DE85C70ED10CECC25153CD85A6FC6C1A8A27BC5114
311
2DA2608361EDB518C7AA94F9F5CAD6BCFA02504B0304140006080800C649D558387A773D0B010000550300003400000032333937313932382D413744412D343135412D423736422D4342393842303645373633432F536368656D61732F636E782E786D6CCD93BD4E042114855F654262390333D918DD306C616165A3567608
311
7777C90277C28FD1B717468ADDC44E8BEDE0E4CBCD39072EDF7D3ADB7D408806FD4CC681910EBC426DFC612639EDFB3BD2ED040F88E90C239D970E66526522F821605E9AA4612FB3ADAA35FED4C407740EFD8B3A8293A45356C63893B85E0799136A88A741CB24877108103107056542320EDA04154026D0444C6CDAF4ECB6
311
9FC65776BF1D37DB717AE3B49282BF23DAC61B9F20E072333185E5E88B21C6690504CFC134AAA620E2DCDD50FAE0B41082C7144A0B8D4C5F4B21E5B258A3642A65D115FC6104A735EC45E447F0108CBAD6CC17F6FE2DF433780DE1A9BC5430D25E6BF6DF5CFEAD02BA6E40F9067521C437504B0304140006080800C649D558
311
E3603EBE7A000000C20000002C00000032333937313932382D413744412D343135412D423736422D4342393842303645373633432F636E782E786D6C6DCD410EC2201085E1AB90D9DBEACE05D09878023D01A1D34A8419C380F1F82DA68B9AB8FDFEC93C3D7C52546FCC12980C9CBA232824CF63A0D9402DD3E10C6AB03A33
311
97DD192872090D3406ABE7CCF5B5D18893ABB1690CF4DCF02282E5EA8A5BB96FFE536F285CB347F95BEFFE81C9ED5AFF9D5B1FB575BB00504B0304140006080800C649D558F22844F47E000000A300000007000000636E782E786D6C4D8CD10E822018465F85FDF79468816C8013EB415CA263223492D6E307CD8BAEBEEDEC
311
3B47749FCDA1B7892F1BBC0472AA0019FF0893F58B84B4CFB805D4291143D8FF6E80FCB819090583124B0CE979A0C9CC6372853AEBD703D60D6784D72DEED9ADC71772EDB16654E341F35657F4CE683364E35C943CBF5EDE92575F504B0304140006080800C649D558CA1DF9C9A900000073010000130000005B436F6E7465
311
6E745F54797065735D2E786D6CA590410EC2300C04BF12E5DEBA70400835E500FC800F84E0B411AD13252E2ABF27A55740421CEDDDD9B55CEFA7A117778CC979527255565220197F75D42A39B22DB652EC9BFAFC089844F65252B2630E3B80643A1C742A7D40CA8AF571D09CC7D842D0E6A65B8475556DC07862242E78CE90
311
4D7D44ABC79EC569CAEBA537E3521C16DF5CA5A40EA17746733E0B6615DE7217475F386F18B9481C510F1F021CD9FF027EA0E1F5C4E609504B0304140006080800C649D5583DEE336E64000000790000001B0000006175746F6465736B2D64657369676E2D7061636B6167652E786D6C35CBC10E83200C00D05F21DCA56CA7
311
6D41FC96062B120735B69A7DBE268BB7777961F8D5AF396893C2ADB70FE7ADA196782C2DF776D7A97B5933C430F15651E5469C55D70F80A4992A3ADC954792C525AE70A1E4D6AD9816CC044FEFDF01FE3FDE907802504B0304140006080800C649D558BCDC7F87F9000000960100003700000032333937313932382D413744
311
412D343135412D423736422D4342393842303645373633432F4173736574446174612F636F72652E786D6C8550CB6E833010FC15B47703765C1A22E38847FA053DF5668143AC041BF951F5F36B072AB5A79E76353B33BB3BECFCB53CB24F699D32BA019C9790493D9A49E9B981E0AFE808D999336B8CFF45834C8B45369060
311
E06CB626AC3B341AEDA54EA83693DC41E19CF4908D8FD834E0C69B5C442E828F0C77CF5731DEC52C739C6F3CCE4250D32E5553745357252DF0B7BE6FAB8E7608BFB403A2C3E582EAB6A768A869FDDAD18A1C8E032B929833AF969FEDA395C2CB09382909456585087E2FEB13A6274C3E5891989C396FE3CFFBD2F41DF0365D
311
3D082F58B14DFFB88675FADF3528ED0F6477DD140E388E473E079C1529A5589E11C69A12E5DF504B0304140006080800C649D5584C36626EF50000008E0100006800000032333937313932382D413744412D343135412D423736422D4342393842303645373633432F5265736F75726365732F38434530423438412D413436
311
412D343543312D383238462D3836393838363045433039442F7468756D626E61696C2F302F636F72652E786D6C8550CB6EC32010FC156BEFD8C6A16E1C61223FD22FE8A93704C44189C13250F5F30BB12BB5A79E76353B33BB3BF4FC353FB24FB53A6D4D0B382F21534658A9CDD442F0577484ECCCE86AADFF4583CCF059B5
311
906060745A6D58764858E39549A8B152ED20774E79C8C423362D38715333CF79F091E1EEF9C2C59D4F2AC7F9C66334042D77A996D14D5FB55A81BD0D4357F7A447F8A51B11192F17D474034163439AD79ED4D5E138D2228919F57AFED92E56C5BD92C0AAB222A8AC5185DFCBE684C909571FB4484C469D5FE3CFFBD2F41DB0
311
92161BFAC72D2CF27FB7A08D3F54BBDBA670C0703CEE3960B448E9C4F28C2ED69424FB06504B0304140006080800C649D558DC124E85FB000000960100006600000032333937313932382D413744412D343135412D423736422D4342393842303645373633432F5265736F75726365732F38434530423438412D413436412D
311
343543312D383238462D3836393838363045433039442F7468756D626E61696C2F636F72652E786D6C8550CB6E833010FC15B47703260E0D9171C423FD829E7A73B143AC808DB05DF5F36B072AB5A79E76353B33BB3BF4F2354FC9A75CAD32BA069CE690483D18A1F4588377377482E4C2E86A8CFB458344F359D610616074
311
5C8D5F766830DA491D516D84DC416EAD74900C53686AB0C35DCE3CE5DE05867DA40B1F1E7C94294E371EA3DE2BB14B95086EEAA6E40AECB5EB9AB2252DC2C7A647A4BF5E51D57404F515A95E5A521687534FB32866D4A9F967FBB04AEEA40056E4054179890AFC9657674CCEB878A75964326ADD1A7EDE97C6EF80B9BB9F3F
311
345713CDB6E91F57BF88FF5DBDD2EE50ECAE9BC202C3E1C8E780D12CA614CA33C25063A2EC1B504B0304140006080800C649D5589AB5875E0D010000B10100005C00000032333937313932382D413744412D343135412D423736422D4342393842303645373633432F5265736F75726365732F38434530423438412D413436
311
412D343543312D383238462D3836393838363045433039442F636F72652E786D6C8590CD6EC32010845FC5DA3B0E10E2E20813F9AF4FD0536FC826294A0C9181AA8F5F485CA93DF5B46898E163479CBE965BF1A9576F9C6D8094180A6D27371B7B69208633E2509CA4589D0BBF6C5058B5E806B20C525C5617EF9B34391BB4
311
CDAA75B3DE44E5BD0E504CB77468C04F1F7A51A58A2139FCB5BCABE9AA2EBA24E5D327458C66DEA2664EAF99B3D12BC8D7BE6FAB8E75881CDA01B1611C51DDF60C0D35AB5F3A56D13D1FC42E87A50866F9A14FAB5641CF2029A60CE10A51F286EB23614742DFC52E3BA5F0614D3B6FD0BC1D48DE8FB863BC452DAB5AC40E3D
311
419CF257C4AB9AF30A8F3DAE13EE19FC038CF7F97F603436ECE9067C263C4892FEFFB89062970B4CE3D16E9AB96CF90D504B0304140006080800C649D558288018DAFB000000960100003700000032333937313932382D413744412D343135412D423736422D4342393842303645373633432F5265736F75726365732F636F
311
72652E786D6C8550CB4EC33010FC9568EF4EE2D484A6725CB54DF900C4899BE56C83D5C6AEFC407C3E7613243871DAD5ECCCECEEF0FDD77C2B3ED1796D4D0FB4ACA140A3ECA8CDD4430C17B285622FB8B336FCA24161E48C3D6418049F9C8DF71552D60434193576C41594DE638042DD52D383571F38CB52C69018FE5ADEA5
311
BACA094B5A2E3CC163D4E32AD56372D3178D0EC4CBE974688FEC48E8D361206C389F497738313274AC7B3EB2B6D96C075E65B1E041CF3FDB9543197004D1D40D23754B1AFA56773BCA76B479E755660AEE834B3FAF4BF377205ED1DBE8147A5E2DD33FAEF13EFEEF1AB5099B66755D141E044D473E06825739A5541E11A69A
311
1315DF504B0304140006080800C649D558C3FB5D67F8000000940100003500000032333937313932382D413744412D343135412D423736422D4342393842303645373633432F536368656D61732F636F72652E786D6C8550CB6E833010FC15B47703262E0D9171C423FD81F6D49B651C6A25D8C88FAA9F5F9B50A93DF5B4AB
311
D999D9DDA1E7AFE59E7D4AEB94D12DE0BC844C6A6126A5E71682BFA223646746AD31FE170D32CD17D9428281D1D99AB0EE9030DA4B9D506D26B983DC39E92113F7D8B4E0C4875C78CE838F0C77CB572E6E7C9639CE1F3C464350D32E5553745357252DB09761E8EA9EF4083F752322E3E5829A6E20686C48F3DC93BA3A1C47
311
5A2431A35E2D3FDB8595DCCB09585556049535AAF05BD99C3039E1EA9D1689C9A8F336FEBC2F4DDF017BDDEE74B478CCFE788675FADF3328ED0FD5EEF9503860389EB80D182D5246B16C01C69AF264DF504B0304140006080800C649D5585F44411000010000D80100002D00000032333937313932382D413744412D343135
311
412D423736422D4342393842303645373633432F636F72652E786D6C9591C16E842010865F85704705ADAE1B64A3DBBE414FBD519875C9AE60049B3E7EA1DA647B6B4F909FEF9FE19FE1A7CFE98E3E60F1C6D90ED3ACC008AC72DAD8B1C36BB890034627C117E7C203869195137438C958F07171EBBC4BCAD90036A9D669D8
311
45E93D048CD43D5E3AECD5152699C93544C2DFB259AA9B1C21A3D9C6091ECCF463550BC8001A0B56B08A143561F4B5688FB43A52F6C6F3440ABE1A1B4AB63783E91D3472738891A28DF27C7B8ED86AF40E191D3F692E069688946D435B76207DF3DC938A3EF56468EA819C87F63014F54B5397E758249A05F76189A3D98BA4
311
21FCD5BE197F455B67FDCF689BC363F1102A4F73163CFF5E423CD34EC417504B0304140006080800C649D5584AFB9DA109010000B201000008000000636F72652E786D6C8D50CB6EC32010FC15B4776CE350378E30911FE917F4D41B35C445B1C132386AFFBE10BB527BEB69D1CCECCE30ECFC398DE8AE16A7ADA980241920
311
657A2BB5192A58FD151F019D395BACF5BF64808C9854051106CE86C5AEF30EF5D67865226AAC543B289C531E503F864705AEFF509348C4EA83C2DD9259F43731A884249B8E33AFA79FD57E51C22B093CCF728AB302E7E4352B4F849E48FEC6D2A8E46C5DB5DCADB40CEEFAAAD502FCA56DEBA2A10D264F75876977B9E0B26E
311
29EE4A5A3E37B4C80FC78EA5719933E797F0E7FD48C8E99113F7E8CBD28DE2ECDDDA711784501259337E01CF581A893FA1D759FE23B436FE90EF07B70D079C84400F2218C706C378D41B666C9B7F03504B01021400140006080800C649D5588A2B46E719010000A80100004F00000000000000000000000000000000003233
311
3937313932382D413744412D343135412D423736422D4342393842303645373633432F4173736574446174612F446566696E6974696F6E4974657261746F7250726F706572746965732E62696E504B01021400140006080800C649D558BB1AD0DA2D0100003002000045000000000000000000000000008601000032333937
311
313932382D413744412D343135412D423736422D4342393842303645373633432F4173736574446174612F496E7374616E636550726F706572746965732E62696E504B01021400140006080800C649D55888E57597CD3F0000904100006B000000000000000000000000001603000032333937313932382D413744412D3431
311
35412D423736422D4342393842303645373633432F5265736F75726365732F38434530423438412D413436412D343543312D383238462D3836393838363045433039442F7468756D626E61696C2F302F67656E657269635F706E67504B01021400140006080800C649D55828BB58AF800100009E0500003D00000000000000
311
0000000000006C43000032333937313932382D413744412D343135412D423736422D4342393842303645373633432F536368656D61732F436F6D6D6F6E536368656D612E786D6C504B01021400140006080800C649D5587AB2558590040000601400003E000000000000000000000000004745000032333937313932382D41
311
3744412D343135412D423736422D4342393842303645373633432F536368656D61732F47656E65726963536368656D612E786D6C504B01021400140006080800C649D5586180134D5F0100006B0300004500000000000000000000000000334A000032333937313932382D413744412D343135412D423736422D4342393842
311
303645373633432F536368656D61732F52656E6465724D6174657269616C536368656D612E786D6C504B01021400140006080800C649D55893E8B25A51000000570000004700000000000000000000000000F54B000032333937313932382D413744412D343135412D423736422D4342393842303645373633432F41737365
311
74446174612F41737365745461626C654F66436F6E74656E74732E62696E504B01021400140006080800C649D558F865834058000000680000004500000000000000000000000000AB4C000032333937313932382D413744412D343135412D423736422D4342393842303645373633432F4173736574446174612F53747265
311
616D56657273696F6E5461626C652E696E66504B01021400140006080800C649D55821C6AB9037010000A20400003600000000000000000000000000664D000032333937313932382D413744412D343135412D423736422D4342393842303645373633432F4173736574446174612F636E782E786D6C504B01021400140006
311
080800C649D5584D7116F6E7000000600100006700000000000000000000000000F14E000032333937313932382D413744412D343135412D423736422D4342393842303645373633432F5265736F75726365732F38434530423438412D413436412D343543312D383238462D3836393838363045433039442F7468756D626E
311
61696C2F302F636E782E786D6C504B01021400140006080800C649D558A233C2345D0000008000000065000000000000000000000000005D50000032333937313932382D413744412D343135412D423736422D4342393842303645373633432F5265736F75726365732F38434530423438412D413436412D343543312D3832
311
38462D3836393838363045433039442F7468756D626E61696C2F636E782E786D6C504B01021400140006080800C649D558BE89762363000000880000005B000000000000000000000000003D51000032333937313932382D413744412D343135412D423736422D4342393842303645373633432F5265736F75726365732F38
311
434530423438412D413436412D343543312D383238462D3836393838363045433039442F636E782E786D6C504B01021400140006080800C649D55809CA4CFD7E000000A300000036000000000000000000000000001952000032333937313932382D413744412D343135412D423736422D4342393842303645373633432F52
311
65736F75726365732F636E782E786D6C504B01021400140006080800C649D558387A773D0B010000550300003400000000000000000000000000EB52000032333937313932382D413744412D343135412D423736422D4342393842303645373633432F536368656D61732F636E782E786D6C504B01021400140006080800C6
311
49D558E3603EBE7A000000C20000002C000000000000000000000000004854000032333937313932382D413744412D343135412D423736422D4342393842303645373633432F636E782E786D6C504B01021400140006080800C649D558F22844F47E000000A300000007000000000000000000000000000C550000636E782E
311
786D6C504B01021400140006080800C649D558CA1DF9C9A9000000730100001300000000000000000000000000AF5500005B436F6E74656E745F54797065735D2E786D6C504B01021400140006080800C649D5583DEE336E64000000790000001B00000000000000000000000000895600006175746F6465736B2D64657369
311
676E2D7061636B6167652E786D6C504B01021400140006080800C649D558BCDC7F87F90000009601000037000000000000000000000000002657000032333937313932382D413744412D343135412D423736422D4342393842303645373633432F4173736574446174612F636F72652E786D6C504B01021400140006080800
311
C649D5584C36626EF50000008E01000068000000000000000000000000007458000032333937313932382D413744412D343135412D423736422D4342393842303645373633432F5265736F75726365732F38434530423438412D413436412D343543312D383238462D3836393838363045433039442F7468756D626E61696C
311
2F302F636F72652E786D6C504B01021400140006080800C649D558DC124E85FB000000960100006600000000000000000000000000EF59000032333937313932382D413744412D343135412D423736422D4342393842303645373633432F5265736F75726365732F38434530423438412D413436412D343543312D38323846
311
2D3836393838363045433039442F7468756D626E61696C2F636F72652E786D6C504B01021400140006080800C649D5589AB5875E0D010000B10100005C000000000000000000000000006E5B000032333937313932382D413744412D343135412D423736422D4342393842303645373633432F5265736F75726365732F3843
311
4530423438412D413436412D343543312D383238462D3836393838363045433039442F636F72652E786D6C504B01021400140006080800C649D558288018DAFB000000960100003700000000000000000000000000F55C000032333937313932382D413744412D343135412D423736422D4342393842303645373633432F52
311
65736F75726365732F636F72652E786D6C504B01021400140006080800C649D558C3FB5D67F8000000940100003500000000000000000000000000455E000032333937313932382D413744412D343135412D423736422D4342393842303645373633432F536368656D61732F636F72652E786D6C504B010214001400060808
311
00C649D5585F44411000010000D80100002D00000000000000000000000000905F000032333937313932382D413744412D343135412D423736422D4342393842303645373633432F636F72652E786D6C504B01021400140006080800C649D5584AFB9DA109010000B20100000800000000000000000000000000DB60000063
311
6F72652E786D6C504B0506000000001A001A00210B00000A6200000000
310
504B0304140006080800C649D558000000000000000000000000370000006662782F32304244333938362D353432352D343942342D423244452D4533463938334643334631422F617474726962757465732E62696E504B0304140006080800C649D558000000000000000000000000350000006662782F3230424433393836
310
2D353432352D343942342D423244452D4533463938334643334631422F76657274696365732E62696E504B0304140006080800C649D558F270F1330600000004000000360000006662782F32304244333938362D353432352D343942342D423244452D4533463938334643334631422F747269616E676C65732E62696E6366
310
60600000504B0304140006080800C649D55888E57597CD3F000090410000420000006662782F32304244333938362D353432352D343942342D423244452D4533463938334643334631422F7265736F75726365732F322F305F67656E657269632E706E67355B773CD4FF1FBF73E71C0E67EF7576C9DEF3EC995D46C6A1EC50
310
46649CBDF79E192942562825CE965D8A868C2842C8DE9FDFD1F7E7F138F7078FCF6B3F5FCFD7EBFDFEC41B196891913091804020321D6D7513FC77D8C5070EC3FFEE51B21F068154CC75D455CC028A3EA68992803810109FDDE5D5CEC5521B28A1B422BF80741695D5B529DA1C2D058AD2388BDA9F476F7C2CADC939304173
310
DBF48A452BF8A700C0C70C3D121C1AA15A5270C22E2B9E28763651F7DA0D12CE11077B2ECD0D560B5E3DE2368B1E65C5E1C87384A4CC5F2D9FB8BE39E9B77C753783A37998F5CEF1B4FEE553463245C9712270880DF339E0B882A6BA713D865F6F384C842D440934EF264F4A304F8DE4EEFA1E2BF5E2D91F5ADD9613D6E31D
310
DB33ED31DB1D7916CAF091286EA3D31B9CFECB78BB0060245B943C4C040119FF780A74DD308BA9D028678674EB5504ECF284EE814DAED07440BAF649BE4B55DA2890F4D73E2D489A59EE54FDB0A85B59F2F52C4858A02705C4815A792B0C4A996A2023ECB195073E115E3E3647F64243A8338F2000BCB58DA5692C7E7C3D41
310
3F963FEDF3CF00FBB0F831A9D51360FECA43819F527B89FA260EB63C5DA676830AA3626A3693B23F1A17A0DFFCE3EE164E31B5365EDF0C89EF64D8E38AB0BA9A1117D7C3A0EC44F44F4023095E80BA610DE336D0F99593A88BFC5306E72DF98F7FD132ED95878DF2964EA7E43071359FD83B2BDF9C6B5BDF768F0F3C0FC351
310
199526F53D9460A34511F75D1B63E488178569472C91A94497807A3FD4A390C6558F26D416365C3656DE6E769DA9D8FC73774E1709812842DD8EF96AED1960F79D21B395CDDFE6F92CB4EB962A4668C76990E2EF29798C8941D67DA50F4A5F947872460F1F6FDB794E8A29FD7AC0C0D6E0714339CE258FB17AE8535221E346
310
4A10F29A0BE5EEECEFC5675926A89F49EB14E5711894F6586DB5754EB4D5DA9C6437EBA57DB97A24F8B8A8DB295FFD73266CF57E82694DF5166DDF93573AFE9C9C5EB05F8FEF8E89E0A8917B0B3724DB7BEBB53252581EFC3E38166BA131A3A5B42FE2AD00A769BBFA4458D2DE7822F8C4F63D0B8E21B285AE13325F3410A4
310
35C648C9D91FDEB109E73CEDA7BC796961AF79175E1A3CE4C5E8B0D009B0C9E29EFD98BC8E97554E3D8D838424E270F7685226E5AC268E021EDE3522D583E8F20C0BDE2959EF5BBFEEDAB32FE9A3ED0E39F211A86AA9DEBFC68182EDED132AB8BB794442D2D7EA9F4D8BFF52BC4D55BB165124EE90A42D101E67BBBB292FFB
310
4F66DE5BF2300E44546757DA7CEF8932BFC9F92A0707953491A55C5A5ACEDABD9FA1AEA01BAC3DC5A24E22E7C47213493996EFBC369D086ED9397C9BA6C7F9855C7BD5E15BFC8C53DB3D2A4C5901A57ACD2FBDF4D1676E95338B2C2BCE65FDA4C64F5FEFDC7D9CA5AA1FCF11E193F2FDABF0F4916BF13FB916A224380E6462
310
A9815F2300DC49CC4DF8D055CEF76462F4B7A7ACA7365C2707891370BC1D0AA6203C44CCAB47084FEC057F27FFCD57F89B8B9852459798A675C66BD7CE572CAF71FF7E6D7ECF7BF62CAB7B3F1107DCD04DC55A3F9961700286141C94A4F771FEB2BCDA2DDEE0CB0BAE402FF1DB0100F8E475DFFFC074DDB4498AB7D186A765
310
4DDB1CB680D703D47CEB4E72F8CB13D86A4AA68116E26387B93FD6738779B34FEDB8E517EDF2BAF28D9BE93A1D3A164320E07D42E514725C29515FF361754213EDE06B079A2E99EB1CA82A02019EADEEB87B9AF005BD04BBCECB14AACD6B24EFBE482194A97DD32400685FF1FEF1544D1B14EFB1E7F08E6D2CD2AF52DE757F
310
35F5E62332EE88EA26417AD5C3E0E319D68F25414E6D672BD4522B278C57D18F0113921C71D96527E091F00CEB15AE23D24667369BD3CEFA10C7549D930890BA4366F4EBC55F01F746109F98ABCDD5A3EE06619C6AD78AB33E48E4C9BD21BF7478B385EC05C4F8987E2C1BFA0A60EBEDAA0AE0B015C2720ECE180FB6F2DEFB
310
EB822D96338C9B63822183BBF52FB664A7AE57003AABCE512BF77E7E31BDA2E739AC4C131657DDFE5225E900FB56CC01CDE808FA4A9C9DA16AC679656BB64796283D89812B8F91136AE18EE5EBBAF47A73BE3C153EB5D4CD491B4BFB4FE690A4CF9ABA08C0D8AA64220C438C96EA6CA80B58FE5761E697B3A292EB9FBDA502
310
FA863E49FE694ADDFFF9D62C520BDD1A22014147A0903A05B9B729F54272EF83931FEEC057BFF8C8055C279EAC5C0011804828734024F6CFA319C9CC6867C727184465CD9BB7ED386AFFD96B294A85E3802FAE47244602D8273615952B98C4F23F7EAE4463D9D638EEE374A20959E0FE519C4CFB0FBFE5DD80C2AA3F9DB961
310
D1BDE57E67C9BB47B77FDD74EE3094F5DBBE3EBC1FBDB7393F5116263009E2EFE1AF9A221B2AE234C902BF70E9F280ED23E73908361565964333A3F01D0B006AF32FB21AA1316744B489D5A198E85299241735BE559675130955C902A8ED761FC0DBE337A9F91919AF5CE32AF902ADF9AB2615E00E8A94586BA1A90839B618
310
32FF1BFB76D2EFADE6DB1BA04CCAD3DA649E7E2A0219F592E22F2AD54847EEA8E42271011E9074F8F3DD9FBA6CDF88FFC9FC7E811AD1CA8F4557CE4AFC7BBEDCF0114A48689F20A584520C74DA8127124B767E2FB91A6B186246727BE63C9445BAE02088D58B8EFDC0F1072407CD9B89A13F6303B4A928F593AD489B58E686
310
9325790ADC406036C591729FE14021F94B7796BB11848D463536A092A26F077F94639F7CEEE2A724C66EC885F4A24F8B8A0AC321F8FD149BA529460FAA34E4663C02D41FDF80BCA222D42F0ABFF8490F4FA74C673807C2051D8E467B47B616072860069A9A303ABA9B319D58404461401B0A0F9BE5E1E151C14BC33B32ABE0
310
3DDE91708DFAEB15E7C0D593C86BB7D7EC17BE56E57975F077BFD5525F3A1A361D584A75E08CF29FC7B44B2B3085014F3A5A14517377C3F6B8F37E59514C3B12F8AACDEDDA4DFC49BE5710101534CD6FB6DE15B50F11A09472AABA727F0C49D9CB906B158030065F48EB3625E010CEC1D511D0053474B11E6A4F01C0D6EF1B
310
ED3A944FDEC70E0DDCDC756C86545910E0DAE3BE3AA9A404574C2995CD5CAF9549226BC94B4F4F0F5F9086F418F6B32346464610D8BC7391D3C3A3CCF04CFC1FB2A3A3170E369511868F14EEA4E5E438CC73DB1F3248AA94B6B2FF33B222FF3D1E7BF146CAD229770158063BCE4F5391964DF62F7E52A7BE0EEA829C9E13C4
310
C147D6F93FE59E111DAB5E4594D6F3CD1AD375EE039930EFE5AF2BB2D41C83C7DABD8C659BAFBE8FAB392CA634F3D15C1D945DB4588D2B0824A4EC928AAC565557CA2F0DAA588CA5BE30B3A8004F7BF005E96CBF891D7F18112A3619FDF530DC8AA64954258E1811789B5189B49B4EB53F5F89F7D37523894F3EB57B373763
310
C91E502F52CC99EB7BDDF933FC324C4FFC2561DFFA7339FAFDD0A4BFBE6D3A8FF9ED1FC49898139864602458968913181918F719CCF5A68B2EE9C1FF050E34E63107003B8120FA982C21B30A874E4F5E4B38D5A8290C4B8D9BE48A0BE31EA995BDC37AC6DE90BA17D259DEF53605D55922FEB1855D915B659FBEB350EE0DFB
310
2F9F766E1C84CC8964B75D08667445EAB966015F63A18A9E0A325C1B3DC628C0D3CB60F767FA93CC65F25458BD23C3B312716E5F40E5858AC06EBA9AB14F95DB99147B832069201541D09A0D856E12C629CF32683760EE855537D1901988D5EBC156676C7DD51D7207CF3267AF1D76C2AD867315E44618015313A98B19941C
310
696FED3461CAA9B5415F918556D7802EDACEFD6B2E45853A9735DFC9DBF7E440F9319F8B6805A973BCCDC76C069A9144E51F187EDCC12FC31B5DEAAF0A76137199B106EC84ADA6B6EE697D4E6A96E007417F4E880E8B1E89B4BCE9D81EF611E2ED8F0C1A6C25F620FAFAAB656A7C42D464880E8AFAB0E0FC8EA38CA9A8AEEA
310
EE3E4648BA4680270A89743CDD3E6C6CBF34B7B640EFA285ABC7EA0A1E28F3CC963D114A80123EE66D0AF7D5380EB41909B605AB4765B709B808590458157E69BA1378FEC4B48CAF6A730E3BE3C5EF2DD1A5EAF94B1DDE50CEB55DDFD7EE9A16747FA4B223359FB1FCC69E1194892BABB93A1D5C4E807AC0EA2E30180811E7
310
7A2291F6E7F7FAA5E0F60215BC6024E48DE436C511F0628B8CA189982D4D83CCA17D305A7E923C37941CFDFDCD93ACAF735EF5F0E61BBD3E6C41A59B242790D3A3BAC7064DCD89AA2E37214EC839820949D5CAA31E240D2948E48F690298974A96BA9A8432BC90F5071D6537C9666EA4564796B7AFFFA548077BEEA75F6308
310
3435074BA182F3699557397F71548383FDA8CA34D99B981E72835ECDA5DDDC151315173D05A21F651AAF8524E88209E2E7A737ED1045800CE3390050BCFB8BE588DF111617874C62575039CA588EEFDEFEFE319B739DE2EDC147092A262611E159650E787917885EF08F1F51B8F2D8A71D60B58B190FEF9541A1BE94BC19FE
310
A50784DA1419FE4B0FB51B8D36B5FF8E1286FD8AF42B91E59A5F1CC4D60174E764045FD8C57B18209B217F89A62252BD20BE0E63E12B8E8F029FE19E0E8D0870F58721A557082250D5424F7909369376E41666C0EE77CD87CB283F661D5FB6D0DA023CB67320A20DC7BE661E9E1BFE5463085C557DA1FF9BE835733766C3D1
310
39F2CF9E2208873AD0EB4814DE9E6BF2CAF81614D4D43906ED1C05A3265CABBFE192770FC2F64F940CB6B17B5F166F133C9AEEAD2641807C3E69515171DD74C4A85311513D6EC9530B3B601B6BA3EBFF3B5C3D2F7D69765141E345F75433953D013ADDF8F6AA7DC3F4A7563FE5C7D367937E2900D7EAD0F9FC9A4A1A9B5BDF
310
1FEF08532660C01C5D6DE22199AA774383E306DAB87E301ABB7D213887F9869D4942D0D71E94B27EDF216A318BD488D45DF84529EF575AF3C3938C0AAA0215B01994153E2054A0B894DA5C784980633AAD48576957CF4AEAEAFADC7C587368551C73DBE1E57C58AC713303A8BFC258BD04B51724459FF9E24C03A81E0E0679
310
CEB9B348C0DC998FEB9C6D6EFA77D247CC8F92D3848599ED89A23218D0636465AD1CEEB7DC140D7426F83491C4E8E8281C2FB35240918FFECE880CA2A42D70E8B20B34DF5221C7DB0CF90ECCB9C745B37A47E9B716FF7A97B7A252C1F3814DC7B1E1A7F72B8751D524EF7CAE45B0C73B3BE7D08ED39781B380DDFC9AA4A474
310
9C9493DB5BAD07A6EA6C092FBD0E85DB004DF06B8C9D3089C5320187E4CE1846158C7EA7DDAE8AD9AFFF21AA3A1026BB06A259845E8232DEE62811A4DA9CEAB3A4887320B76E2AE5615EAB7BDF738CBDD01F1E64064BC13D9EC53576751CA8CACD58B3CEB0E6CA585BD089B2A59B9FC101403387AADBDBE70586B93D64BF3A
310
D4453EF9C3B6A93817E8346991798601344F79A83C51F3D50F7BF2683A3605F51A72449489E0EE6169C749C60B1035651103AEE24D24E51A759C840DD3FC6504DA6FE107510E447B43461C79D22970B75DE5E1BD3007D1AFC619A4A4A69B5626AF5E9B8374E20677F77E2F8E73DF868E8BEC7EBA7B6A75EEF7205E1AB9486C
310
B642741D6E03FF13FCCEDB1C4AC129886268B01CDF4B124AF797CF784F3C6DEC97A17D4B558070A0F1C04DA4FF9BDBF34159AEFE958479824B3F58EBD1E19088A2AFDE501B6F2052368A3FD0E650A179EFAB1561E1D27527077136E652676C3670F42DCB3352F48F6BC86D2C3B0051727E41A0A4DC6CE2BE9D47F5CAA2935A
310
3C0539AF080665997194ABECD723B08129CC5B6B21D2E7D54CD4D12610E7E9FB8306771A89576C7A982002775ED44F3F744CF21EEBB27A631671D921938AAEE3EB0D19CD1E083727F607823E817BF599DCED5394E37EEBC2E88782E638920CA641EF74D4CDFCDEF06F4278ECB18E31E7E9876F2D783C8BF429C75395F57E98
310
C2B495A3DA077EB3AC3C158608B6B57FE3EA48484D9A480096FCEE0DE880950E7E5A5714131C5C41AAA29FD19AE81AC145FA1B9E85C7169A5AB837B213493DF7E9AA4B5FBF9CDEB36EBD21EF1181B7CF7366AB2A951D01E37AF4EB835D1BE8C117CFBE7625D2EBCDB0B20C5A4B45CED0BCDE3EE8DA9DA78C2E21DEAAFFD119
310
7E463C33CC6A80FB785669B856EFF7A8CCCA2841B5A5369173320B1170C368B2748D81062EA0296E5E2D95D7667A4A46D98A6FF475C76AAB0A8C8D45E226FAFC9FE0133EA9F60111F99CA81ACE03A1D14C89E8B0D69079C91464FA1D99E651D0EAF606F345C42A8A1AA9BA391031582B96D5B4176A77AADB01F12FD298A75D
310
EEBB2C82F0B8650E880722F8DDD90C56A7A058E5FDEF1AC93545BA27367C76F5D8F9690CB6F8DAE141EDD7971F0FB548A2AE435F224D6E5954CA155512F7332029D5A1230854B79F258EC5FFDB09F5F6343A8EB193229B7F7E79B3E48F8E183860B38C8269D1B53738FF1E0BACF6AADA6D4869E9DE708E79B5DADCC09B1BC7
310
6F649731CFAF59A83FD8BAE4C749D66FA87A3810D4D62FFE826FA400C0F325D2BC0F3CA35F5847B82A2ACC7961745C823E4D863D54460AF792CE6F79B5C7A33B25C3AEA6CDE15A919B6367D781E9D44F61BF828672594A3E1D9EDD6DF179A81F27EAC05B936575D73E05C209DDD2115CFB705DF9BBF3C911589B3640735E9E
310
618FC9C36A7326C82B2205E244C55D56FDB9D5DC93CE958D4BF8174D2B3DA54CB3C09F2C2A6DFF73D23B2197355761AD421EC581284A7EF8DE2CE3497C0C804D49B41DFD6A7360844E5BEFFB495CFCDB97A4595911CDBA623274CE852B5E278AF0BEB1770E9D37CD977B2766A7DED0E94B840E1E95E8C77DE5CB6354AF7871
310
427C28ADBEEF7BA0A28E19DE9ACD75F379FE373EAE6DDDAE3834692F9C2B03B4FCA8FCA9ABE8EEEBEBB725B88A7C90941E850682CA04061A7DF0CE82ED49BFAFFD42C309818FAE14755CAAE78B0F73243ECCCAD7DF58FCB9CDFAE7A4D3E6671A613639130D056C8383C8F4FCF4808C331E544DD26E4755D09EA05253B3049A
310
1E32587CC25D72E073E2CD96D04A71BBCB0038FEC3F53D254199C3CDC67CD66640269431860225392B2CB3ECD0B4498AAE78BA1994246AE1EE78F2EDFB79F6C6CB6B5E279C4D373FBC21CB2698C9ACBBEB6A4BB6B39E16AB0E421CCBFC7654D81ED86022F9BB522146F9F4772E2D0E4FA70120C95A85A417BF5078B232F475
310
4363EB1750B2AC2148EB46B1EA72AD9B4D23ADCBC589D70106C3EC2ABEEED84DFE28E718C6C83502C28E9FDD3B09DA0A6F6F7B72B706A31C9E2A331EE70DA56A083D2177BFD63C55B11D8D949FAFCF90B23A1E24B9B5018B9A17E99F2890EC302F330FE7936E2C23F0D237EC8916F5166AB84B62A21BB0B950146962D754F9
310
2CC2C8877BED8FC7B7B25726DD19545392570B3A2C66B58F027BEF412E552D12A588C4A3CC5C3193FCB3485EFFF700D0B9EEC077754A33DC1FB9E25AF814628F91DDFECB667D3F7690803F38D13F8AE39353523BB08FC6760144AFA2CE28236F65EDBB3D5F59A57D612B99E3D7E5F8A851666BF9B5A6658EFC96EEB37A378A
310
BB0EB3FDDF1303AF32C41BD1C8560745D7BD81066B0D6313359CF488563D3BA3F8E2185D1FAA3EBA1397C9D0E3DD232180A4DCADB6AF25DB3AC3CC26589C8239E66E81547BC7E2F328F9884764CA37EB5DBE390DFC03A5246B456A7C3684C4377D0EEF9A350680FA9A077E8B2957B489E09AB1AD41316944C2254B5984830F
310
691C93CAA767EECF976FA5647538830B5E63236A6F0365C1E0F3E327F24FE35EDDBD7360B0F7374837409F7A6311BECC12B7026D4FA1AE204FA3F5FE904B1F420C7A9044AE58E403E7C4848E7DA25DC9EDAC79DD756FAA26B9EA83ACE8A214A2612A22AFA19DAE7DBAC5F8CDE1292A485F98DAC731A29FE01A3966E96BCB9F
310
B5A4C8830E1B9AF0C54B87FBE221A097036E5D28D1F869F810C06A9BB0AC0612F69AEBAF893C6E7AD59460208BAB3A6B09CA4F6BDDAB8CF0D1F84B72487498395A70DCD754796E271099A567A55CF242BBED64696378BB6CF25EF0FCDB589F3A82F1116D010A9AB9FA4358809EE0C973A2B4229BAA876A70B03AB49CBA7FBE
310
71DB1832FFD32F9BF2C8E98075CACAFB36921235D0F552B6A67E94E094097A5D7DF681B40623DA535ADA7A9AD8E9A62407D7C9A5AE51D62A17A83A23728DE86BB56115804D3F2675F2C6B87541A0FC497BF0CA86420F558C9859EBE9FAD62747E323E3AADC03FDCDDFE7407B09DA90B44E3185723C5381EAEF589765E2F7A0
310
99BA46695BAD60CEF3491B8A171F5F56444F7CE9455312C3498C74173AEA0214EC029833B34B650CBB5A5508D5091665309642791708ECF27CF11DB3D797D6CFE474453BD4BFADB768094B2147814D81C7CBAF8228DCAF5564B5891F5EF6A860EB2E323CB82AB868D8EA048880D63B0DE5341F1B3D53297B928A11E15F25E5
310
148990F710747C3509ED14909C552EBE3973246FCE55D00564D8310BC3EBC5085D08D806799B77D6C57FDF5E55837F9E934F09C03C729271B64F12D0A9F9E938107CAF7BF1EC8CF1BB9B42363D33070F4CACB425E605DDB0A34A12BB936DE286B9887A4E2E558F0886498BFF49C311D96C277CF6A9FC0D75AD0ECC5226D7E0
310
E3572012E56D7FDE4410CEC7A6D0F997F225A2055B8B92E3956E875AE4993CB3D4C9063AF98FD45E1BAB165640A43439A2C9181A7C355B297C0A0CCFFAE19B6FA3C2BA238A885FBC98B8F6DAF4B94B97304878DF4D8BFF6A4AEDF79E90ED4E68F00CD7299F4E0D83E35601AF0CBEF18C1E870E74758FA91F5131075004DB3C
310
FCF09AE1DABC11957FD9808C92E8A678CE9DBE40DDA0E0D1D505AAFBCBA208232BFB6FB3704E8985E61ADE53DE74152F5C7DE74B1DEDCD37DC3E8FB30D7EBA8B9EFFC3606BF90B8D438279CB7709FC7C00D327F41817EEA71CD9E49FE9C8C9A81C70915D9F0F15958EC5AA4C3BBFAF46986B90F188BDB24B89DE3C6F29EC3E
310
6F66D84856EE96A35E657CA41B41EFD8DBFA16AD6E91439EA92B40B21C053249F51AE50EB0B24C770FFAF40DF12C8436366819C48E36547D4E7B72FE2BBF10828583057814A668BDF183F6B2E58DFB151103E56303E63D00F39C27C4661605DB644D19175D02E3F0241E8FC3458D17AAAADB117CE9EEA690D0DB01E634878C
310
04C2C9310B69FCAB831151E3AD293BEF6E46B0ABCECB50F5939B39C613D41E81FAE8D34CAE3C4566B761D37185FE864AC32FCB71AEF39DAA5BAB88609BB980CD2F07A8F941653B529567726E2B2A58D079DD57E1E5E31426CF184A04D7B03B985F276D47406AF276FE32E3328BA866EB1FD39BEF57863A317634AA5FE46740
310
9B3873F5069EF0D71AF00AD189D17BA1974ECDB2D623E9E14086386A6AAB5807825C37B015BFE892AFD154920EC437EB945D958E18622E1E0FE2FA06557CE4BB9BBD05A2D40E774DA2B65473791E314B7D6C886820B2FCFE4AA272B3B8B15E7344A145E8AF919B5454D89D36D413E87211186BF6F645E5EC94DCCE8E1C7990
310
22E4EC9BC86D7A0F2AFB1FC4B2CE48F84B3F49ECE65BAD24CADCC07EFF39AB06BE9E6B27A059938EA7208838455383DDBCFCD967DDE4650EF92A14FF933C975DB20BD7FEEBC4487576485963D757D16340D9599FEB362F775F38CA4185A86F74B629C81B133644A3B18FD056E997E0734F9BE26D11C0AAFC669E2AC9FC41D2
310
81F8B2E1C35AE27BCE05F3DA295488096688719D974DF1B5D182DB7792288697F8763CFB43562C1CDEE11C4AABD5C22B6E33F6F389CFC3477C5919DC0D533F8A7A1846B7ADB60ABDC26C43D0CFC8910B7C15EE22675BD02702ED39DB77A87A192CA7A543E6205B979B9F5A6B512A3CA799E198B2D5797C0AF8D1D872CA455D
310
4D431A7879D4DD76110B5FF7F4176B54477A9EB5E4A5D11214FDA585F0382751D8E2582BA5D2075053298FEB8F1537304E32CB22C2E2B693DC0A760B1DFCA751BDC445AFDCBB12820ED85F6D5298933C7EF1211E9E057684056CDA3FEF3BB6052355E162DF27C59E965A8DDB7F9437EB72CDDA3A090DE65A5B2F50326247B7
310
EC67B73ACC7047FC9B353D6EE990F772207C6EC52B39DC2F3C0754821DAB559F7C1809C7D0DD5B0499D0442E0A6E391B3D5DB46D11E731E6794EC77523FBDAA242ED67F9FA1FB684255671F63C9BCFE6E7E896D51001A6113EF2298BA494E0B0980D1FA5B9D60796554C02256B1E0345FB7C6186B6A19D2DCA270416262845
310
FA4F42DB5D9B0A0B6F07FCA2E56C242522E001E0CEB734AF310FC8BFB57E38E03AACE93B3326A2197891E68452B26A6307FDABFEE0223D3C03C3C73D2D5BC054C8311F12004CAE488E5C29287F8156A2CAA4AD0D7BE6B97264E4139F437CE73ADF52E5134C52B819777C18B323A5924E4F67AFD13B1CDC3A61793A79FAF5C0
310
CEB718E441071E797C6DCCB9EFCF7E4A1E9F3DF3C2F9C9E8294E9586868788C972857FB0556D7A26941A7EEB9B580AD78EC40B85DC906B4120A563CA3B87797ED612D3B035962BB75F6515A393F4CB057F564CDF54F2E5A024514E6A1F901DB80C7E70B1FC05E356A7E72FABF4775B3E3FB8F70A2A8E7B6A94542BB3041579
310
78CCC999E707A29CC795E67A59CC546A5D47B368954CA7B6E75EC9E1F6FC73CE3B4F71F8CB1A6B15923D61EAAEB14626AAA9D04A26EB9C66CD1BE86CA31A5D8703DE04CD1EBCE4F5CCB62F93909AD11E55799A781A956ED27D3E738F4538CB04ADABC7DAEF20BC35BA6A90BCC1DC61BA05F20D8832FFB9BC9B15E2DB838A0A
310
FBB7E0C82A562127E0446894F427794C3037186F622BF24DE1B00AA10A23BFA47B2A180D6DA5AD6F7326FEB8C100C2D7142EB2A0B2A9D1008A09BA343D70E054AB69E2A7EDB783CBD92537FAF4A44D1296AC2792729104B3276C276C951D0CF3CF3F1E6B017720A7B8505A5FF9589365979678C36F1BAF759EAF57C60F1FF5
310
FE9DCF5F8E764FF25A2D06CF25117A8FED51884C13B2B750DB0E4F5E3D64124FCF11F0AD8F1CC3B3DA4B38ED22BF1CB2585EE6BFEBBA63FBFD44F9537B9B37BDD6B358720F98A8125AED4349CCFEB0E135F19E208A04CA7E2B10711185D72E381F448036EF57C9F874E54A971CA37A639E986AC0226DC5AA00D5B14FEA9192
310
234B3DE617814FC221C92F33F1D392F297731B567FD98FD91D989379AF567A65B8ADF177591DB90FBEA99BF4ED11B16E50A0AB1DBF1156D034BBE04D69D08F939D8E92BF525A1DDAFF80ECBC95D8F45D3FDD289FD23F7D8B452F8EBB34EC082DEEE68E18EDDF072060FAD2AB1504DD4879BF67099FC58F6E9DEFBF645D1633
310
4A3E9A127C6F1AF6132CF287E433B43A0EE93812B4AA0B194E03EE3FF91EF9C6ED0074A2F6EB18A96A7C9890B1FCDA1F2095E944DB911ED54C60DF16FB74C8CE9BDC7C54C4F14078CF73C2FFF1F1BBCCD7CF64F71407EA1683DBC410D226627F66E509060D5C0AFD611DE681D509DB8DD12FB1265B03C6F5C55FF4C30BD941
310
87FF692B4F152982502F193098A789526A038AB529A52BC0DC4FB6285CBAC10A8B8DB75DCD9BDABBB221E27D1F8DA9F5EE5926A1C8AA9BA9BC09239C6A7F12914EA3B59EFF7AAEC3FFCCE56F1C5C2980AD072793527565E774F4631DB178CEEC691B1F367BEA0CF2907E1D6B854D527065979DDEF002D8B2ACEA7CE21AE297
310
737EDE1D45B31233B73FEA35BCFDD0B09721FDBAF6432681F2FD10C3E9EFB246FD6E854B344ACC9D8A0EEF876A7314B49B6A499FC650B099D650DBFEC7638ADFD245E2B7839DA5AC5F7D5623FC0ECEEC8653FC9B2BDD1AD4D00A566FBA7186DD3C9CD26512551637498CADB950FEC71ADB9A5524285DE328B8EC7EC75D2345
310
AEC6A27C42AF6D9B92155315C80DBFCABBB7DA0FAE425C4FB896B15C9BFAC4FE67DF5A23D30C93DA4D8F36FB15D100050DA6062E22AEC5F4DAC4F6FEEF97AE05DE63C6D38F9E068A20BC5E3B6BCD75320C5090924E7F93640A7735B1A43451C2D91EE62C6238B797349E59890AF3A520DF4A87095F3ABEC2E61F0593416CE4
310
6CDCBE0E00E2523FCCD04408588B5B6C9DB6459C786CE378770B54F51DA3A5E1DF2A3349BEAAC234A6CF8993B598B3B25B4B113E353A4D750FA7534749430F3EBF2512E7EA3FD43C6AB9A1F765A58463B306721A15D224FAFE8C6F5E3432D57EE697DA0DD5A9D4866A8BCCAAA9DFF1F06047851408FEC060471D0E3EB86BFA
310
F46E4B5E60311DC3E3CEA147C75CF971BE74689507154FF2D2E92F15CDB2B9182B11459FD8ACAC5A85F174BC94A7F4EE4C4F5CAFA7C02E37BF0BC77B7DCD0C047BC316F562A01A441AFA7931CC84A28CB9F4AA367EB515778F29BFE61195FA671F4352E5E46E3A64773F1F76EE5EB36D7BCE9BCEAD837A4D77F8DB8C92AEEF
310
6711920D7C7D0F76B0FD0EB7AB83724CD35BCA7D36DDDF5FBB7FF6F04A91F3E2BB3B8F1A43CD659639507FF6331C5F697BCC782AE57D757A27D97F1AB9E0AEDB43F92F1B2AACDF5FEC8ADBAF9F814E2027003BA2F9E144B1938A7A04050AE5D953B82C45619165C813A10E76DD6906B3C16438064D14CDA713AEC420034613
310
E1AC7241904A49FBF87409AFB1FCB9B72FE7933A87D8FBEDACECE4EDCF6A4FE9FB94D5DEB74FAB7CFEAE17EE965DF980DCCA2D04134994F9A2E94D2265DA4FE6AA7B7AC15FACAC2B5ABBCD7DFF542C5314FDAB2E1B9D8B65220B8E2B638BE008E8DCA22678C820C5053664D15E89F2D735B51A84955E81A443545E9FF787BE
310
0FA700A76D136C27DA179A7C6E8939E01BE756E19CB292798063D8B97F44E8A27BCF3A614FEB8BE974A718E86F7EC99B53CA35FA24F61F2B07266684623A3D4CF073E511F3A10A8FDAFAF0078C577F4DF9D339FE7862E5FA47CF4344209E5BF76D783B1B48E152AD281B15FCB934DCDA49CEC5706B1EE8B460F435324A5CAD
310
154725E21AB8044B75A557A79F6C807B9340AA3D92503E866F4274412926C8C504E4D5EF8C0E68DD0B028781A6B4054F11CF18941F101C57CCC796773ABC8DED9CD91FE5788806C05E548895354AEAC96546D55B0E94A59F148D061F42AA398D822CDECA4CDE79E13469BDCC44FDC990F366BA5978C15F97ED80CBFD73B0CD
310
9B8B83A4F6845BDFBFAF034019473FB9A63BD55D3A4A7284757071574029A4D016DCCBE95DD679EF3C4880BF169422F8C89B68A988D2B13793CAED4F74DE7486C72DC94DF46B8E93D8E02EFCB1FF9B3BA10C8AE7F653DF94F4AF466CDDCEF5776687F7C4C14B63E4EED1719DC2EC482D7DBCC7AE518CDE3D5FF86D39000EC3
310
673C0044E1D308BF05F74D1B5F033A7D1BE7F74BC55BBE3E4A20F920946CA0271EB17BD2B80E5660ACB8A29A79F5E4BBA49D4D945B6EEF4A7EFEAA65E5555BBB57A7E15D2F83C69F30BBB978D2B39F1F26FC097424D39BB33CA3D87ABF64E307938B685BAD44F71556A30B7E712CA4FE600613C3E554B69ADE949A7CFE214D
310
F1FFF05CB82151EC6FC31950239F94CF7AD39DC473F6EA356E5EC2C4EFA04383CEFE985A127484366FBEE3C0EC4FEA363E4F6632AE781392FD45D67B63FB8DF70E82734F431FD3443172A0E30A83D60982D55FA6A2CF86DBA8382502ACC6CDEF3B907982EED1160E14863FA242F9757347E1544275CCDCF71ECD5F8621CBEA
310
326B8BA884AD7F825781923E66971F04010D574C541D8427A438A37EEF8AF88240EED7362C953F5A81DE2D56109CDE2524EA0F5D2F87308C0C47BD97AD605878AB8589E17CA83930CB5E0DCCD75853D68B1AB136594926DE426C367428E9334AFAFF90ECE221BB5DC9E5BB53D2CDEF954EAA9CD814F0E5725F1965DD458E5F
310
8487683AD86B9D0076BE3EE91EB1CECC5331A67A3F79D8B27587C12EC2A6A70474749F27B4C0BBAFB94B34189E88DC18964BE4121B9137FD516C7755356E50D6714E31ACD222621EBBCD1CFF81D87479056A9DA0E0B8EA19D24CF937DA89F78E8650CCBDC110AAB6C4E46DCBFD0446BA9E2060E81F314AC2031E88135E5476
310
AC0160EF5C0DD2EEF1B8B5CB2D198BE9A554A9093B5F7D7E4B5407DDFCA1D9C152FD97F55BFFFDFE802954DFEC8995B983E28AC92F1971E28F531DC407A1280EB125F64A72E617EFB27DFBCEDCDA2D6F2BDADA36873EE46B9BE1782998C63DA7182BC383FB6FD15DA472B175D7E8B4FC88F38D6E07FEAA3FA3CBB8F6B449EC
310
F14D2175E5C5CCA3A42ABF24CA6C9395AF74535F4DDB38CB84F56614B0FD32D7E19CA5CF988DB4449C40E23DF2B16772594554579094450F56F253CD25EA7F77366FB1CFE79696C428BB64D5A41E986189427E5E4D7E2DAE3D5BB4972B3DC44EAABDDDD63A2264ECFA5C786EB0EE1FDC5BE34FA0F08376869FD1E61EA06CAE
310
15191135445EE8F0394161C3266A596AA035572BB0C8876180D8B9C77D307DF9DCDF7365ABDA6F3A2366436457A4DFC1F259666569A9E4A79C817BDD5610E5200FCE894A358EC72858D50EF67545DA81C6FACE3D457BAF70367E1E6BDD9A952FB4F56247F58F523B97E640246051A72F79BE42FFA0B3187F63097F91C48B86
310
8586F714B0EBD5A00A8412C1236E1298F60C72BE6C96B82B404CADAA304AE9F303176B14BA53FBC2D5E86377E35542019E24D97B96A49B2C0E5006E7795954DEAF5DA58958839043C6C70BD3B1B33B6DC5C31316D8A6923F142E26F6711A2258AF977DDF1F970ECC4F1F2B434B96D81BEB6E89BF3BBB3C7C8CC80505070723
310
D6D7D7D3C8CA27CA164A26024FED94B12A86031867241DA53D929636DA600F050BC40CE48B8BA03D69224720DEE2ED2127390BDF5E6EA64527BBD4C4C63FA76BB801FEEC0E61218EC98A8A86CD8313781617877E66692839B9468CF4DB8E50A73986E558E309C0D6F676F921BE02F1185454DC75B111572FF9D27D85EA14C0
310
5AD7271225B391C4275659CA4A43759D0BA44639BE4C30A84DB7F67A41399FB95CBF923B1B1672ABC807C1590557FB18D811983FA97F5E609516D62281D38B1281F68FC75528C35E4CD7DF0F7DBB5E5DD69C414EBEA2F4A5B241B996BA77AE6C772E367408C633EA3E438B68563EA8BE7667F3A4C4FDEEA52ABD78A2820F44
310
3B7914A15F180018D231E64519C56A12F6CA7C8DAE18F06F6B769DBF92329EF6A5D18FBCE600F36BD8E8198DE5CDAA96181F3A756EBA5501CEE58F497EA4F418A2B82565B9BCC611713C0B708CCA1F398B78C5F7D03B3437CC18F13061F55C7BEDADD5ACB1DB0E36D3CE47FF6EA1A563A57E9649EA5D14D1A50EAA45746338
310
1C073777EF1600607BAF6428A7DDC079D47A204EF1E1F1F0589FB054D45E02CE623B3823C317C601E589E22B1E88B448524B86A82828E32345EC18AE17214B42F8C41C6D428016D9BA31DDCB47572561E5A402E5BA4FCE55F78AF7268524AA04130F3A20BA5D1E9F9948EA48FC8F5314FDB35E21898198060034ACE5E3E2BB
310
CA34092518F275190AF65F45867FF0900AA4B81F25427414C372BF51DC29AA855C5428EE1EEDD6B849AD60F6E73475C2D2523F8A2772C840A478DED18A8C5C91B085F255DC4F54EA7AA8947354FD17ECF8FB3B4A0DE7B483CAF3A1165EE05BBA413E5C1FEF3DE1D6B8F2F3F3251C17D9FCAB48A9AAF63AC773A0E413BBC46A
310
9ADF84A566FC920E4D8C52C9769EE3301CADEEEDD92B312E02E2A7E35B7F1E7D203FE5A7D75578B06E99D0E46FFADB8FDA17ED8880390DA29094202D6F645F76F6F96409CDA05495A96E84B04A00D1A6C6C81D7F3DE9376E828CCF144EE50E364ACCE7237EA0BFB5607ED1AC3CFE73794E5B61739D14DF1743441B1AC98F00
310
ECEDE9E7301FA29755FBEFA68C91EF2B314CF510537EF1ABFC9A762496280B546F5EDAAF8A5B387D469FC9A878A92828C88608453ACEC6094DCA54111E7AD5B2663DFE2DD151B7F123B9F4FEF8EE36AB125FD7AD52A59B1B765B3E3F73E3F73DEA93875004D2AFFE3CDE9493B87A9904DD052028949041A91DC0E1BA47BA71
310
4343FD5B25E0A6A09503AFC17C790058A836A324FE31D7893512E28230332F153181C1E018E1124EBE1BA262AA428A518237D1EA7275E48C5C561BD19ED6912EDD8367DA0F31E40EEAE9683DA9257525AEA7B632B97119E17145A90231768A4F3B9120FF32E8319B015E3CBE26F1A754177D8185345817C096B0CE443A955D
310
13AC15E1FB5DEEA0239EC32A3C92241A237B0B02FFCB4F93CF2B02570C8D192E2F2A68CEEB42F12E6F8CEEFF46C251E22B4341C56FB08CCE550E7A9D6F4D6564B9EA52A83D5BF2C6E03FA19D2775E15A8A7ACF30A13C259EE7F5EF2AC3BA354F1500E1A07FC63FB4686E2F12EC69719F9ECF5FE3F35598DF2CE944008CE78F
310
0911BA5BE5D0A34E0098FF038669C26030BA9B300303039852A8F6F496341737CA7E0D2E3AAA36DE0A70AA7D9CA0D54D9AD84B18A44C9E625475E1C97B93BEBB38DCE7D227E67A2D00F531436136355F243D1FC0D712C5765754FA22FCFFAE97919161F46D6E61ACB37D83777B385889770B50765B127768443A5C4D3A4E35
310
A3151111F146B7CA116F918A049F1C272F2CD7976C69A0068773451659A97E0F4A08FE604C3FF6CE7385DB19F4D3ABC8A0D80DA8A42096AC377DB49382B36E270B6FA7570188B4B7D1DDDDA82ACA487CCA5D38BD3BD039ADBAFA4ACFF27809239B722081E2EB9F145320553D183F28471C388BC8814E5045676767AB58A8E7
310
2D1CED2CA731379515D2E533E4CF0B39DFC625F97AC4836831A4DE330E87A8126FA17EBE583D614E71E22A8DBF2825599743E0640037303E8E1B1E8EA4E1ABFA4F62907B5E4E0E5DCFDAB417C36C6848A2B8D15F1E505434C0707E16B1CFC2A1C36A42BBF55734F8F4301DDC2A5110CEE8C0747F69519265012A2174BF4E95
310
5ECD4FDE095A3ABC70536B7AD0B9D7892F81287D667C108703C9B66A221E9A0929D030008F77FF6F5D2108EF5706FC87A3069B976F7C9FC3239D13D283CDEA83597461079FEEE049B0F392889898B7D87D31F8D60ED7B56B91823A8E4EDDB36C6172ECEE42BD42B12CD67994FA0F0DFAE9389356F4CD4425A4B8AA55CBF7EC
310
D585C6A2C2316791E43D5C06841ADBB226A87FD61515FFBB0167B74E56BD7F3E90A57A97FEDCBDF483A0D6699A8C0849CAEB4947FAA90D8E332D9DEBD9F4738C37DA0CAF9CF3DAA68BCB67C420459C7A64498D6E848E5CADE92BB6901F607AA331104A67F7CD650EE169B1DAE94D2C31C2F993632259B6957E246EFE4C5481
310
107B07118607700040E5812A2A2A38DA0076875258C753F60E0F2662C748EDD5F3F3686B8FC3BD6FE631ECCAA1E8B1C1E565AD117E54893E79F4672E32F9E46B2A183DFDCF3EECB4D4D077DBEA0DA254D256045109670050129E9B9B1A9E4A11344D61497A992778095151510C4BB7EF2009B63AA4360635312E4CF668B7E0
310
D3D85A8688E2BD83B569439892ADB63461930D428E0DE42E4AC57CE48DA5CC1449530D8BD3D6A0F08DF20C8E8F570F2CFFFCEA286E30969B4654D498A58D9DA782E19FE3F002181838925592C4A1EF0B332D88B61A92C644547BED490D3A42CFFAB70E36D961F694F6307F72FF15A1C79D5B1B5CEFD353D9E2B52566DEC8F8
310
F09CB3E8359C0F68EBBB7898243E34E12A015B2685AB303C04D3A9E00671FF3DFF0A184E4A2ABEB2B666AF5B3A209C73D8EF29DCDB069C9F391EEE9DD0F74C7BCDE16F8F02E3B8816122BBEB50665775B600549D8BB33A54A6BF940C028118BC6878C79958D6784F9DEAA6E26748386FFAF8D0D0101E2847B6563F5D8DC1D7
310
8F787BE00E2C941AE12148D4A81599FE8F68D4DA5CDED75530ADE138240300EE13B0FC13A1687FED6774662C05A2B7DFB186732F0D7A93545D8B0A6390AE5054D9CB582DA846D7A061B3358B45E2B52DDE63E114397EDB7E09233A579155D795BE76102CF277F4DF8B188C4F2879BEAE3C08347124BF9ED23B128259FE107D
310
31E34A652F090B30B39E0D9AF917B76A2806135621A8A60681F16AF216514BBD02711585B5B1AE823F4B2D0369EA5B6BCB863072727FFC871CA6C9AB79A814D989057E9470A3D238BC87CBB4A0EA49AFE2B86F22E499793CAA9047080450166BDC357524561E258C77CB697F1ABB32562CF87C3B7AA12F911EF19FB3E5C022
310
22E887D08202A60A17151F5E053A86B437771088B4FEE14D652C43E8D939995D34545E12E2FF93D4E366EAD25F10CB7DED141563C3D0C447AF06078A91135FD4B9611583CB4BF3BD167F2399CEAB0E0100F8FFC305F00F1711717173138B4B48C83022295DE657EFEDD97F238ECA80F528AFB4F8D67AD4E2594B9A3AA86D74
310
87EFC313BA95745C186F0CDD84CC12DC9CB0424B42203D351FD9C0A3AF10CC7F388E0329279087386421F194F4A29464C1DEF7EF8BE515E4A199DCD5B909342598D8FE6A231F71336248D5CEC5454455C7BE383B3BC7B260FED27F703FDC39A170F3827239102F59D4DEE7FEF82EAA1A5E4BA94DCC4CC44E7E2EDE20F24244
310
E4454369D2E87C3F823F193FD4FD27E1C23984B01898D15ABC20711A8A558054951A6AE280096BA36CBA439603B7B0B4C45F248C14B2383B4B5CD8ECECE4FF859AD4A6CA2326D020EF090F4041D28DB66E5256B56232CC52829DE8060BAE6BBF37D4B7469B822454FE93210A3E8D15E69FFCF01123222611C51C4FD0A041A0
310
CFA2471CF6BE38D2B20FA4C3525B5B8B586759475CF80ADFE67A284AC24651E52B8E683D24C2622642F27E7C3C22783BCF63648BC398BD6CD0D9C97E7E7E3EACB6126DB7A6C1FD9F1031302EE67ED96F22B77C7CA0239BB324207559B105E4693EB26EC46182A92C9C0DBD24F29B31C5C5AC1F84300E0E17CEEAC15F5736FA
310
4A98971E2F1423BFCD68D4BBD5F86E74B40A369F39507C88FCDB35D2DD8DEBEA4AF999E23CF2816D204200DF6E611781B9884C1AC8888B4DE397320472959434323A5A36B22A8E1F721A270DF3BD65E4A31C11FF048AFB0D8B7B6881423793963A23CFCE935FC189ED36FAE35C46DA3574C979E4394BE52084F3081837BE03
310
3396D2EBD80F1F691B273F660D2B32FA27A33B1DE4ADA5F0FA4651511102DFA410DDA86E065272CA314D5249DF91B06BB92807B28EFD54F08F7B525252782CD276DD02E6B0319B13DF87B1F6361AD6B28FC0D711CF445429B9E5A433CD493051C49A9E03DDB1B147D880253514A5DED88009018620EE229101C041950E2D8A
310
A8E1F5F5438E0C0C0C60EEDEE9E3E0C051948C69F84BB7B2A48A1F3C8EB9E6864687F4F4F6F6E2FA87608ADAF9C5E117B7C1A737E710769DA1D15ECE6A84502AA855398712D5FB51BE92E4EF824969CE18278798AC303C2C7980DD2500ADF8FB1E6D6C2FAAFF9987178923334A244758BAA01A9A1B70FA5097D01E1CC2A58D
310
AD0EC94CE6430AA9B0C10D75E3C6BAC670EFBADEE1607739CE0FC18A2587E3EC3058562014C64219C69BC269082D5C2F4A659278D585755912176D78A1B641719C2A394CED495A1AC5D583FD2F5EDD93308EA7EAE8A6DD396598BDBD3D4CFED62D18A5BDFDE0DD5C80D1A89BA62697B131AE7CE9A6594138582F1B37D68F17
310
49AC7CB67A70695D48A4A056AC1FBD4E82358CEAE38F54B95A9016F9000F9879C0D9D131768635CA798895F27D6F1614F11F2838A83611AA51C9A3DDB539D42979C29F10465655C17BEC3E2760B80DCBF609198C7B171A531905F3EC218D696025975E986C6B4C666666787271F202805577DD5A3EF0CAFAF91B62DC4B2DB4
310
217A7606282F31D8DDBC290593BAA93EA6353AFA9939B877978481E15CFC9F2755CDC00C538F63A4BA3E80AE009B73CA0185687D339A507D165B74290D6EE46D5C58148F020C3668ABE9EF2F7549170DC80DB41FFC1D678FF19AEB10C7133832B104B80F691B3138F97A92D26E551F1F110400D45AC71A9B9AC41A1A1B1DAE
310
ED0B0810638EFFB511D46B121C6FEA0F38CD00E03CFFEB9713FE1F9C263E4DDEC160D0497FA9A132BA608584057FB15380825DE6C7FC3C667EE947D488A09898D8E939C4953BF4EC9836344D2CC6B2971B2A21A572B06096F4982D2CC7232D46E8EA69DC83722E267754D777F97F96D5DA74E1E75178084D0E70F12AD33E5F
310
71EF2AFA599B2BEBF60A5BE475F444F240CBFE8143C334E7ED9150FEEFEF7EB020C4DBED388DD1D6A167A76F3CBF119B578AE8CFA7736ACAFA4440A1C47185638A0D2F3EB5BDDEFDA958FB13CE4AA4923D5BF840392D45544329525749734866684BF7F8D9D54D892E19BCA9F829A0F8BFCBEEA6CFDFC61D74EA1A645ED7A1
310
FF241739F15694BD835B66FEC5677E40FE69BD3F91AE402F036537218A401CB0828604AD189E575015C6F3F6BBC8AC79CF6C70653847254B31551EFCBEB5978B9DB85D58D0FA41A9DFE9C624834AA04949D24B5AE6D299E072D152D12097920F14AA92C31C3B97E28B6C2E6E9C23D63043ECBBC0A60FDF5BD0C33C127EA8A3
310
308B8B6AFFEB28B4455BF6E7AF4FC6222728357EB8E46E85053E6A8843AB23295BF838ABDA94658FEF3F832F147046B4ACD6F7D48E8FCC9618582961C898D1C7A253C91BFECBDA6BA18A1FCF70755DCCEE2222F41B76D23CA98D0CB3D95F0CF66D57FFF65E2A90F5DF40FC3187621E981BD0BC1D992787212688976B94A8F0
310
C6EF646624B570B78E068826F87CE27041A95C9A4871FF65CC17FCB1639629AD6A9517000D63AC231F3D741CB8430777E7ECF80CE7A3F73C0F162F7E56AA71F4DA80A33CD6ACEE78E2C11FAC03DAFCE929B106F8F6B3ED2DC71FF994BD9CEF4E9A94896EF1B6E2B7B4978168BCF0847A3D2A4F1B0500B926E634B174548E9F
310
BAD27153FB5FC36799B1E6C7C38A94E1F9E996796D7B485E635D5287A2AE76FBD11A341DB3F8F810385BB7296391973DC6C37C452A9305AEBBE0CDB6C566DB59FE60C8E94B1FD090354BF51439FFD1B48D725228FFA88C84F686F547107A7A235665A4593B7C34D748C1AC8D56DD5DA861EEFBADDECBBD65117E65851F9035
310
1AEB65F0EFCFF4BCFEF24CB7A5879699FAC437A7AF9099186CF006BB923A59E37D7A36A29FD8D2CBB914A5E9D0A8FD212FBF796AE9A67958FF1D5D8B85F78F96219D4714EB919929241B6C018AAE0C02069F8D919961EC5DDFBFB7573E3AC8E08BFB7C8534BE6DE045B3CD63DBD71F7638BA2309CAE398EA3A7D8F98BBBC7A
310
EB367EFA5CFA27A9F8F2F52FE878058E6209C026453F8E7E8A237DFC389E9590F6059B397CFD65183BBF936E86896612A5B5FEE49DAC8455D026218AFEBEC12B3523A45B57B82C9C97E02ACFA1184DB18E48CF615DBF39C3CC6F0B4AE6BBEEA2E39D944E290302FA3DE33FA7E40296E2EF7BF1CD855BBECFAD0FD622BEE974
310
6FC4FDFDE545AE6E3BC234CADF83A0FB76DFB145BF3828AE3436368AC24989454F8FF70A177672C711CAA1A76107218CF948CA01F873520E7A2B118EBB161ABAD432932029628B6761590C98AB590C8C8C79798CE9F715BA696E839E9131A4BB68BE923F1747FBFF165331FFDD4D05997ACD168F12CA75348DAC04C7F509FE
310
83898A8B421181AF492861CE81E4A2DD0A30850CFA95E05F097FF70F9E777310D584A75BA7018922E271DAB1D785671157685B7D383D3E074DDB4F1E44EF04B07BAAC75A062077C54B9752C738C9D804D402E02851F3F89605AF189738C18C021D2139EAF72513824E10DDD3047BACC8521ED7E98B257D1166903B1B08FA6F
310
918FD7E162913FEC7D0EF4787E29C35FBA8C6E2C9C20E9AB30AE42CA2A01A090E7D010C1B5BF9CEE2A304BF3A987FB40D836979B79E18D70F257DA61E808472DD85B82761825779D6B90CAEB0F23360C6F80A7D7D77545E95B3DFF0CF96A827F9B5BCECD2C9698718417EF80FEEDEE938AFF55859D0D540B7FE09435583A6F
310
04874A0C7E8CF234DF4879722000167F5872CEC6BF3EF7E5A8CC8121E6A359227C8A29C95212F9F735BC72A887D56B8F309FC525BFB4FD767AAEC4AEFF249CFBBD2DE1AB9969A6155C7D8DABC307E47324C1F916C7BCFF40ABA5644E9FFB9238D19ADADA49D9610F01ABBA57E4DFCBDCCBB2B93C8953206C91DE01B0E2651A
310
6D6C31721915B31F7B7CBCE55466F6D70402788FA91D73BE4ADCBA99A35F17D6B83383704917D6833F0FA3CD45C926ADB8BC17999A4A0AFBCE2541F7B8CF4C2F5FBA611B3E626D64407CB32C122DFF4EF8674D6EDBB86C8F7C6A16D50FA685E2CCA34F8F7D1D8265BB0042E9D7F1F666F7BE5FAA5184DF58E12122A42EF02F
310
461B3F369AC746F96528AD208512AB56844CF75B97F352DF7995024FB02855385854F3798670D01CAC771AC3E1889EC25F61A20C1F8CAB46898817F9C47E2CDA1F286BF2F358298709FE567C91133E2638C8B53975E753EA8BFD3578B5F7186B7BF084EBA3F77BAC3132A5779902EC22AF2D2E79F42D324E083386DAEE9810
310
D1B44A5DAA54513C7A71E52A4AB9257D975B621308FE4D2141CC3DCFE946C154A3C1DFCCA7629EC69ACFA831634ADDA93C0388D2A9A2DDAFCF957C6995BCE7FBB6DC4EBAE79E63EB08E9A25F52F67076F7093CA545CA3053B5BF576DEAD4E0017143C5F759F32B2D6F145B52B67B48909B7C7FCA6586EE385A2189C16932CB
310
6DDFD9152AE317C430492A578ED27B72D85D40C7C93C097939E1B50F4D67F05334FE9DC362C30B7FF561B95259138ECFD9274C8D695C31B14D4EAA9F3D7FA8DDF652F8C5DEFA23284C799B7D94416DEE81E05A866302DC70192A5368EA65E1CED8BF107A1E2D3119A71E85DC1A7B0C1E93274CE04DD0F2ABC8AC7C987FDB00
310
2B6F81757B43502EF7A0D92E416494FAEEA4C9C090CD9557AA4D532F4996A272B94355C5A0E4974EEA9627476F30809B94D8D8D860062E02204643BEC7D0438AF800FC7E2B26955D595421E83C69E1A07E0E3122285835F014AD538188CF9737CE76D464A353FA55A001AB2526B84E985083693BC76FE211CA1D000679C889
310
E3C009832C87E1AC2EDD05C302557422DF0800E316FCAC86978A371F025A6C7DAA9F333E7BD160403A1A06EA75AA9888FF01504B0304140006080800C649D55851464CB48900000043010000360000006662782F32304244333938362D353432352D343942342D423244452D4533463938334643334631422F646972656374
310
6F72792E786D6C9D8F310EC2300C45AF127987122606C71DD918B841D4B851A43646695A717C52A85029031293A5A76FBF6FACEF7DA7264E43906840EF0FA03836E242F406C6DCEE4EA06AC22492573150D1F66C60C640E8938CB705396EEDD86DE9B5042FE27813D640EA63BB001C722AF6E55CB61E4863F58284D5D3F53D
310
D715CE1C3985E63FD7F1B7EBDD617E9F1E504B0304140006080800C649D558439EE0C43E070000201C0000340000006662782F32304244333938362D353432352D343942342D423244452D4533463938334643334631422F6F626A656374732E786D6CDD59596FDB3810FE2B84F665F74197AFDA85E322B693C028D21635BA
310
D837819669871BEA002525CEFEFA1D52A42C2AB2ADF400169B00B14391C3996FEED1F4C32162E889F08C26F195E53B9E85481C265B1AEFAFAC22DFD9630B7D98A1294F92BCB6CF42318EC8952596ADD974CF9322554B5BB2C3056BAEDECEFF4259486262A190E12CBBB2B2F08144D8C1459E6C49F6E86C718E9DFDEEE0F84E
310
B9D124BBE7387D685C95624EE21C5885F518A8280E7CF35F10C99D4D5DB1C1D8D6EFB6AD77669B2B053719A57196E3387CC555E3BADE09AE1AD7F5FDC1F2A6379CD8C3C1A06F0F463DDF9EDFCE97B6FFAEEF2D468BC5E4FA6662A1D9749324AC52404AE22D68F1C59AF953573CA9C45728B4F11D26714C428566DB862D5174
310
29C99A9818C0FA52B49A424A596B0BFD8EC29FD8D609148325036D2D9CFEAC5B6FB2F91B40C8BA5829CF88B0F22CE7A06B857DE90FDED42D570DBDD00C4538279C628618DD70CC4141B0B554904146788B20850466528B9A5E9D5730ECCBBED4C6E5AE604CF8AF35939E16803F923C939CD17F083F725FBF0D7802690B1AE7
310
63256CFE920289C9D4958BE5B37E4F3D2C81443B86F7602D20A6D8D4EF35F05A8858B05A5AB38FB79BC35AC487F6CB539EA484E7C2F2A4332BBFD31AAC9916185F07504A5C4DDD1D51F90AD07F02E42B5ED01434C7E961701868D9398EB35DC223D00EF290EDC11F0F89AFAFBE4DDDEAF00C2123569EC214DCF627616A8861
310
DC5D8374367D02A34F785F09B70E31039BBEA7B1F0733014C412588278BFDB1CACD90A82292CC229CC407AF89DBAE22B828F920EC49B8686DAC26F0745698769FAD951577760339C8695AA0C194FE13BFC29F85E2FD71FD705DFE190DC2BC75E921D8D690EC9B49D210374C3E5BFAD3E498FBC63C906B3E369635308D7EC13
310
11375AD4B2566A41522FC08948C3A566E4CA3D056F670CC7242932B5DE16A7C284253CD8BC04A50BB7DEF5A7B681F2326500ADB10C927BC8692A30B1664A5B5520746A82828561AE2C705F6A35D814511AE0282962116A5F9B62930F8833C21281AAA4A60D5B7BAD26BBA5BB5D9141F06A25B9308054FEAC0997163E8038D6
310
C62F273B8E2189267140210783B3B4DE605C5081779EE78CB05D40192BA2604719E49120C2E909FA1D25A867AE47F2F29CF06D2B41D3B2B44F6A1B12802B6035483A5B95315FE99493272ACA4C99CF74363076A83AD49A0D4EA40B91295A00D5C628CD7CBCB8F1E683F1B57D3D185DDB83E1C2B7C7BDF1AD3D1E4DC6E39177
310
B3F026CB269F3A5AD5F31DA852943986FFE50F45B4893165F040888DB7E9FB0F327B5EB9101ADD9E375FF627E311546BBDA13D98CC07F6BCB7BCB16FFAB79371FF76D1BFF5E72E275952F090646ECFF5026D9269BC3FC595E6EE750C85B2E672B2D3FA6A0AF33F8EA1CD9C6028F1BF1A44ABD8D55210760DA2E2683384E2F0
310
51A4A82084AAAFD57D1A41B4C9475B9C7B635CF69CBE277F7C7FD2F326BDF1645419FBD9402DEFF9E138D72641087D679107498A439AB727D4062E1DE3F49B728BD3F78708D0A9FE56979CCF33EA928046784F821D165D424B60BC24416B0EDBB324CB684C32D9E5BDAAFE1A343D078A2933E7B61821CD8288E4F87BEC4FB6
310
0D0D9B86D8CC02E847733111B858155406AD3A90531445F70B895BCAFF1264384A59D9E95EC2C0EF6908748FD36671826971C513D85B80F3C0DB1239B8B844BD625FD707AD5A6B529F7C37F913F0E8BAE617C2A3AFE85E3A39437F227EC610544643BFFF4E2BE21256FAAA5CF471AC80CE337C099E09DD3F742A34BBE9A456
310
B29545754E226863715EF04EFE3A1A7AAF2E5271A1E110B59BDE581CCAFE4D7770809E6CE04E95B7B56BA00EA531CCB93A09F24A8A561396BA90333D31BA7A835F9F55769DEA0FC7CB5F5E31D79D2F92C39FCB3840B55C0660157D8C9ABAB5EA36EAA1EC19E72104D2B5FCB4E7E0115BB23D366606B9B6125DD7A797AAE795
310
08A8114C6CB188B3F7E20BFB8A41D5D03D67EE5D59B4B9E5FA4A24360786D3473E0CA64D5A9FEFD60D2AB0D2F9F4178111796E5050AB0BD10D9F21F56D75ECF91B149444DF56678EFF273A0AADC0DA180DA6C159C2280CE5C916ED4902D91BC60E1DBA0D1E914C6665305E15A4F41B810EA79FCA996A8E374C9F0E1F300CA6
310
99EAC58A1086A29031AF2CB58E7E8331A89844CAE194F3086D988A61162A38BDB2C062730ADD96B38171961C1E4AEA8D712538368EF722DF97A7AAFF8FC7043A10958E72557BBAE0A224339C090ADB54BE2780AAAF7C309B7EBFE89A1D8473F8BA29F24A98E3C2511A05827E21500A0753BF4705EF010A8AF372F98EDC6340
310
D269327FD60E4AAA768EF95E8ED76B785F2FBFB86232BEFA8C5256EC853ACF75BF06255B74DDAC28A75053300C25668A450DB978EF7EE109BC628AD02D052340BF1FC6A33FDC451245495C2EB9D7EA45155A3FC06BA7ADAB477ED0C67BFEC895530035D60F3638230EDE668FB000AAE554CC464B880D03A8A269CD00B44684
310
2EE098B17FB544AA36AA4D48EA6157C02367FA081C49BCCB116E53DF501B40822F0057F2E1F18B5E98BA1C86E0B37F01504B0304140006080800C649D558417BF444E2000000550100003C0000006662782F32304244333938362D353432352D343942342D423244452D4533463938334643334631422F7265736F75726365
310
732F322F636E782E786D6C4D90CD6AC33010845FC5087AB42C9950DA202B2F91532F419137AE88A435FA29EDDB6795AAD0D32E331FCBECA8D377F0C317A4EC302E4C72C10688165717B785D5721BDFD870D22A21967F181BA209B0B02633ADB68475EFD20A37537D53BD8BF72E8ACB061192B3973D6E6CB0DEE4BCB06C3F21
310
186E6AC115F29DAFA6182E79828C3559A013C505E8276C025360657A16F36114AFE32CCFE2FD280F47397FA8A9915A5D117DE75D2C90707F9985455A2325126A6A805635B94EB537C8F88BC7299E9AC8D62A97441D74ACFCEC84B96036989EC8AFABD5D49EA4F16C80662B443F00504B0304140006080800C649D558FF15A4
310
A45D000000800000003A0000006662782F32304244333938362D353432352D343942342D423244452D4533463938334643334631422F7265736F75726365732F636E782E786D6C4D8B3B0E80201005AF42B6F75B59F0390B113044D83508C6E30BC6C26AF226F3B8BA6360974DA7271430F523308B2B198F9B80925DB70053
310
9227A2FCCB80A18E5640D320F996A81C9F32D6E9129A0D1EF74FCE750E6D57BC7165FBCA07504B0304140006080800C649D558A625737B4201000056050000300000006662782F32304244333938362D353432352D343942342D423244452D4533463938334643334631422F636E782E786D6CCD94CF4A033110C65F650978
310
DCEC1F8A68C9A6E0C127F020DEB2D9E91A9B4D966422F6ED4D6ADA2A52F450686F61F20B7CDFCC9761AB8F4917EFE0BCB2A6230DAD490146DA4199B12301D7E51D29569C396BF11B460A2326E8482A13CE4667C39C4B03AC45D0A9AA95D9E4A24074AA0F089E14520BEF3BE2E52B4C828A807600BFA18340411BEAC0DBE024
310
C4F7A826C8EFA503813010DED6EDA2AC6FCBB679AAEF97CD62D9B42FAC4A2467BDB53AF3CA20383BDFB4B5B4F168A29C9A5509E02C3895A9E481F0A336DA2BC3AA78CF998F7ACD9839DCCE899B67ADA4C0D8A8CA4A042C23046262D517CC59951CFFF0FDF8F07CD4104F837220D1BAEDC5DAD09C6AC3411A8D89F85F1776E0
310
5FE66DFF162D5F6EEE270D676167B3BB4FAE8FD1FD9D84982761467D8D1FE020EDFCF98F8B0595BC46D37B6567F25CED56601C7CDA88FC13504B0304140006080800C649D558DA0166F37E000000A30000000B0000006662782F636E782E786D6C4D8CD10A832018465F45FE7BB7521B0A66E0CAF7886521338D96638F3F1D
310
5DECEA83C3778EEC3EAB476FBBBF5C0C2DD4970A900D8F38B9B0B4908E1973409D927B8CC7DF0D501857DB42C1A0E4B2C7B49D68B2F3987CA1DE85E70949A57B2AF80D378C349809CDB026FD80076A04A7E64E4DADB3712D4A9E5F2F6FC9AB2F504B0304140006080800C649D558A6D797065F000000820000000700000063
310
6E782E786D6C4DCB3B0E80201045D1AD90E9FD7516806B51190811670C8A61F982B1B0BAC9C97B72CA7B1037C6D3332918DA1E04D2CAC69353902EDB8C20262D23F3F59B81A079470595414B17391D1F19B4730A5583A7ED43BBE4025D9592775E5ADFFA01504B0304140006080800C649D558ECFD112DA800000026010000
310
130000005B436F6E74656E745F54797065735D2E786D6C7D4F4B0EC22010BD0A61DF525D18634ABB506FE00510A79458060253536F2FD89D5197F3FED3F68B9BD80362B21E25DFD40D6780DADF2C1AC9671AAA3D677DD75E9E0112CB5A4C928F44E12044D22338956A1F003333F8E814E5331A1194BE2B0362DB343BA13D12
310
2055543278D79E6050F344ECBC6478EDCD76CE8EABAE5449AE4298AC56946789C28AAFBEABC53F3EAF09A84A1441B91F0101CD4780756578C173A578FFDDBD00504B0304140006080800C649D5583DEE336E64000000790000001B0000006175746F6465736B2D64657369676E2D7061636B6167652E786D6C35CBC10E8320
310
0C00D05F21DCA56CA76D41FC96062B120735B69A7DBE268BB7777961F8D5AF396893C2ADB70FE7ADA196782C2DF776D7A97B5933C430F15651E5469C55D70F80A4992A3ADC954792C525AE70A1E4D6AD9816CC044FEFDF01FE3FDE907802504B0304140006080800C649D5583150E376F10000008E0100003D000000666278
310
2F32304244333938362D353432352D343942342D423244452D4533463938334643334631422F7265736F75726365732F322F636F72652E786D6C8550CB6EC32010FC156BEF60839DD88E3051DA7E424FBD21200E4A0C168FAA9F5F885DA93DF5C2A2D999D9DD61E7AFE5517D6A1F8CB31310DC40A5AD74CAD8798214AF6880
310
EACC99772EFEA24165C5A227283070367B97D61D92CE466D0B6A9DD23B2842D0112AF9C89F0982BCE94560916266843B5E85BC8B596382371E672919B54B8DCA6EE66AB407DEBCB6B41D5F2EA83DF46FA8EB0E03BA1CF343BA71C89DA11FFB91D545CC5934CBCF74E9B5885A01A70DED50734494BC37E3897427423F585D98
310
9C85E8F3CDFBD0725DA6B37A43FFB8A555FDEF968C8D2DDDDD3645004EF272CF0667754927976774B99624F937504B0304140006080800C649D55849648CABF7000000960100003B0000006662782F32304244333938362D353432352D343942342D423244452D4533463938334643334631422F7265736F75726365732F63
310
6F72652E786D6C8550CB6EC32010FC156BEF7E809DD88E3051DA7E424FBD21D8382831583CAA7E7E2176A5F6D40B8B66666777879DBF9647F189CE6B6B26205503051A699536F304315CCB018A3367CEDAF04B0685110B4E9061E06C7636AE3B24AD0968326AACC21D14DE6380423ED267022F6FB8884AC49014FE5EAD42DE
310
C58C15A9361D67316AB5B76A95DCF455A303DEBCB6B41D5F2E657BE8DFCAAE3B0CE5E5981ED28D4362867EEC4756E766CE825E7EA64B8722A0024E1BDA95CDB1A4E4BD194FA43B11FAC1EAACE4CC07976EDE87E6EB803BF4363A899ED51BFBC735AEEA7FD7A84D68E9EEBA7578E0242DF92438AB734AA93C234C3527CABF01
310
504B0304140006080800C649D558782A0F68F1000000B1010000310000006662782F32304244333938362D353432352D343942342D423244452D4533463938334643334631422F636F72652E786D6C8D50CB6EC32010FC156BEFD8063B911D6122B989BFA0A7DE10101725068B47D5CF2FC4AED4DE725A343BC3CC0E3D7F2F
310
8FE24B39AFAD1900973514CA082BB5990788E1863A28CE8C3A6BC31F1A14862F6A800C03A3B3B371DD21614D5026A3C64AB583DC7B15A0108FF418C08B4FB5F092C79018FE5EAE5CDCF9AC4A5C6E3C46835E7EA5C2291E9404466AD2A2FA88087EAFFB136E4F987CD02A33198D51CBDD4ACBE4AE6F5AB92C192F4DDF1DD1A1
310
2507D4F6638B4672B9A26B33F55D33BD35131E6995C58CFAE0D2CDFB27F9BA57E59BF05FE6B8CA17326B131AB21B6E0A0F0CA73CCF05A3552E308D67BB69E6B2D90F504B0304140006080800C649D558032802E251010000DD0200000C0000006662782F636F72652E786D6C8D52CB6E833010FC15E43B2F4312888CA3B4FD
310
849E7A738C43AD808D8C8DF2F95DF310E5D087908C35B33B3B3B32B93CBB36188519A456154AA3040542715D4BD554C8D97B58A0E04289D1DA7E2B4381629DA8908711258DD1AE5F20AE9515CAA34AD76201D930088B02DEC2A54203FF141D8B98B350313CA29EF1076B449446731D25CEC97A699535A8C9BB1406D1E435C3
310
59F9720DB3C3E92DCCF343115E8F70A4795900539CCA534962DF4C8995DD3A9D1BC1ACA811C509CEC3E418E2F43D29CF697E4EF107897D25258335B0F332D46F87E8FDF624F18CEFF45C5FFFADE7A4B2195EF4E68E01D114EC4D0425B1CF077E5378FB0C6130E467D9AD5D577800340A6EB5C981A9B5DBA891B54E8074124C
310
1F8967169427819F74F02F3ABF6B40504C35608D59B8DE9CF5D3F79E7A61C2D13E03A54DC7DACDDC6C713BB741BB95D676AE5B6DFED3BDAEBA8619FB8749BF00504B0304140006080800C649D558AF36F4ED05010000B201000008000000636F72652E786D6C8D50CB6EC32010FC15C41DDBD84E6C4798286D3FA1A7DE2810
310
17C5068B47D4FE7D97D895DA5B2F2C9A99DD995D76FE5C6674D73E1867474C8B0A236DA553C64E234EF14A7A8CCE9C79E7E22F1946562C7AC419C69C4DDEA57587A4B351DB8C5AA7F40E8A1074C448CEF01971901F7A1185481114E156AC42DEC4A40B5A6C3ACEA2597E5AA5D7226A85795DD52DA98EA4A6AFD570A2ED89D6
310
6FACCC4ACE52326AB7320ADCCDD5688F79F5DCD4CDF07421CDA17B216D7BE8C9E5080F6D871E98BE1BBA8195B999B3103DECBC0F819C110571CFBEACDC28CEDE9D9B77018452C8D9F90B4C5899893FA1D3AAFE11DAD8D8D4FBC0AD23604E21D08300E37C41288FF342CDD7E6DF504B01021400140006080800C649D5580000
310
000000000000000000003700000000000000000000000000000000006662782F32304244333938362D353432352D343942342D423244452D4533463938334643334631422F617474726962757465732E62696E504B01021400140006080800C649D55800000000000000000000000035000000000000000000000000005500
310
00006662782F32304244333938362D353432352D343942342D423244452D4533463938334643334631422F76657274696365732E62696E504B01021400140006080800C649D558F270F13306000000040000003600000000000000000000000000A80000006662782F32304244333938362D353432352D343942342D423244
310
452D4533463938334643334631422F747269616E676C65732E62696E504B01021400140006080800C649D55888E57597CD3F0000904100004200000000000000000000000000020100006662782F32304244333938362D353432352D343942342D423244452D4533463938334643334631422F7265736F75726365732F322F
310
305F67656E657269632E706E67504B01021400140006080800C649D55851464CB4890000004301000036000000000000000000000000002F4100006662782F32304244333938362D353432352D343942342D423244452D4533463938334643334631422F6469726563746F72792E786D6C504B01021400140006080800C649
310
D558439EE0C43E070000201C000034000000000000000000000000000C4200006662782F32304244333938362D353432352D343942342D423244452D4533463938334643334631422F6F626A656374732E786D6C504B01021400140006080800C649D558417BF444E2000000550100003C000000000000000000000000009C
310
4900006662782F32304244333938362D353432352D343942342D423244452D4533463938334643334631422F7265736F75726365732F322F636E782E786D6C504B01021400140006080800C649D558FF15A4A45D000000800000003A00000000000000000000000000D84A00006662782F32304244333938362D353432352D
310
343942342D423244452D4533463938334643334631422F7265736F75726365732F636E782E786D6C504B01021400140006080800C649D558A625737B420100005605000030000000000000000000000000008D4B00006662782F32304244333938362D353432352D343942342D423244452D4533463938334643334631422F
310
636E782E786D6C504B01021400140006080800C649D558DA0166F37E000000A30000000B000000000000000000000000001D4D00006662782F636E782E786D6C504B01021400140006080800C649D558A6D797065F000000820000000700000000000000000000000000C44D0000636E782E786D6C504B0102140014000608
310
0800C649D558ECFD112DA8000000260100001300000000000000000000000000484E00005B436F6E74656E745F54797065735D2E786D6C504B01021400140006080800C649D5583DEE336E64000000790000001B00000000000000000000000000214F00006175746F6465736B2D64657369676E2D7061636B6167652E786D
310
6C504B01021400140006080800C649D5583150E376F10000008E0100003D00000000000000000000000000BE4F00006662782F32304244333938362D353432352D343942342D423244452D4533463938334643334631422F7265736F75726365732F322F636F72652E786D6C504B01021400140006080800C649D55849648C
310
ABF7000000960100003B000000000000000000000000000A5100006662782F32304244333938362D353432352D343942342D423244452D4533463938334643334631422F7265736F75726365732F636F72652E786D6C504B01021400140006080800C649D558782A0F68F1000000B101000031000000000000000000000000
310
005A5200006662782F32304244333938362D353432352D343942342D423244452D4533463938334643334631422F636F72652E786D6C504B01021400140006080800C649D558032802E251010000DD0200000C000000000000000000000000009A5300006662782F636F72652E786D6C504B01021400140006080800C649D5
310
58AF36F4ED05010000B2010000080000000000000000000000000015550000636F72652E786D6C504B050600000000120012002D060000405600000000
  0
XRECORD
  5
2CD85
102
{ACAD_REACTORS
330
2CD84
102
}
330
2CD84
100
AcDbXrecord
280
     1
102
ACAD_ROUNDTRIP_2012_MLEADER_STYLE
298
     1
  0
XRECORD
  5
2CD86
102
{ACAD_REACTORS
330
2CD71
102
}
330
2CD71
100
AcDbXrecord
280
     1
102
DISPLAYNAME
  1
Metric50
102
FLAGS
 90
        0
  0
CELLSTYLEMAP
  5
2CD89
102
{ACAD_REACTORS
330
2CD87
102
}
330
2CD87
100
AcDbCellStyleMap
 90
        3
300
CELLSTYLE
  1
TABLEFORMAT_BEGIN
 90
        5
170
     1
 91
        0
 92
    32768
 62
   257
 93
        1
300
CONTENTFORMAT
  1
CONTENTFORMAT_BEGIN
 90
        0
 91
        0
 92
      512
 93
        0
300

 40
0.0
140
1.0
 94
        5
 62
     0
340
11
144
0.25
309
CONTENTFORMAT_END
171
     0
 94
        6
 95
        1
302
GRIDFORMAT
  1
GRIDFORMAT_BEGIN
 90
        0
 91
        1
 62
     0
 92
       -2
340
0
 93
        0
 40
0.045
309
GRIDFORMAT_END
 95
        2
302
GRIDFORMAT
  1
GRIDFORMAT_BEGIN
 90
        0
 91
        1
 62
     0
 92
       -2
340
0
 93
        0
 40
0.045
309
GRIDFORMAT_END
 95
        4
302
GRIDFORMAT
  1
GRIDFORMAT_BEGIN
 90
        0
 91
        1
 62
     0
 92
       -2
340
0
 93
        0
 40
0.045
309
GRIDFORMAT_END
 95
        8
302
GRIDFORMAT
  1
GRIDFORMAT_BEGIN
 90
        0
 91
        1
 62
     0
 92
       -2
340
0
 93
        0
 40
0.045
309
GRIDFORMAT_END
 95
       16
302
GRIDFORMAT
  1
GRIDFORMAT_BEGIN
 90
        0
 91
        1
 62
     0
 92
       -2
340
0
 93
        0
 40
0.045
309
GRIDFORMAT_END
 95
       32
302
GRIDFORMAT
  1
GRIDFORMAT_BEGIN
 90
        0
 91
        1
 62
     0
 92
       -2
340
0
 93
        0
 40
0.045
309
GRIDFORMAT_END
309
TABLEFORMAT_END
  1
CELLSTYLE_BEGIN
 90
        1
 91
        1
300
_TITLE
309
CELLSTYLE_END
300
CELLSTYLE
  1
TABLEFORMAT_BEGIN
 90
        5
170
     1
 91
        0
 92
        0
 62
   257
 93
        1
300
CONTENTFORMAT
  1
CONTENTFORMAT_BEGIN
 90
        0
 91
        0
 92
      512
 93
        0
300

 40
0.0
140
1.0
 94
        5
 62
     0
340
11
144
0.18
309
CONTENTFORMAT_END
171
     0
 94
        6
 95
        1
302
GRIDFORMAT
  1
GRIDFORMAT_BEGIN
 90
        0
 91
        1
 62
     0
 92
       -2
340
0
 93
        0
 40
0.045
309
GRIDFORMAT_END
 95
        2
302
GRIDFORMAT
  1
GRIDFORMAT_BEGIN
 90
        0
 91
        1
 62
     0
 92
       -2
340
0
 93
        0
 40
0.045
309
GRIDFORMAT_END
 95
        4
302
GRIDFORMAT
  1
GRIDFORMAT_BEGIN
 90
        0
 91
        1
 62
     0
 92
       -2
340
0
 93
        0
 40
0.045
309
GRIDFORMAT_END
 95
        8
302
GRIDFORMAT
  1
GRIDFORMAT_BEGIN
 90
        0
 91
        1
 62
     0
 92
       -2
340
0
 93
        0
 40
0.045
309
GRIDFORMAT_END
 95
       16
302
GRIDFORMAT
  1
GRIDFORMAT_BEGIN
 90
        0
 91
        1
 62
     0
 92
       -2
340
0
 93
        0
 40
0.045
309
GRIDFORMAT_END
 95
       32
302
GRIDFORMAT
  1
GRIDFORMAT_BEGIN
 90
        0
 91
        1
 62
     0
 92
       -2
340
0
 93
        0
 40
0.045
309
GRIDFORMAT_END
309
TABLEFORMAT_END
  1
CELLSTYLE_BEGIN
 90
        2
 91
        1
300
_HEADER
309
CELLSTYLE_END
300
CELLSTYLE
  1
TABLEFORMAT_BEGIN
 90
        5
170
     1
 91
        0
 92
        0
 62
   257
 93
        1
300
CONTENTFORMAT
  1
CONTENTFORMAT_BEGIN
 90
        0
 91
        0
 92
      512
 93
        0
300

 40
0.0
140
1.0
 94
        2
 62
     0
340
11
144
0.18
309
CONTENTFORMAT_END
171
     0
 94
        6
 95
        1
302
GRIDFORMAT
  1
GRIDFORMAT_BEGIN
 90
        0
 91
        1
 62
     0
 92
       -2
340
0
 93
        0
 40
0.045
309
GRIDFORMAT_END
 95
        2
302
GRIDFORMAT
  1
GRIDFORMAT_BEGIN
 90
        0
 91
        1
 62
     0
 92
       -2
340
0
 93
        0
 40
0.045
309
GRIDFORMAT_END
 95
        4
302
GRIDFORMAT
  1
GRIDFORMAT_BEGIN
 90
        0
 91
        1
 62
     0
 92
       -2
340
0
 93
        0
 40
0.045
309
GRIDFORMAT_END
 95
        8
302
GRIDFORMAT
  1
GRIDFORMAT_BEGIN
 90
        0
 91
        1
 62
     0
 92
       -2
340
0
 93
        0
 40
0.045
309
GRIDFORMAT_END
 95
       16
302
GRIDFORMAT
  1
GRIDFORMAT_BEGIN
 90
        0
 91
        1
 62
     0
 92
       -2
340
0
 93
        0
 40
0.045
309
GRIDFORMAT_END
 95
       32
302
GRIDFORMAT
  1
GRIDFORMAT_BEGIN
 90
        0
 91
        1
 62
     0
 92
       -2
340
0
 93
        0
 40
0.045
309
GRIDFORMAT_END
309
TABLEFORMAT_END
  1
CELLSTYLE_BEGIN
 90
        3
 91
        2
300
_DATA
309
CELLSTYLE_END
  0
XRECORD
  5
2CD88
102
{ACAD_REACTORS
330
2CD87
102
}
330
2CD87
100
AcDbXrecord
280
     1
102
ACAD_ROUNDTRIP_PRE2007_TABLESTYLE
 90
      512
 91
        0
  1

 92
      512
 93
        0
  2

 94
      512
 95
        0
  3

  0
XRECORD
  5
2CD8B
102
{ACAD_REACTORS
330
2CD8A
102
}
330
2CD8A
100
AcDbXrecord
280
     1
102
RTVSPropertyOp0
 70
     1
102
RTVSPropertyOp1
 70
     1
102
RTVSPropertyOp2
 70
     1
102
RTVSPropertyOp3
 70
     1
102
RTVSPropertyOp4
 70
     1
102
RTVSPropertyOp5
 70
     1
102
RTVSPropertyOp6
 70
     1
102
RTVSPropertyOp7
 70
     1
102
RTVSPropertyOp8
 70
     1
102
RTVSPropertyOp9
 70
     1
102
RTVSPropertyOp10
 70
     1
102
RTVSPropertyOp11
 70
     1
102
RTVSPropertyOp12
 70
     1
102
RTVSPropertyOp13
 70
     1
102
RTVSPropertyOp14
 70
     1
102
RTVSPropertyOp15
 70
     1
102
RTVSPropertyOp16
 70
     1
102
RTVSPropertyOp17
 70
     1
102
RTVSPropertyOp18
 70
     1
102
RTVSPropertyOp19
 70
     1
102
RTVSPropertyOp20
 70
     1
102
RTVSPropertyOp21
 70
     1
102
RTVSPropertyOp22
 70
     1
102
RTVSPropertyOp23
 70
     1
102
RTVSPropertyOp24
 70
     1
102
RTVSPropertyOp25
 70
     1
102
RTVSPropertyOp26
 70
     1
102
RTVSPropertyOp27
 70
     1
102
RTVSPropertyOp28
 70
     1
102
RTVSPropertyOp29
 70
     1
102
RTVSPropertyOp30
 70
     1
102
RTVSPropertyOp31
 70
     1
102
RTVSPropertyOp32
 70
     1
102
RTVSPropertyOp33
 70
     1
102
RTVSPropertyOp34
 70
     1
102
RTVSPropertyOp35
 70
     1
102
RTVSPropertyOp36
 70
     1
102
RTVSPropertyOp37
 70
     1
102
RTVSPropertyOp38
 70
     1
102
RTVSPropertyOp39
 70
     1
102
RTVSPropertyOp40
 70
     1
102
RTVSPropertyOp41
 70
     1
102
RTVSPropertyOp42
 70
     1
102
RTVSPropertyOp43
 70
     1
102
RTVSPropertyOp44
 70
     1
102
RTVSPropertyOp45
 70
     1
102
RTVSPropertyOp46
 70
     1
102
RTVSPropertyOp47
 70
     1
102
RTVSPropertyOp48
 70
     1
102
RTVSPropertyOp49
 70
     1
102
RTVSPropertyOp50
 70
     1
102
RTVSPropertyOp51
 70
     0
102
RTVSPropertyOp52
 70
     0
102
RTVSPropertyOp53
 70
     1
102
RTVSPropertyOp54
 70
     1
102
RTVSPropertyOp55
 70
     1
102
RTVSPropertyOp56
 70
     1
102
RTVSPropertyOp57
 70
     1
102
RTVSPost2010Prop28
280
     1
102
RTVSPost2010PropOp28
 70
     1
102
RTVSPost2010Prop29
280
     1
102
RTVSPost2010PropOp29
 70
     1
102
RTVSPost2010Prop30
280
     0
102
RTVSPost2010PropOp30
 70
     1
102
RTVSPost2010Prop31
280
     0
102
RTVSPost2010PropOp31
 70
     1
102
RTVSPost2010Prop32
280
     0
102
RTVSPost2010PropOp32
 70
     1
102
RTVSPost2010Prop33
280
     0
102
RTVSPost2010PropOp33
 70
     1
102
RTVSPost2010Prop34
280
     0
102
RTVSPost2010PropOp34
 70
     1
102
RTVSPost2010Prop35
280
     0
102
RTVSPost2010PropOp35
 70
     1
102
RTVSPost2010Prop36
280
     0
102
RTVSPost2010PropOp36
 70
     1
102
RTVSPost2010Prop37
 90
       50
102
RTVSPost2010PropOp37
 70
     1
102
RTVSPost2010Prop38
140
0.0
102
RTVSPost2010PropOp38
 70
     1
102
RTVSPost2010Prop39
140
1.0
102
RTVSPost2010PropOp39
 70
     1
102
RTVSPost2010Prop40
 90
        0
102
RTVSPost2010PropOp40
 70
     1
102
RTVSPost2010Prop41ColorIndex
 90
       18
102
RTVSPost2010Prop41ColorRGB
 90
        0
102
RTVSPost2010PropOp41
 70
     1
102
RTVSPost2010Prop42
 90
       50
102
RTVSPost2010PropOp42
 70
     1
102
RTVSPost2010Prop43
 90
        3
102
RTVSPost2010PropOp43
 70
     1
102
RTVSPost2010Prop44ColorIndex
 90
        5
102
RTVSPost2010Prop44ColorRGB
 90
      255
102
RTVSPost2010PropOp44
 70
     1
102
RTVSPost2010Prop45
280
     0
102
RTVSPost2010PropOp45
 70
     1
102
RTVSPost2010Prop46
 90
       50
102
RTVSPost2010PropOp46
 70
     1
102
RTVSPost2010Prop47
 90
       50
102
RTVSPost2010PropOp47
 70
     1
102
RTVSPost2010Prop48
 90
       50
102
RTVSPost2010PropOp48
 70
     1
102
RTVSPost2010Prop49
280
     0
102
RTVSPost2010PropOp49
 70
     1
102
RTVSPost2010Prop50
 90
       50
102
RTVSPost2010PropOp50
 70
     1
102
RTVSPost2010Prop51ColorIndex
 90
      256
102
RTVSPost2010Prop51ColorRGB
 90
-16777216
102
RTVSPost2010PropOp51
 70
     0
102
RTVSPost2010Prop52
140
1.0
102
RTVSPost2010PropOp52
 70
     0
102
RTVSPost2010Prop53
 90
        2
102
RTVSPost2010PropOp53
 70
     1
102
RTVSPost2010Prop54
  1
strokes_ogs.tif
102
RTVSPost2010PropOp54
 70
     1
102
RTVSPost2010Prop55
280
     0
102
RTVSPost2010PropOp55
 70
     1
102
RTVSPost2010Prop56
140
1.0
102
RTVSPost2010PropOp56
 70
     1
102
RTVSPost2010Prop57
140
1.0
102
RTVSPost2010PropOp57
 70
     1
  0
XRECORD
  5
2CD8D
102
{ACAD_REACTORS
330
2CD8C
102
}
330
2CD8C
100
AcDbXrecord
280
     1
102
RTVSPropertyOp0
 70
     1
102
RTVSPropertyOp1
 70
     1
102
RTVSPropertyOp2
 70
     1
102
RTVSPropertyOp3
 70
     1
102
RTVSPropertyOp4
 70
     1
102
RTVSPropertyOp5
 70
     1
102
RTVSPropertyOp6
 70
     1
102
RTVSPropertyOp7
 70
     1
102
RTVSPropertyOp8
 70
     1
102
RTVSPropertyOp9
 70
     1
102
RTVSPropertyOp10
 70
     1
102
RTVSPropertyOp11
 70
     1
102
RTVSPropertyOp12
 70
     1
102
RTVSPropertyOp13
 70
     1
102
RTVSPropertyOp14
 70
     1
102
RTVSPropertyOp15
 70
     1
102
RTVSPropertyOp16
 70
     1
102
RTVSPropertyOp17
 70
     1
102
RTVSPropertyOp18
 70
     1
102
RTVSPropertyOp19
 70
     1
102
RTVSPropertyOp20
 70
     1
102
RTVSPropertyOp21
 70
     1
102
RTVSPropertyOp22
 70
     1
102
RTVSPropertyOp23
 70
     1
102
RTVSPropertyOp24
 70
     1
102
RTVSPropertyOp25
 70
     1
102
RTVSPropertyOp26
 70
     1
102
RTVSPropertyOp27
 70
     1
102
RTVSPropertyOp28
 70
     1
102
RTVSPropertyOp29
 70
     1
102
RTVSPropertyOp30
 70
     1
102
RTVSPropertyOp31
 70
     1
102
RTVSPropertyOp32
 70
     1
102
RTVSPropertyOp33
 70
     1
102
RTVSPropertyOp34
 70
     1
102
RTVSPropertyOp35
 70
     1
102
RTVSPropertyOp36
 70
     1
102
RTVSPropertyOp37
 70
     1
102
RTVSPropertyOp38
 70
     1
102
RTVSPropertyOp39
 70
     1
102
RTVSPropertyOp40
 70
     1
102
RTVSPropertyOp41
 70
     1
102
RTVSPropertyOp42
 70
     1
102
RTVSPropertyOp43
 70
     1
102
RTVSPropertyOp44
 70
     1
102
RTVSPropertyOp45
 70
     1
102
RTVSPropertyOp46
 70
     1
102
RTVSPropertyOp47
 70
     1
102
RTVSPropertyOp48
 70
     1
102
RTVSPropertyOp49
 70
     1
102
RTVSPropertyOp50
 70
     1
102
RTVSPropertyOp51
 70
     0
102
RTVSPropertyOp52
 70
     0
102
RTVSPropertyOp53
 70
     1
102
RTVSPropertyOp54
 70
     1
102
RTVSPropertyOp55
 70
     1
102
RTVSPropertyOp56
 70
     1
102
RTVSPropertyOp57
 70
     1
102
RTVSPost2010Prop28
280
     0
102
RTVSPost2010PropOp28
 70
     1
102
RTVSPost2010Prop29
280
     1
102
RTVSPost2010PropOp29
 70
     1
102
RTVSPost2010Prop30
280
     1
102
RTVSPost2010PropOp30
 70
     1
102
RTVSPost2010Prop31
280
     0
102
RTVSPost2010PropOp31
 70
     1
102
RTVSPost2010Prop32
280
     0
102
RTVSPost2010PropOp32
 70
     1
102
RTVSPost2010Prop33
280
     0
102
RTVSPost2010PropOp33
 70
     1
102
RTVSPost2010Prop34
280
     0
102
RTVSPost2010PropOp34
 70
     1
102
RTVSPost2010Prop35
280
     0
102
RTVSPost2010PropOp35
 70
     1
102
RTVSPost2010Prop36
280
     0
102
RTVSPost2010PropOp36
 70
     1
102
RTVSPost2010Prop37
 90
       50
102
RTVSPost2010PropOp37
 70
     1
102
RTVSPost2010Prop38
140
0.0
102
RTVSPost2010PropOp38
 70
     1
102
RTVSPost2010Prop39
140
1.0
102
RTVSPost2010PropOp39
 70
     1
102
RTVSPost2010Prop40
 90
        0
102
RTVSPost2010PropOp40
 70
     1
102
RTVSPost2010Prop41ColorIndex
 90
       18
102
RTVSPost2010Prop41ColorRGB
 90
        0
102
RTVSPost2010PropOp41
 70
     1
102
RTVSPost2010Prop42
 90
       50
102
RTVSPost2010PropOp42
 70
     1
102
RTVSPost2010Prop43
 90
        3
102
RTVSPost2010PropOp43
 70
     1
102
RTVSPost2010Prop44ColorIndex
 90
        5
102
RTVSPost2010Prop44ColorRGB
 90
      255
102
RTVSPost2010PropOp44
 70
     1
102
RTVSPost2010Prop45
280
     0
102
RTVSPost2010PropOp45
 70
     1
102
RTVSPost2010Prop46
 90
       50
102
RTVSPost2010PropOp46
 70
     1
102
RTVSPost2010Prop47
 90
       50
102
RTVSPost2010PropOp47
 70
     1
102
RTVSPost2010Prop48
 90
       50
102
RTVSPost2010PropOp48
 70
     1
102
RTVSPost2010Prop49
280
     0
102
RTVSPost2010PropOp49
 70
     1
102
RTVSPost2010Prop50
 90
       50
102
RTVSPost2010PropOp50
 70
     1
102
RTVSPost2010Prop51ColorIndex
 90
      256
102
RTVSPost2010Prop51ColorRGB
 90
-16777216
102
RTVSPost2010PropOp51
 70
     0
102
RTVSPost2010Prop52
140
1.0
102
RTVSPost2010PropOp52
 70
     0
102
RTVSPost2010Prop53
 90
        2
102
RTVSPost2010PropOp53
 70
     1
102
RTVSPost2010Prop54
  1
strokes_ogs.tif
102
RTVSPost2010PropOp54
 70
     1
102
RTVSPost2010Prop55
280
     0
102
RTVSPost2010PropOp55
 70
     1
102
RTVSPost2010Prop56
140
1.0
102
RTVSPost2010PropOp56
 70
     1
102
RTVSPost2010Prop57
140
1.0
102
RTVSPost2010PropOp57
 70
     1
  0
XRECORD
  5
2CD8F
102
{ACAD_REACTORS
330
2CD8E
102
}
330
2CD8E
100
AcDbXrecord
280
     1
102
RTVSPropertyOp0
 70
     1
102
RTVSPropertyOp1
 70
     1
102
RTVSPropertyOp2
 70
     1
102
RTVSPropertyOp3
 70
     1
102
RTVSPropertyOp4
 70
     1
102
RTVSPropertyOp5
 70
     1
102
RTVSPropertyOp6
 70
     1
102
RTVSPropertyOp7
 70
     1
102
RTVSPropertyOp8
 70
     1
102
RTVSPropertyOp9
 70
     1
102
RTVSPropertyOp10
 70
     1
102
RTVSPropertyOp11
 70
     1
102
RTVSPropertyOp12
 70
     1
102
RTVSPropertyOp13
 70
     1
102
RTVSPropertyOp14
 70
     1
102
RTVSPropertyOp15
 70
     1
102
RTVSPropertyOp16
 70
     1
102
RTVSPropertyOp17
 70
     1
102
RTVSPropertyOp18
 70
     1
102
RTVSPropertyOp19
 70
     1
102
RTVSPropertyOp20
 70
     1
102
RTVSPropertyOp21
 70
     1
102
RTVSPropertyOp22
 70
     1
102
RTVSPropertyOp23
 70
     1
102
RTVSPropertyOp24
 70
     1
102
RTVSPropertyOp25
 70
     1
102
RTVSPropertyOp26
 70
     1
102
RTVSPropertyOp27
 70
     1
102
RTVSPropertyOp28
 70
     1
102
RTVSPropertyOp29
 70
     1
102
RTVSPropertyOp30
 70
     1
102
RTVSPropertyOp31
 70
     1
102
RTVSPropertyOp32
 70
     1
102
RTVSPropertyOp33
 70
     1
102
RTVSPropertyOp34
 70
     1
102
RTVSPropertyOp35
 70
     1
102
RTVSPropertyOp36
 70
     1
102
RTVSPropertyOp37
 70
     1
102
RTVSPropertyOp38
 70
     1
102
RTVSPropertyOp39
 70
     1
102
RTVSPropertyOp40
 70
     1
102
RTVSPropertyOp41
 70
     1
102
RTVSPropertyOp42
 70
     1
102
RTVSPropertyOp43
 70
     1
102
RTVSPropertyOp44
 70
     1
102
RTVSPropertyOp45
 70
     1
102
RTVSPropertyOp46
 70
     1
102
RTVSPropertyOp47
 70
     1
102
RTVSPropertyOp48
 70
     1
102
RTVSPropertyOp49
 70
     1
102
RTVSPropertyOp50
 70
     1
102
RTVSPropertyOp51
 70
     0
102
RTVSPropertyOp52
 70
     0
102
RTVSPropertyOp53
 70
     1
102
RTVSPropertyOp54
 70
     1
102
RTVSPropertyOp55
 70
     1
102
RTVSPropertyOp56
 70
     1
102
RTVSPropertyOp57
 70
     1
102
RTVSPost2010Prop28
280
     0
102
RTVSPost2010PropOp28
 70
     1
102
RTVSPost2010Prop29
280
     1
102
RTVSPost2010PropOp29
 70
     1
102
RTVSPost2010Prop30
280
     1
102
RTVSPost2010PropOp30
 70
     1
102
RTVSPost2010Prop31
280
     0
102
RTVSPost2010PropOp31
 70
     1
102
RTVSPost2010Prop32
280
     0
102
RTVSPost2010PropOp32
 70
     1
102
RTVSPost2010Prop33
280
     0
102
RTVSPost2010PropOp33
 70
     1
102
RTVSPost2010Prop34
280
     0
102
RTVSPost2010PropOp34
 70
     1
102
RTVSPost2010Prop35
280
     0
102
RTVSPost2010PropOp35
 70
     1
102
RTVSPost2010Prop36
280
     0
102
RTVSPost2010PropOp36
 70
     1
102
RTVSPost2010Prop37
 90
       50
102
RTVSPost2010PropOp37
 70
     1
102
RTVSPost2010Prop38
140
0.0
102
RTVSPost2010PropOp38
 70
     1
102
RTVSPost2010Prop39
140
1.0
102
RTVSPost2010PropOp39
 70
     1
102
RTVSPost2010Prop40
 90
        0
102
RTVSPost2010PropOp40
 70
     1
102
RTVSPost2010Prop41ColorIndex
 90
       18
102
RTVSPost2010Prop41ColorRGB
 90
        0
102
RTVSPost2010PropOp41
 70
     1
102
RTVSPost2010Prop42
 90
       50
102
RTVSPost2010PropOp42
 70
     1
102
RTVSPost2010Prop43
 90
        3
102
RTVSPost2010PropOp43
 70
     1
102
RTVSPost2010Prop44ColorIndex
 90
        5
102
RTVSPost2010Prop44ColorRGB
 90
      255
102
RTVSPost2010PropOp44
 70
     1
102
RTVSPost2010Prop45
280
     0
102
RTVSPost2010PropOp45
 70
     1
102
RTVSPost2010Prop46
 90
       50
102
RTVSPost2010PropOp46
 70
     1
102
RTVSPost2010Prop47
 90
       50
102
RTVSPost2010PropOp47
 70
     1
102
RTVSPost2010Prop48
 90
       50
102
RTVSPost2010PropOp48
 70
     1
102
RTVSPost2010Prop49
280
     0
102
RTVSPost2010PropOp49
 70
     1
102
RTVSPost2010Prop50
 90
       50
102
RTVSPost2010PropOp50
 70
     1
102
RTVSPost2010Prop51ColorIndex
 90
      256
102
RTVSPost2010Prop51ColorRGB
 90
-16777216
102
RTVSPost2010PropOp51
 70
     0
102
RTVSPost2010Prop52
140
1.0
102
RTVSPost2010PropOp52
 70
     0
102
RTVSPost2010Prop53
 90
        2
102
RTVSPost2010PropOp53
 70
     1
102
RTVSPost2010Prop54
  1
strokes_ogs.tif
102
RTVSPost2010PropOp54
 70
     1
102
RTVSPost2010Prop55
280
     0
102
RTVSPost2010PropOp55
 70
     1
102
RTVSPost2010Prop56
140
1.0
102
RTVSPost2010PropOp56
 70
     1
102
RTVSPost2010Prop57
140
1.0
102
RTVSPost2010PropOp57
 70
     1
  0
XRECORD
  5
2CD91
102
{ACAD_REACTORS
330
2CD90
102
}
330
2CD90
100
AcDbXrecord
280
     1
102
RTVSPropertyOp0
 70
     1
102
RTVSPropertyOp1
 70
     1
102
RTVSPropertyOp2
 70
     1
102
RTVSPropertyOp3
 70
     1
102
RTVSPropertyOp4
 70
     1
102
RTVSPropertyOp5
 70
     1
102
RTVSPropertyOp6
 70
     1
102
RTVSPropertyOp7
 70
     1
102
RTVSPropertyOp8
 70
     1
102
RTVSPropertyOp9
 70
     1
102
RTVSPropertyOp10
 70
     1
102
RTVSPropertyOp11
 70
     1
102
RTVSPropertyOp12
 70
     1
102
RTVSPropertyOp13
 70
     1
102
RTVSPropertyOp14
 70
     1
102
RTVSPropertyOp15
 70
     1
102
RTVSPropertyOp16
 70
     1
102
RTVSPropertyOp17
 70
     1
102
RTVSPropertyOp18
 70
     1
102
RTVSPropertyOp19
 70
     1
102
RTVSPropertyOp20
 70
     1
102
RTVSPropertyOp21
 70
     1
102
RTVSPropertyOp22
 70
     1
102
RTVSPropertyOp23
 70
     1
102
RTVSPropertyOp24
 70
     1
102
RTVSPropertyOp25
 70
     1
102
RTVSPropertyOp26
 70
     1
102
RTVSPropertyOp27
 70
     1
102
RTVSPropertyOp28
 70
     1
102
RTVSPropertyOp29
 70
     1
102
RTVSPropertyOp30
 70
     1
102
RTVSPropertyOp31
 70
     1
102
RTVSPropertyOp32
 70
     1
102
RTVSPropertyOp33
 70
     1
102
RTVSPropertyOp34
 70
     1
102
RTVSPropertyOp35
 70
     1
102
RTVSPropertyOp36
 70
     1
102
RTVSPropertyOp37
 70
     1
102
RTVSPropertyOp38
 70
     1
102
RTVSPropertyOp39
 70
     1
102
RTVSPropertyOp40
 70
     1
102
RTVSPropertyOp41
 70
     1
102
RTVSPropertyOp42
 70
     1
102
RTVSPropertyOp43
 70
     1
102
RTVSPropertyOp44
 70
     1
102
RTVSPropertyOp45
 70
     1
102
RTVSPropertyOp46
 70
     1
102
RTVSPropertyOp47
 70
     1
102
RTVSPropertyOp48
 70
     1
102
RTVSPropertyOp49
 70
     1
102
RTVSPropertyOp50
 70
     1
102
RTVSPropertyOp51
 70
     0
102
RTVSPropertyOp52
 70
     0
102
RTVSPropertyOp53
 70
     1
102
RTVSPropertyOp54
 70
     1
102
RTVSPropertyOp55
 70
     1
102
RTVSPropertyOp56
 70
     1
102
RTVSPropertyOp57
 70
     1
102
RTVSPost2010Prop28
280
     0
102
RTVSPost2010PropOp28
 70
     1
102
RTVSPost2010Prop29
280
     1
102
RTVSPost2010PropOp29
 70
     1
102
RTVSPost2010Prop30
280
     1
102
RTVSPost2010PropOp30
 70
     1
102
RTVSPost2010Prop31
280
     0
102
RTVSPost2010PropOp31
 70
     1
102
RTVSPost2010Prop32
280
     0
102
RTVSPost2010PropOp32
 70
     1
102
RTVSPost2010Prop33
280
     0
102
RTVSPost2010PropOp33
 70
     1
102
RTVSPost2010Prop34
280
     0
102
RTVSPost2010PropOp34
 70
     1
102
RTVSPost2010Prop35
280
     0
102
RTVSPost2010PropOp35
 70
     1
102
RTVSPost2010Prop36
280
     0
102
RTVSPost2010PropOp36
 70
     1
102
RTVSPost2010Prop37
 90
       50
102
RTVSPost2010PropOp37
 70
     1
102
RTVSPost2010Prop38
140
0.0
102
RTVSPost2010PropOp38
 70
     1
102
RTVSPost2010Prop39
140
1.0
102
RTVSPost2010PropOp39
 70
     1
102
RTVSPost2010Prop40
 90
        0
102
RTVSPost2010PropOp40
 70
     1
102
RTVSPost2010Prop41ColorIndex
 90
       18
102
RTVSPost2010Prop41ColorRGB
 90
        0
102
RTVSPost2010PropOp41
 70
     1
102
RTVSPost2010Prop42
 90
       50
102
RTVSPost2010PropOp42
 70
     1
102
RTVSPost2010Prop43
 90
        3
102
RTVSPost2010PropOp43
 70
     1
102
RTVSPost2010Prop44ColorIndex
 90
        5
102
RTVSPost2010Prop44ColorRGB
 90
      255
102
RTVSPost2010PropOp44
 70
     1
102
RTVSPost2010Prop45
280
     0
102
RTVSPost2010PropOp45
 70
     1
102
RTVSPost2010Prop46
 90
       50
102
RTVSPost2010PropOp46
 70
     1
102
RTVSPost2010Prop47
 90
       50
102
RTVSPost2010PropOp47
 70
     1
102
RTVSPost2010Prop48
 90
       50
102
RTVSPost2010PropOp48
 70
     1
102
RTVSPost2010Prop49
280
     0
102
RTVSPost2010PropOp49
 70
     1
102
RTVSPost2010Prop50
 90
       50
102
RTVSPost2010PropOp50
 70
     1
102
RTVSPost2010Prop51ColorIndex
 90
      256
102
RTVSPost2010Prop51ColorRGB
 90
-16777216
102
RTVSPost2010PropOp51
 70
     0
102
RTVSPost2010Prop52
140
1.0
102
RTVSPost2010PropOp52
 70
     0
102
RTVSPost2010Prop53
 90
        2
102
RTVSPost2010PropOp53
 70
     1
102
RTVSPost2010Prop54
  1
strokes_ogs.tif
102
RTVSPost2010PropOp54
 70
     1
102
RTVSPost2010Prop55
280
     0
102
RTVSPost2010PropOp55
 70
     1
102
RTVSPost2010Prop56
140
1.0
102
RTVSPost2010PropOp56
 70
     1
102
RTVSPost2010Prop57
140
1.0
102
RTVSPost2010PropOp57
 70
     1
  0
XRECORD
  5
2CD93
102
{ACAD_REACTORS
330
2CD92
102
}
330
2CD92
100
AcDbXrecord
280
     1
102
RTVSPropertyOp0
 70
     1
102
RTVSPropertyOp1
 70
     1
102
RTVSPropertyOp2
 70
     1
102
RTVSPropertyOp3
 70
     1
102
RTVSPropertyOp4
 70
     1
102
RTVSPropertyOp5
 70
     1
102
RTVSPropertyOp6
 70
     1
102
RTVSPropertyOp7
 70
     1
102
RTVSPropertyOp8
 70
     1
102
RTVSPropertyOp9
 70
     1
102
RTVSPropertyOp10
 70
     1
102
RTVSPropertyOp11
 70
     1
102
RTVSPropertyOp12
 70
     1
102
RTVSPropertyOp13
 70
     1
102
RTVSPropertyOp14
 70
     1
102
RTVSPropertyOp15
 70
     1
102
RTVSPropertyOp16
 70
     1
102
RTVSPropertyOp17
 70
     1
102
RTVSPropertyOp18
 70
     1
102
RTVSPropertyOp19
 70
     1
102
RTVSPropertyOp20
 70
     1
102
RTVSPropertyOp21
 70
     1
102
RTVSPropertyOp22
 70
     1
102
RTVSPropertyOp23
 70
     1
102
RTVSPropertyOp24
 70
     1
102
RTVSPropertyOp25
 70
     1
102
RTVSPropertyOp26
 70
     1
102
RTVSPropertyOp27
 70
     1
102
RTVSPropertyOp28
 70
     1
102
RTVSPropertyOp29
 70
     1
102
RTVSPropertyOp30
 70
     1
102
RTVSPropertyOp31
 70
     1
102
RTVSPropertyOp32
 70
     1
102
RTVSPropertyOp33
 70
     1
102
RTVSPropertyOp34
 70
     1
102
RTVSPropertyOp35
 70
     1
102
RTVSPropertyOp36
 70
     1
102
RTVSPropertyOp37
 70
     1
102
RTVSPropertyOp38
 70
     1
102
RTVSPropertyOp39
 70
     1
102
RTVSPropertyOp40
 70
     1
102
RTVSPropertyOp41
 70
     1
102
RTVSPropertyOp42
 70
     1
102
RTVSPropertyOp43
 70
     1
102
RTVSPropertyOp44
 70
     1
102
RTVSPropertyOp45
 70
     1
102
RTVSPropertyOp46
 70
     1
102
RTVSPropertyOp47
 70
     1
102
RTVSPropertyOp48
 70
     1
102
RTVSPropertyOp49
 70
     1
102
RTVSPropertyOp50
 70
     1
102
RTVSPropertyOp51
 70
     0
102
RTVSPropertyOp52
 70
     0
102
RTVSPropertyOp53
 70
     1
102
RTVSPropertyOp54
 70
     1
102
RTVSPropertyOp55
 70
     1
102
RTVSPropertyOp56
 70
     1
102
RTVSPropertyOp57
 70
     1
102
RTVSPost2010Prop28
280
     0
102
RTVSPost2010PropOp28
 70
     1
102
RTVSPost2010Prop29
280
     1
102
RTVSPost2010PropOp29
 70
     1
102
RTVSPost2010Prop30
280
     1
102
RTVSPost2010PropOp30
 70
     1
102
RTVSPost2010Prop31
280
     0
102
RTVSPost2010PropOp31
 70
     1
102
RTVSPost2010Prop32
280
     0
102
RTVSPost2010PropOp32
 70
     1
102
RTVSPost2010Prop33
280
     0
102
RTVSPost2010PropOp33
 70
     1
102
RTVSPost2010Prop34
280
     0
102
RTVSPost2010PropOp34
 70
     1
102
RTVSPost2010Prop35
280
     0
102
RTVSPost2010PropOp35
 70
     1
102
RTVSPost2010Prop36
280
     0
102
RTVSPost2010PropOp36
 70
     1
102
RTVSPost2010Prop37
 90
       50
102
RTVSPost2010PropOp37
 70
     1
102
RTVSPost2010Prop38
140
0.0
102
RTVSPost2010PropOp38
 70
     1
102
RTVSPost2010Prop39
140
1.0
102
RTVSPost2010PropOp39
 70
     1
102
RTVSPost2010Prop40
 90
        0
102
RTVSPost2010PropOp40
 70
     1
102
RTVSPost2010Prop41ColorIndex
 90
       18
102
RTVSPost2010Prop41ColorRGB
 90
        0
102
RTVSPost2010PropOp41
 70
     1
102
RTVSPost2010Prop42
 90
       50
102
RTVSPost2010PropOp42
 70
     1
102
RTVSPost2010Prop43
 90
        3
102
RTVSPost2010PropOp43
 70
     1
102
RTVSPost2010Prop44ColorIndex
 90
        5
102
RTVSPost2010Prop44ColorRGB
 90
      255
102
RTVSPost2010PropOp44
 70
     1
102
RTVSPost2010Prop45
280
     0
102
RTVSPost2010PropOp45
 70
     1
102
RTVSPost2010Prop46
 90
       50
102
RTVSPost2010PropOp46
 70
     1
102
RTVSPost2010Prop47
 90
       50
102
RTVSPost2010PropOp47
 70
     1
102
RTVSPost2010Prop48
 90
       50
102
RTVSPost2010PropOp48
 70
     1
102
RTVSPost2010Prop49
280
     0
102
RTVSPost2010PropOp49
 70
     1
102
RTVSPost2010Prop50
 90
       50
102
RTVSPost2010PropOp50
 70
     1
102
RTVSPost2010Prop51ColorIndex
 90
      256
102
RTVSPost2010Prop51ColorRGB
 90
-16777216
102
RTVSPost2010PropOp51
 70
     0
102
RTVSPost2010Prop52
140
1.0
102
RTVSPost2010PropOp52
 70
     0
102
RTVSPost2010Prop53
 90
        2
102
RTVSPost2010PropOp53
 70
     1
102
RTVSPost2010Prop54
  1
strokes_ogs.tif
102
RTVSPost2010PropOp54
 70
     1
102
RTVSPost2010Prop55
280
     0
102
RTVSPost2010PropOp55
 70
     1
102
RTVSPost2010Prop56
140
1.0
102
RTVSPost2010PropOp56
 70
     1
102
RTVSPost2010Prop57
140
1.0
102
RTVSPost2010PropOp57
 70
     1
  0
XRECORD
  5
2CD95
102
{ACAD_REACTORS
330
2CD94
102
}
330
2CD94
100
AcDbXrecord
280
     1
102
RTVSPropertyOp0
 70
     1
102
RTVSPropertyOp1
 70
     1
102
RTVSPropertyOp2
 70
     1
102
RTVSPropertyOp3
 70
     1
102
RTVSPropertyOp4
 70
     1
102
RTVSPropertyOp5
 70
     1
102
RTVSPropertyOp6
 70
     1
102
RTVSPropertyOp7
 70
     1
102
RTVSPropertyOp8
 70
     1
102
RTVSPropertyOp9
 70
     1
102
RTVSPropertyOp10
 70
     1
102
RTVSPropertyOp11
 70
     1
102
RTVSPropertyOp12
 70
     1
102
RTVSPropertyOp13
 70
     1
102
RTVSPropertyOp14
 70
     1
102
RTVSPropertyOp15
 70
     1
102
RTVSPropertyOp16
 70
     1
102
RTVSPropertyOp17
 70
     1
102
RTVSPropertyOp18
 70
     1
102
RTVSPropertyOp19
 70
     1
102
RTVSPropertyOp20
 70
     1
102
RTVSPropertyOp21
 70
     1
102
RTVSPropertyOp22
 70
     1
102
RTVSPropertyOp23
 70
     1
102
RTVSPropertyOp24
 70
     1
102
RTVSPropertyOp25
 70
     1
102
RTVSPropertyOp26
 70
     1
102
RTVSPropertyOp27
 70
     1
102
RTVSPropertyOp28
 70
     1
102
RTVSPropertyOp29
 70
     1
102
RTVSPropertyOp30
 70
     1
102
RTVSPropertyOp31
 70
     1
102
RTVSPropertyOp32
 70
     1
102
RTVSPropertyOp33
 70
     1
102
RTVSPropertyOp34
 70
     1
102
RTVSPropertyOp35
 70
     1
102
RTVSPropertyOp36
 70
     1
102
RTVSPropertyOp37
 70
     1
102
RTVSPropertyOp38
 70
     1
102
RTVSPropertyOp39
 70
     1
102
RTVSPropertyOp40
 70
     1
102
RTVSPropertyOp41
 70
     1
102
RTVSPropertyOp42
 70
     1
102
RTVSPropertyOp43
 70
     1
102
RTVSPropertyOp44
 70
     1
102
RTVSPropertyOp45
 70
     1
102
RTVSPropertyOp46
 70
     1
102
RTVSPropertyOp47
 70
     1
102
RTVSPropertyOp48
 70
     1
102
RTVSPropertyOp49
 70
     1
102
RTVSPropertyOp50
 70
     1
102
RTVSPropertyOp51
 70
     0
102
RTVSPropertyOp52
 70
     0
102
RTVSPropertyOp53
 70
     1
102
RTVSPropertyOp54
 70
     1
102
RTVSPropertyOp55
 70
     1
102
RTVSPropertyOp56
 70
     1
102
RTVSPropertyOp57
 70
     1
102
RTVSPost2010Prop28
280
     0
102
RTVSPost2010PropOp28
 70
     1
102
RTVSPost2010Prop29
280
     1
102
RTVSPost2010PropOp29
 70
     1
102
RTVSPost2010Prop30
280
     1
102
RTVSPost2010PropOp30
 70
     1
102
RTVSPost2010Prop31
280
     0
102
RTVSPost2010PropOp31
 70
     1
102
RTVSPost2010Prop32
280
     0
102
RTVSPost2010PropOp32
 70
     1
102
RTVSPost2010Prop33
280
     0
102
RTVSPost2010PropOp33
 70
     1
102
RTVSPost2010Prop34
280
     0
102
RTVSPost2010PropOp34
 70
     1
102
RTVSPost2010Prop35
280
     0
102
RTVSPost2010PropOp35
 70
     1
102
RTVSPost2010Prop36
280
     0
102
RTVSPost2010PropOp36
 70
     1
102
RTVSPost2010Prop37
 90
       50
102
RTVSPost2010PropOp37
 70
     1
102
RTVSPost2010Prop38
140
0.0
102
RTVSPost2010PropOp38
 70
     1
102
RTVSPost2010Prop39
140
1.0
102
RTVSPost2010PropOp39
 70
     1
102
RTVSPost2010Prop40
 90
        0
102
RTVSPost2010PropOp40
 70
     1
102
RTVSPost2010Prop41ColorIndex
 90
       18
102
RTVSPost2010Prop41ColorRGB
 90
        0
102
RTVSPost2010PropOp41
 70
     1
102
RTVSPost2010Prop42
 90
       50
102
RTVSPost2010PropOp42
 70
     1
102
RTVSPost2010Prop43
 90
        3
102
RTVSPost2010PropOp43
 70
     1
102
RTVSPost2010Prop44ColorIndex
 90
        5
102
RTVSPost2010Prop44ColorRGB
 90
      255
102
RTVSPost2010PropOp44
 70
     1
102
RTVSPost2010Prop45
280
     0
102
RTVSPost2010PropOp45
 70
     1
102
RTVSPost2010Prop46
 90
       50
102
RTVSPost2010PropOp46
 70
     1
102
RTVSPost2010Prop47
 90
       50
102
RTVSPost2010PropOp47
 70
     1
102
RTVSPost2010Prop48
 90
       50
102
RTVSPost2010PropOp48
 70
     1
102
RTVSPost2010Prop49
280
     0
102
RTVSPost2010PropOp49
 70
     1
102
RTVSPost2010Prop50
 90
       50
102
RTVSPost2010PropOp50
 70
     1
102
RTVSPost2010Prop51ColorIndex
 90
      256
102
RTVSPost2010Prop51ColorRGB
 90
-16777216
102
RTVSPost2010PropOp51
 70
     0
102
RTVSPost2010Prop52
140
1.0
102
RTVSPost2010PropOp52
 70
     0
102
RTVSPost2010Prop53
 90
        2
102
RTVSPost2010PropOp53
 70
     1
102
RTVSPost2010Prop54
  1
strokes_ogs.tif
102
RTVSPost2010PropOp54
 70
     1
102
RTVSPost2010Prop55
280
     0
102
RTVSPost2010PropOp55
 70
     1
102
RTVSPost2010Prop56
140
1.0
102
RTVSPost2010PropOp56
 70
     1
102
RTVSPost2010Prop57
140
1.0
102
RTVSPost2010PropOp57
 70
     1
  0
XRECORD
  5
2CD97
102
{ACAD_REACTORS
330
2CD96
102
}
330
2CD96
100
AcDbXrecord
280
     1
102
RTVSPropertyOp0
 70
     1
102
RTVSPropertyOp1
 70
     1
102
RTVSPropertyOp2
 70
     1
102
RTVSPropertyOp3
 70
     1
102
RTVSPropertyOp4
 70
     1
102
RTVSPropertyOp5
 70
     1
102
RTVSPropertyOp6
 70
     1
102
RTVSPropertyOp7
 70
     1
102
RTVSPropertyOp8
 70
     1
102
RTVSPropertyOp9
 70
     1
102
RTVSPropertyOp10
 70
     1
102
RTVSPropertyOp11
 70
     1
102
RTVSPropertyOp12
 70
     1
102
RTVSPropertyOp13
 70
     1
102
RTVSPropertyOp14
 70
     1
102
RTVSPropertyOp15
 70
     1
102
RTVSPropertyOp16
 70
     1
102
RTVSPropertyOp17
 70
     1
102
RTVSPropertyOp18
 70
     1
102
RTVSPropertyOp19
 70
     1
102
RTVSPropertyOp20
 70
     1
102
RTVSPropertyOp21
 70
     1
102
RTVSPropertyOp22
 70
     1
102
RTVSPropertyOp23
 70
     1
102
RTVSPropertyOp24
 70
     1
102
RTVSPropertyOp25
 70
     1
102
RTVSPropertyOp26
 70
     1
102
RTVSPropertyOp27
 70
     1
102
RTVSPropertyOp28
 70
     1
102
RTVSPropertyOp29
 70
     1
102
RTVSPropertyOp30
 70
     1
102
RTVSPropertyOp31
 70
     1
102
RTVSPropertyOp32
 70
     1
102
RTVSPropertyOp33
 70
     1
102
RTVSPropertyOp34
 70
     1
102
RTVSPropertyOp35
 70
     1
102
RTVSPropertyOp36
 70
     1
102
RTVSPropertyOp37
 70
     1
102
RTVSPropertyOp38
 70
     1
102
RTVSPropertyOp39
 70
     1
102
RTVSPropertyOp40
 70
     1
102
RTVSPropertyOp41
 70
     1
102
RTVSPropertyOp42
 70
     1
102
RTVSPropertyOp43
 70
     1
102
RTVSPropertyOp44
 70
     1
102
RTVSPropertyOp45
 70
     1
102
RTVSPropertyOp46
 70
     1
102
RTVSPropertyOp47
 70
     1
102
RTVSPropertyOp48
 70
     1
102
RTVSPropertyOp49
 70
     1
102
RTVSPropertyOp50
 70
     1
102
RTVSPropertyOp51
 70
     0
102
RTVSPropertyOp52
 70
     0
102
RTVSPropertyOp53
 70
     1
102
RTVSPropertyOp54
 70
     1
102
RTVSPropertyOp55
 70
     1
102
RTVSPropertyOp56
 70
     1
102
RTVSPropertyOp57
 70
     1
102
RTVSPost2010Prop28
280
     0
102
RTVSPost2010PropOp28
 70
     1
102
RTVSPost2010Prop29
280
     1
102
RTVSPost2010PropOp29
 70
     1
102
RTVSPost2010Prop30
280
     1
102
RTVSPost2010PropOp30
 70
     1
102
RTVSPost2010Prop31
280
     0
102
RTVSPost2010PropOp31
 70
     1
102
RTVSPost2010Prop32
280
     0
102
RTVSPost2010PropOp32
 70
     1
102
RTVSPost2010Prop33
280
     0
102
RTVSPost2010PropOp33
 70
     1
102
RTVSPost2010Prop34
280
     0
102
RTVSPost2010PropOp34
 70
     1
102
RTVSPost2010Prop35
280
     0
102
RTVSPost2010PropOp35
 70
     1
102
RTVSPost2010Prop36
280
     0
102
RTVSPost2010PropOp36
 70
     1
102
RTVSPost2010Prop37
 90
       50
102
RTVSPost2010PropOp37
 70
     1
102
RTVSPost2010Prop38
140
0.0
102
RTVSPost2010PropOp38
 70
     1
102
RTVSPost2010Prop39
140
1.0
102
RTVSPost2010PropOp39
 70
     1
102
RTVSPost2010Prop40
 90
        0
102
RTVSPost2010PropOp40
 70
     1
102
RTVSPost2010Prop41ColorIndex
 90
       18
102
RTVSPost2010Prop41ColorRGB
 90
        0
102
RTVSPost2010PropOp41
 70
     1
102
RTVSPost2010Prop42
 90
       50
102
RTVSPost2010PropOp42
 70
     1
102
RTVSPost2010Prop43
 90
        3
102
RTVSPost2010PropOp43
 70
     1
102
RTVSPost2010Prop44ColorIndex
 90
        5
102
RTVSPost2010Prop44ColorRGB
 90
      255
102
RTVSPost2010PropOp44
 70
     1
102
RTVSPost2010Prop45
280
     0
102
RTVSPost2010PropOp45
 70
     1
102
RTVSPost2010Prop46
 90
       50
102
RTVSPost2010PropOp46
 70
     1
102
RTVSPost2010Prop47
 90
       50
102
RTVSPost2010PropOp47
 70
     1
102
RTVSPost2010Prop48
 90
       50
102
RTVSPost2010PropOp48
 70
     1
102
RTVSPost2010Prop49
280
     0
102
RTVSPost2010PropOp49
 70
     1
102
RTVSPost2010Prop50
 90
       50
102
RTVSPost2010PropOp50
 70
     1
102
RTVSPost2010Prop51ColorIndex
 90
      256
102
RTVSPost2010Prop51ColorRGB
 90
-16777216
102
RTVSPost2010PropOp51
 70
     0
102
RTVSPost2010Prop52
140
1.0
102
RTVSPost2010PropOp52
 70
     0
102
RTVSPost2010Prop53
 90
        2
102
RTVSPost2010PropOp53
 70
     1
102
RTVSPost2010Prop54
  1
strokes_ogs.tif
102
RTVSPost2010PropOp54
 70
     1
102
RTVSPost2010Prop55
280
     0
102
RTVSPost2010PropOp55
 70
     1
102
RTVSPost2010Prop56
140
1.0
102
RTVSPost2010PropOp56
 70
     1
102
RTVSPost2010Prop57
140
1.0
102
RTVSPost2010PropOp57
 70
     1
  0
XRECORD
  5
2CD99
102
{ACAD_REACTORS
330
2CD98
102
}
330
2CD98
100
AcDbXrecord
280
     1
102
RTVSPropertyOp0
 70
     1
102
RTVSPropertyOp1
 70
     1
102
RTVSPropertyOp2
 70
     1
102
RTVSPropertyOp3
 70
     1
102
RTVSPropertyOp4
 70
     1
102
RTVSPropertyOp5
 70
     1
102
RTVSPropertyOp6
 70
     1
102
RTVSPropertyOp7
 70
     1
102
RTVSPropertyOp8
 70
     1
102
RTVSPropertyOp9
 70
     1
102
RTVSPropertyOp10
 70
     1
102
RTVSPropertyOp11
 70
     1
102
RTVSPropertyOp12
 70
     1
102
RTVSPropertyOp13
 70
     1
102
RTVSPropertyOp14
 70
     1
102
RTVSPropertyOp15
 70
     1
102
RTVSPropertyOp16
 70
     1
102
RTVSPropertyOp17
 70
     1
102
RTVSPropertyOp18
 70
     1
102
RTVSPropertyOp19
 70
     1
102
RTVSPropertyOp20
 70
     1
102
RTVSPropertyOp21
 70
     1
102
RTVSPropertyOp22
 70
     1
102
RTVSPropertyOp23
 70
     1
102
RTVSPropertyOp24
 70
     1
102
RTVSPropertyOp25
 70
     1
102
RTVSPropertyOp26
 70
     1
102
RTVSPropertyOp27
 70
     1
102
RTVSPropertyOp28
 70
     1
102
RTVSPropertyOp29
 70
     1
102
RTVSPropertyOp30
 70
     1
102
RTVSPropertyOp31
 70
     1
102
RTVSPropertyOp32
 70
     1
102
RTVSPropertyOp33
 70
     1
102
RTVSPropertyOp34
 70
     1
102
RTVSPropertyOp35
 70
     1
102
RTVSPropertyOp36
 70
     1
102
RTVSPropertyOp37
 70
     1
102
RTVSPropertyOp38
 70
     1
102
RTVSPropertyOp39
 70
     1
102
RTVSPropertyOp40
 70
     1
102
RTVSPropertyOp41
 70
     1
102
RTVSPropertyOp42
 70
     1
102
RTVSPropertyOp43
 70
     1
102
RTVSPropertyOp44
 70
     1
102
RTVSPropertyOp45
 70
     1
102
RTVSPropertyOp46
 70
     1
102
RTVSPropertyOp47
 70
     1
102
RTVSPropertyOp48
 70
     1
102
RTVSPropertyOp49
 70
     1
102
RTVSPropertyOp50
 70
     1
102
RTVSPropertyOp51
 70
     0
102
RTVSPropertyOp52
 70
     0
102
RTVSPropertyOp53
 70
     1
102
RTVSPropertyOp54
 70
     1
102
RTVSPropertyOp55
 70
     1
102
RTVSPropertyOp56
 70
     1
102
RTVSPropertyOp57
 70
     1
102
RTVSPost2010Prop28
280
     0
102
RTVSPost2010PropOp28
 70
     1
102
RTVSPost2010Prop29
280
     1
102
RTVSPost2010PropOp29
 70
     1
102
RTVSPost2010Prop30
280
     1
102
RTVSPost2010PropOp30
 70
     1
102
RTVSPost2010Prop31
280
     0
102
RTVSPost2010PropOp31
 70
     1
102
RTVSPost2010Prop32
280
     0
102
RTVSPost2010PropOp32
 70
     1
102
RTVSPost2010Prop33
280
     0
102
RTVSPost2010PropOp33
 70
     1
102
RTVSPost2010Prop34
280
     0
102
RTVSPost2010PropOp34
 70
     1
102
RTVSPost2010Prop35
280
     0
102
RTVSPost2010PropOp35
 70
     1
102
RTVSPost2010Prop36
280
     0
102
RTVSPost2010PropOp36
 70
     1
102
RTVSPost2010Prop37
 90
       50
102
RTVSPost2010PropOp37
 70
     1
102
RTVSPost2010Prop38
140
0.0
102
RTVSPost2010PropOp38
 70
     1
102
RTVSPost2010Prop39
140
1.0
102
RTVSPost2010PropOp39
 70
     1
102
RTVSPost2010Prop40
 90
        0
102
RTVSPost2010PropOp40
 70
     1
102
RTVSPost2010Prop41ColorIndex
 90
       18
102
RTVSPost2010Prop41ColorRGB
 90
        0
102
RTVSPost2010PropOp41
 70
     1
102
RTVSPost2010Prop42
 90
       50
102
RTVSPost2010PropOp42
 70
     1
102
RTVSPost2010Prop43
 90
        3
102
RTVSPost2010PropOp43
 70
     1
102
RTVSPost2010Prop44ColorIndex
 90
        5
102
RTVSPost2010Prop44ColorRGB
 90
      255
102
RTVSPost2010PropOp44
 70
     1
102
RTVSPost2010Prop45
280
     0
102
RTVSPost2010PropOp45
 70
     1
102
RTVSPost2010Prop46
 90
       50
102
RTVSPost2010PropOp46
 70
     1
102
RTVSPost2010Prop47
 90
       50
102
RTVSPost2010PropOp47
 70
     1
102
RTVSPost2010Prop48
 90
       50
102
RTVSPost2010PropOp48
 70
     1
102
RTVSPost2010Prop49
280
     0
102
RTVSPost2010PropOp49
 70
     1
102
RTVSPost2010Prop50
 90
       50
102
RTVSPost2010PropOp50
 70
     1
102
RTVSPost2010Prop51ColorIndex
 90
      256
102
RTVSPost2010Prop51ColorRGB
 90
-16777216
102
RTVSPost2010PropOp51
 70
     0
102
RTVSPost2010Prop52
140
1.0
102
RTVSPost2010PropOp52
 70
     0
102
RTVSPost2010Prop53
 90
        2
102
RTVSPost2010PropOp53
 70
     1
102
RTVSPost2010Prop54
  1
strokes_ogs.tif
102
RTVSPost2010PropOp54
 70
     1
102
RTVSPost2010Prop55
280
     0
102
RTVSPost2010PropOp55
 70
     1
102
RTVSPost2010Prop56
140
1.0
102
RTVSPost2010PropOp56
 70
     1
102
RTVSPost2010Prop57
140
1.0
102
RTVSPost2010PropOp57
 70
     1
  0
XRECORD
  5
2CD9B
102
{ACAD_REACTORS
330
2CD9A
102
}
330
2CD9A
100
AcDbXrecord
280
     1
102
RTVSPropertyOp0
 70
     0
102
RTVSPropertyOp1
 70
     0
102
RTVSPropertyOp2
 70
     0
102
RTVSPropertyOp3
 70
     0
102
RTVSPropertyOp4
 70
     0
102
RTVSPropertyOp5
 70
     0
102
RTVSPropertyOp6
 70
     0
102
RTVSPropertyOp7
 70
     0
102
RTVSPropertyOp8
 70
     0
102
RTVSPropertyOp9
 70
     0
102
RTVSPropertyOp10
 70
     0
102
RTVSPropertyOp11
 70
     0
102
RTVSPropertyOp12
 70
     0
102
RTVSPropertyOp13
 70
     0
102
RTVSPropertyOp14
 70
     2
102
RTVSPropertyOp15
 70
     0
102
RTVSPropertyOp16
 70
     0
102
RTVSPropertyOp17
 70
     0
102
RTVSPropertyOp18
 70
     0
102
RTVSPropertyOp19
 70
     0
102
RTVSPropertyOp20
 70
     0
102
RTVSPropertyOp21
 70
     0
102
RTVSPropertyOp22
 70
     0
102
RTVSPropertyOp23
 70
     0
102
RTVSPropertyOp24
 70
     0
102
RTVSPropertyOp25
 70
     0
102
RTVSPropertyOp26
 70
     0
102
RTVSPropertyOp27
 70
     0
102
RTVSPropertyOp28
 70
     0
102
RTVSPropertyOp29
 70
     0
102
RTVSPropertyOp30
 70
     0
102
RTVSPropertyOp31
 70
     0
102
RTVSPropertyOp32
 70
     0
102
RTVSPropertyOp33
 70
     0
102
RTVSPropertyOp34
 70
     0
102
RTVSPropertyOp35
 70
     0
102
RTVSPropertyOp36
 70
     0
102
RTVSPropertyOp37
 70
     0
102
RTVSPropertyOp38
 70
     0
102
RTVSPropertyOp39
 70
     0
102
RTVSPropertyOp40
 70
     0
102
RTVSPropertyOp41
 70
     0
102
RTVSPropertyOp42
 70
     0
102
RTVSPropertyOp43
 70
     0
102
RTVSPropertyOp44
 70
     0
102
RTVSPropertyOp45
 70
     0
102
RTVSPropertyOp46
 70
     0
102
RTVSPropertyOp47
 70
     0
102
RTVSPropertyOp48
 70
     0
102
RTVSPropertyOp49
 70
     0
102
RTVSPropertyOp50
 70
     0
102
RTVSPropertyOp51
 70
     0
102
RTVSPropertyOp52
 70
     0
102
RTVSPropertyOp53
 70
     0
102
RTVSPropertyOp54
 70
     0
102
RTVSPropertyOp55
 70
     0
102
RTVSPropertyOp56
 70
     0
102
RTVSPropertyOp57
 70
     0
102
RTVSPost2010Prop28
280
     0
102
RTVSPost2010PropOp28
 70
     0
102
RTVSPost2010Prop29
280
     1
102
RTVSPost2010PropOp29
 70
     0
102
RTVSPost2010Prop30
280
     1
102
RTVSPost2010PropOp30
 70
     0
102
RTVSPost2010Prop31
280
     0
102
RTVSPost2010PropOp31
 70
     0
102
RTVSPost2010Prop32
280
     0
102
RTVSPost2010PropOp32
 70
     0
102
RTVSPost2010Prop33
280
     0
102
RTVSPost2010PropOp33
 70
     0
102
RTVSPost2010Prop34
280
     0
102
RTVSPost2010PropOp34
 70
     0
102
RTVSPost2010Prop35
280
     0
102
RTVSPost2010PropOp35
 70
     0
102
RTVSPost2010Prop36
280
     0
102
RTVSPost2010PropOp36
 70
     0
102
RTVSPost2010Prop37
 90
       50
102
RTVSPost2010PropOp37
 70
     0
102
RTVSPost2010Prop38
140
0.0
102
RTVSPost2010PropOp38
 70
     0
102
RTVSPost2010Prop39
140
1.0
102
RTVSPost2010PropOp39
 70
     0
102
RTVSPost2010Prop40
 90
        0
102
RTVSPost2010PropOp40
 70
     0
102
RTVSPost2010Prop41ColorIndex
 90
       18
102
RTVSPost2010Prop41ColorRGB
 90
        0
102
RTVSPost2010PropOp41
 70
     0
102
RTVSPost2010Prop42
 90
       50
102
RTVSPost2010PropOp42
 70
     0
102
RTVSPost2010Prop43
 90
        3
102
RTVSPost2010PropOp43
 70
     0
102
RTVSPost2010Prop44ColorIndex
 90
        5
102
RTVSPost2010Prop44ColorRGB
 90
      255
102
RTVSPost2010PropOp44
 70
     0
102
RTVSPost2010Prop45
280
     0
102
RTVSPost2010PropOp45
 70
     0
102
RTVSPost2010Prop46
 90
       50
102
RTVSPost2010PropOp46
 70
     0
102
RTVSPost2010Prop47
 90
       50
102
RTVSPost2010PropOp47
 70
     0
102
RTVSPost2010Prop48
 90
       50
102
RTVSPost2010PropOp48
 70
     0
102
RTVSPost2010Prop49
280
     0
102
RTVSPost2010PropOp49
 70
     0
102
RTVSPost2010Prop50
 90
       50
102
RTVSPost2010PropOp50
 70
     0
102
RTVSPost2010Prop51ColorIndex
 90
      256
102
RTVSPost2010Prop51ColorRGB
 90
-16777216
102
RTVSPost2010PropOp51
 70
     0
102
RTVSPost2010Prop52
140
1.0
102
RTVSPost2010PropOp52
 70
     0
102
RTVSPost2010Prop53
 90
        2
102
RTVSPost2010PropOp53
 70
     0
102
RTVSPost2010Prop54
  1
strokes_ogs.tif
102
RTVSPost2010PropOp54
 70
     0
102
RTVSPost2010Prop55
280
     0
102
RTVSPost2010PropOp55
 70
     0
102
RTVSPost2010Prop56
140
1.0
102
RTVSPost2010PropOp56
 70
     0
102
RTVSPost2010Prop57
140
1.0
102
RTVSPost2010PropOp57
 70
     0
  0
XRECORD
  5
2CD9D
102
{ACAD_REACTORS
330
2CD9C
102
}
330
2CD9C
100
AcDbXrecord
280
     1
102
RTVSPropertyOp0
 70
     1
102
RTVSPropertyOp1
 70
     1
102
RTVSPropertyOp2
 70
     1
102
RTVSPropertyOp3
 70
     1
102
RTVSPropertyOp4
 70
     1
102
RTVSPropertyOp5
 70
     1
102
RTVSPropertyOp6
 70
     1
102
RTVSPropertyOp7
 70
     1
102
RTVSPropertyOp8
 70
     1
102
RTVSPropertyOp9
 70
     1
102
RTVSPropertyOp10
 70
     1
102
RTVSPropertyOp11
 70
     1
102
RTVSPropertyOp12
 70
     1
102
RTVSPropertyOp13
 70
     1
102
RTVSPropertyOp14
 70
     1
102
RTVSPropertyOp15
 70
     1
102
RTVSPropertyOp16
 70
     1
102
RTVSPropertyOp17
 70
     1
102
RTVSPropertyOp18
 70
     1
102
RTVSPropertyOp19
 70
     1
102
RTVSPropertyOp20
 70
     1
102
RTVSPropertyOp21
 70
     1
102
RTVSPropertyOp22
 70
     1
102
RTVSPropertyOp23
 70
     1
102
RTVSPropertyOp24
 70
     1
102
RTVSPropertyOp25
 70
     1
102
RTVSPropertyOp26
 70
     1
102
RTVSPropertyOp27
 70
     1
102
RTVSPropertyOp28
 70
     1
102
RTVSPropertyOp29
 70
     1
102
RTVSPropertyOp30
 70
     1
102
RTVSPropertyOp31
 70
     1
102
RTVSPropertyOp32
 70
     1
102
RTVSPropertyOp33
 70
     1
102
RTVSPropertyOp34
 70
     1
102
RTVSPropertyOp35
 70
     1
102
RTVSPropertyOp36
 70
     1
102
RTVSPropertyOp37
 70
     1
102
RTVSPropertyOp38
 70
     1
102
RTVSPropertyOp39
 70
     1
102
RTVSPropertyOp40
 70
     1
102
RTVSPropertyOp41
 70
     1
102
RTVSPropertyOp42
 70
     1
102
RTVSPropertyOp43
 70
     1
102
RTVSPropertyOp44
 70
     1
102
RTVSPropertyOp45
 70
     1
102
RTVSPropertyOp46
 70
     1
102
RTVSPropertyOp47
 70
     1
102
RTVSPropertyOp48
 70
     1
102
RTVSPropertyOp49
 70
     1
102
RTVSPropertyOp50
 70
     1
102
RTVSPropertyOp51
 70
     0
102
RTVSPropertyOp52
 70
     0
102
RTVSPropertyOp53
 70
     1
102
RTVSPropertyOp54
 70
     1
102
RTVSPropertyOp55
 70
     1
102
RTVSPropertyOp56
 70
     1
102
RTVSPropertyOp57
 70
     1
102
RTVSPost2010Prop28
280
     0
102
RTVSPost2010PropOp28
 70
     1
102
RTVSPost2010Prop29
280
     1
102
RTVSPost2010PropOp29
 70
     1
102
RTVSPost2010Prop30
280
     1
102
RTVSPost2010PropOp30
 70
     1
102
RTVSPost2010Prop31
280
     0
102
RTVSPost2010PropOp31
 70
     1
102
RTVSPost2010Prop32
280
     0
102
RTVSPost2010PropOp32
 70
     1
102
RTVSPost2010Prop33
280
     0
102
RTVSPost2010PropOp33
 70
     1
102
RTVSPost2010Prop34
280
     0
102
RTVSPost2010PropOp34
 70
     1
102
RTVSPost2010Prop35
280
     0
102
RTVSPost2010PropOp35
 70
     1
102
RTVSPost2010Prop36
280
     0
102
RTVSPost2010PropOp36
 70
     1
102
RTVSPost2010Prop37
 90
       50
102
RTVSPost2010PropOp37
 70
     1
102
RTVSPost2010Prop38
140
0.0
102
RTVSPost2010PropOp38
 70
     1
102
RTVSPost2010Prop39
140
1.0
102
RTVSPost2010PropOp39
 70
     1
102
RTVSPost2010Prop40
 90
        0
102
RTVSPost2010PropOp40
 70
     1
102
RTVSPost2010Prop41ColorIndex
 90
       18
102
RTVSPost2010Prop41ColorRGB
 90
        0
102
RTVSPost2010PropOp41
 70
     1
102
RTVSPost2010Prop42
 90
       50
102
RTVSPost2010PropOp42
 70
     1
102
RTVSPost2010Prop43
 90
        3
102
RTVSPost2010PropOp43
 70
     1
102
RTVSPost2010Prop44ColorIndex
 90
        5
102
RTVSPost2010Prop44ColorRGB
 90
      255
102
RTVSPost2010PropOp44
 70
     1
102
RTVSPost2010Prop45
280
     0
102
RTVSPost2010PropOp45
 70
     1
102
RTVSPost2010Prop46
 90
       50
102
RTVSPost2010PropOp46
 70
     1
102
RTVSPost2010Prop47
 90
       50
102
RTVSPost2010PropOp47
 70
     1
102
RTVSPost2010Prop48
 90
       50
102
RTVSPost2010PropOp48
 70
     1
102
RTVSPost2010Prop49
280
     0
102
RTVSPost2010PropOp49
 70
     1
102
RTVSPost2010Prop50
 90
       50
102
RTVSPost2010PropOp50
 70
     1
102
RTVSPost2010Prop51ColorIndex
 90
      256
102
RTVSPost2010Prop51ColorRGB
 90
-16777216
102
RTVSPost2010PropOp51
 70
     0
102
RTVSPost2010Prop52
140
1.0
102
RTVSPost2010PropOp52
 70
     0
102
RTVSPost2010Prop53
 90
        2
102
RTVSPost2010PropOp53
 70
     1
102
RTVSPost2010Prop54
  1
strokes_ogs.tif
102
RTVSPost2010PropOp54
 70
     1
102
RTVSPost2010Prop55
280
     0
102
RTVSPost2010PropOp55
 70
     1
102
RTVSPost2010Prop56
140
1.0
102
RTVSPost2010PropOp56
 70
     1
102
RTVSPost2010Prop57
140
1.0
102
RTVSPost2010PropOp57
 70
     1
  0
XRECORD
  5
2CD9F
102
{ACAD_REACTORS
330
2CD9E
102
}
330
2CD9E
100
AcDbXrecord
280
     1
102
RTVSPropertyOp0
 70
     1
102
RTVSPropertyOp1
 70
     1
102
RTVSPropertyOp2
 70
     1
102
RTVSPropertyOp3
 70
     1
102
RTVSPropertyOp4
 70
     1
102
RTVSPropertyOp5
 70
     1
102
RTVSPropertyOp6
 70
     1
102
RTVSPropertyOp7
 70
     1
102
RTVSPropertyOp8
 70
     1
102
RTVSPropertyOp9
 70
     1
102
RTVSPropertyOp10
 70
     1
102
RTVSPropertyOp11
 70
     1
102
RTVSPropertyOp12
 70
     1
102
RTVSPropertyOp13
 70
     1
102
RTVSPropertyOp14
 70
     1
102
RTVSPropertyOp15
 70
     1
102
RTVSPropertyOp16
 70
     1
102
RTVSPropertyOp17
 70
     1
102
RTVSPropertyOp18
 70
     1
102
RTVSPropertyOp19
 70
     1
102
RTVSPropertyOp20
 70
     1
102
RTVSPropertyOp21
 70
     1
102
RTVSPropertyOp22
 70
     1
102
RTVSPropertyOp23
 70
     1
102
RTVSPropertyOp24
 70
     1
102
RTVSPropertyOp25
 70
     1
102
RTVSPropertyOp26
 70
     1
102
RTVSPropertyOp27
 70
     1
102
RTVSPropertyOp28
 70
     1
102
RTVSPropertyOp29
 70
     1
102
RTVSPropertyOp30
 70
     1
102
RTVSPropertyOp31
 70
     1
102
RTVSPropertyOp32
 70
     1
102
RTVSPropertyOp33
 70
     1
102
RTVSPropertyOp34
 70
     1
102
RTVSPropertyOp35
 70
     1
102
RTVSPropertyOp36
 70
     1
102
RTVSPropertyOp37
 70
     1
102
RTVSPropertyOp38
 70
     1
102
RTVSPropertyOp39
 70
     1
102
RTVSPropertyOp40
 70
     1
102
RTVSPropertyOp41
 70
     1
102
RTVSPropertyOp42
 70
     1
102
RTVSPropertyOp43
 70
     1
102
RTVSPropertyOp44
 70
     1
102
RTVSPropertyOp45
 70
     1
102
RTVSPropertyOp46
 70
     1
102
RTVSPropertyOp47
 70
     1
102
RTVSPropertyOp48
 70
     1
102
RTVSPropertyOp49
 70
     1
102
RTVSPropertyOp50
 70
     1
102
RTVSPropertyOp51
 70
     0
102
RTVSPropertyOp52
 70
     0
102
RTVSPropertyOp53
 70
     1
102
RTVSPropertyOp54
 70
     1
102
RTVSPropertyOp55
 70
     1
102
RTVSPropertyOp56
 70
     1
102
RTVSPropertyOp57
 70
     1
102
RTVSPost2010Prop28
280
     0
102
RTVSPost2010PropOp28
 70
     1
102
RTVSPost2010Prop29
280
     1
102
RTVSPost2010PropOp29
 70
     1
102
RTVSPost2010Prop30
280
     1
102
RTVSPost2010PropOp30
 70
     1
102
RTVSPost2010Prop31
280
     0
102
RTVSPost2010PropOp31
 70
     1
102
RTVSPost2010Prop32
280
     0
102
RTVSPost2010PropOp32
 70
     1
102
RTVSPost2010Prop33
280
     0
102
RTVSPost2010PropOp33
 70
     1
102
RTVSPost2010Prop34
280
     0
102
RTVSPost2010PropOp34
 70
     1
102
RTVSPost2010Prop35
280
     0
102
RTVSPost2010PropOp35
 70
     1
102
RTVSPost2010Prop36
280
     0
102
RTVSPost2010PropOp36
 70
     1
102
RTVSPost2010Prop37
 90
       50
102
RTVSPost2010PropOp37
 70
     1
102
RTVSPost2010Prop38
140
0.0
102
RTVSPost2010PropOp38
 70
     1
102
RTVSPost2010Prop39
140
1.0
102
RTVSPost2010PropOp39
 70
     1
102
RTVSPost2010Prop40
 90
        0
102
RTVSPost2010PropOp40
 70
     1
102
RTVSPost2010Prop41ColorIndex
 90
       18
102
RTVSPost2010Prop41ColorRGB
 90
        0
102
RTVSPost2010PropOp41
 70
     1
102
RTVSPost2010Prop42
 90
       50
102
RTVSPost2010PropOp42
 70
     1
102
RTVSPost2010Prop43
 90
        3
102
RTVSPost2010PropOp43
 70
     1
102
RTVSPost2010Prop44ColorIndex
 90
        5
102
RTVSPost2010Prop44ColorRGB
 90
      255
102
RTVSPost2010PropOp44
 70
     1
102
RTVSPost2010Prop45
280
     0
102
RTVSPost2010PropOp45
 70
     1
102
RTVSPost2010Prop46
 90
       50
102
RTVSPost2010PropOp46
 70
     1
102
RTVSPost2010Prop47
 90
       50
102
RTVSPost2010PropOp47
 70
     1
102
RTVSPost2010Prop48
 90
       50
102
RTVSPost2010PropOp48
 70
     1
102
RTVSPost2010Prop49
280
     0
102
RTVSPost2010PropOp49
 70
     1
102
RTVSPost2010Prop50
 90
       50
102
RTVSPost2010PropOp50
 70
     1
102
RTVSPost2010Prop51ColorIndex
 90
      256
102
RTVSPost2010Prop51ColorRGB
 90
-16777216
102
RTVSPost2010PropOp51
 70
     0
102
RTVSPost2010Prop52
140
1.0
102
RTVSPost2010PropOp52
 70
     0
102
RTVSPost2010Prop53
 90
        2
102
RTVSPost2010PropOp53
 70
     1
102
RTVSPost2010Prop54
  1
strokes_ogs.tif
102
RTVSPost2010PropOp54
 70
     1
102
RTVSPost2010Prop55
280
     0
102
RTVSPost2010PropOp55
 70
     1
102
RTVSPost2010Prop56
140
1.0
102
RTVSPost2010PropOp56
 70
     1
102
RTVSPost2010Prop57
140
1.0
102
RTVSPost2010PropOp57
 70
     1
  0
XRECORD
  5
2CDA1
102
{ACAD_REACTORS
330
2CDA0
102
}
330
2CDA0
100
AcDbXrecord
280
     1
102
RTVSPropertyOp0
 70
     1
102
RTVSPropertyOp1
 70
     1
102
RTVSPropertyOp2
 70
     1
102
RTVSPropertyOp3
 70
     1
102
RTVSPropertyOp4
 70
     1
102
RTVSPropertyOp5
 70
     1
102
RTVSPropertyOp6
 70
     1
102
RTVSPropertyOp7
 70
     1
102
RTVSPropertyOp8
 70
     1
102
RTVSPropertyOp9
 70
     1
102
RTVSPropertyOp10
 70
     1
102
RTVSPropertyOp11
 70
     1
102
RTVSPropertyOp12
 70
     1
102
RTVSPropertyOp13
 70
     1
102
RTVSPropertyOp14
 70
     1
102
RTVSPropertyOp15
 70
     1
102
RTVSPropertyOp16
 70
     1
102
RTVSPropertyOp17
 70
     1
102
RTVSPropertyOp18
 70
     1
102
RTVSPropertyOp19
 70
     1
102
RTVSPropertyOp20
 70
     1
102
RTVSPropertyOp21
 70
     1
102
RTVSPropertyOp22
 70
     1
102
RTVSPropertyOp23
 70
     1
102
RTVSPropertyOp24
 70
     1
102
RTVSPropertyOp25
 70
     1
102
RTVSPropertyOp26
 70
     1
102
RTVSPropertyOp27
 70
     1
102
RTVSPropertyOp28
 70
     1
102
RTVSPropertyOp29
 70
     1
102
RTVSPropertyOp30
 70
     1
102
RTVSPropertyOp31
 70
     1
102
RTVSPropertyOp32
 70
     1
102
RTVSPropertyOp33
 70
     1
102
RTVSPropertyOp34
 70
     1
102
RTVSPropertyOp35
 70
     1
102
RTVSPropertyOp36
 70
     1
102
RTVSPropertyOp37
 70
     1
102
RTVSPropertyOp38
 70
     1
102
RTVSPropertyOp39
 70
     1
102
RTVSPropertyOp40
 70
     1
102
RTVSPropertyOp41
 70
     1
102
RTVSPropertyOp42
 70
     1
102
RTVSPropertyOp43
 70
     1
102
RTVSPropertyOp44
 70
     1
102
RTVSPropertyOp45
 70
     1
102
RTVSPropertyOp46
 70
     1
102
RTVSPropertyOp47
 70
     1
102
RTVSPropertyOp48
 70
     1
102
RTVSPropertyOp49
 70
     1
102
RTVSPropertyOp50
 70
     1
102
RTVSPropertyOp51
 70
     0
102
RTVSPropertyOp52
 70
     0
102
RTVSPropertyOp53
 70
     1
102
RTVSPropertyOp54
 70
     1
102
RTVSPropertyOp55
 70
     1
102
RTVSPropertyOp56
 70
     1
102
RTVSPropertyOp57
 70
     1
102
RTVSPost2010Prop28
280
     0
102
RTVSPost2010PropOp28
 70
     1
102
RTVSPost2010Prop29
280
     1
102
RTVSPost2010PropOp29
 70
     1
102
RTVSPost2010Prop30
280
     1
102
RTVSPost2010PropOp30
 70
     1
102
RTVSPost2010Prop31
280
     0
102
RTVSPost2010PropOp31
 70
     1
102
RTVSPost2010Prop32
280
     0
102
RTVSPost2010PropOp32
 70
     1
102
RTVSPost2010Prop33
280
     0
102
RTVSPost2010PropOp33
 70
     1
102
RTVSPost2010Prop34
280
     0
102
RTVSPost2010PropOp34
 70
     1
102
RTVSPost2010Prop35
280
     0
102
RTVSPost2010PropOp35
 70
     1
102
RTVSPost2010Prop36
280
     0
102
RTVSPost2010PropOp36
 70
     1
102
RTVSPost2010Prop37
 90
       50
102
RTVSPost2010PropOp37
 70
     1
102
RTVSPost2010Prop38
140
0.0
102
RTVSPost2010PropOp38
 70
     1
102
RTVSPost2010Prop39
140
1.0
102
RTVSPost2010PropOp39
 70
     1
102
RTVSPost2010Prop40
 90
        0
102
RTVSPost2010PropOp40
 70
     1
102
RTVSPost2010Prop41ColorIndex
 90
       18
102
RTVSPost2010Prop41ColorRGB
 90
        0
102
RTVSPost2010PropOp41
 70
     1
102
RTVSPost2010Prop42
 90
       50
102
RTVSPost2010PropOp42
 70
     1
102
RTVSPost2010Prop43
 90
        3
102
RTVSPost2010PropOp43
 70
     1
102
RTVSPost2010Prop44ColorIndex
 90
        5
102
RTVSPost2010Prop44ColorRGB
 90
      255
102
RTVSPost2010PropOp44
 70
     1
102
RTVSPost2010Prop45
280
     0
102
RTVSPost2010PropOp45
 70
     1
102
RTVSPost2010Prop46
 90
       50
102
RTVSPost2010PropOp46
 70
     1
102
RTVSPost2010Prop47
 90
       50
102
RTVSPost2010PropOp47
 70
     1
102
RTVSPost2010Prop48
 90
       50
102
RTVSPost2010PropOp48
 70
     1
102
RTVSPost2010Prop49
280
     0
102
RTVSPost2010PropOp49
 70
     1
102
RTVSPost2010Prop50
 90
       50
102
RTVSPost2010PropOp50
 70
     1
102
RTVSPost2010Prop51ColorIndex
 90
      256
102
RTVSPost2010Prop51ColorRGB
 90
-16777216
102
RTVSPost2010PropOp51
 70
     0
102
RTVSPost2010Prop52
140
1.0
102
RTVSPost2010PropOp52
 70
     0
102
RTVSPost2010Prop53
 90
        2
102
RTVSPost2010PropOp53
 70
     1
102
RTVSPost2010Prop54
  1
strokes_ogs.tif
102
RTVSPost2010PropOp54
 70
     1
102
RTVSPost2010Prop55
280
     0
102
RTVSPost2010PropOp55
 70
     1
102
RTVSPost2010Prop56
140
1.0
102
RTVSPost2010PropOp56
 70
     1
102
RTVSPost2010Prop57
140
1.0
102
RTVSPost2010PropOp57
 70
     1
  0
XRECORD
  5
2CDA3
102
{ACAD_REACTORS
330
2CDA2
102
}
330
2CDA2
100
AcDbXrecord
280
     1
102
RTVSPropertyOp0
 70
     1
102
RTVSPropertyOp1
 70
     1
102
RTVSPropertyOp2
 70
     1
102
RTVSPropertyOp3
 70
     1
102
RTVSPropertyOp4
 70
     1
102
RTVSPropertyOp5
 70
     1
102
RTVSPropertyOp6
 70
     1
102
RTVSPropertyOp7
 70
     1
102
RTVSPropertyOp8
 70
     1
102
RTVSPropertyOp9
 70
     1
102
RTVSPropertyOp10
 70
     1
102
RTVSPropertyOp11
 70
     1
102
RTVSPropertyOp12
 70
     1
102
RTVSPropertyOp13
 70
     1
102
RTVSPropertyOp14
 70
     1
102
RTVSPropertyOp15
 70
     1
102
RTVSPropertyOp16
 70
     1
102
RTVSPropertyOp17
 70
     1
102
RTVSPropertyOp18
 70
     1
102
RTVSPropertyOp19
 70
     1
102
RTVSPropertyOp20
 70
     1
102
RTVSPropertyOp21
 70
     1
102
RTVSPropertyOp22
 70
     1
102
RTVSPropertyOp23
 70
     1
102
RTVSPropertyOp24
 70
     1
102
RTVSPropertyOp25
 70
     1
102
RTVSPropertyOp26
 70
     1
102
RTVSPropertyOp27
 70
     1
102
RTVSPropertyOp28
 70
     1
102
RTVSPropertyOp29
 70
     1
102
RTVSPropertyOp30
 70
     1
102
RTVSPropertyOp31
 70
     1
102
RTVSPropertyOp32
 70
     1
102
RTVSPropertyOp33
 70
     1
102
RTVSPropertyOp34
 70
     1
102
RTVSPropertyOp35
 70
     1
102
RTVSPropertyOp36
 70
     1
102
RTVSPropertyOp37
 70
     1
102
RTVSPropertyOp38
 70
     1
102
RTVSPropertyOp39
 70
     1
102
RTVSPropertyOp40
 70
     1
102
RTVSPropertyOp41
 70
     1
102
RTVSPropertyOp42
 70
     1
102
RTVSPropertyOp43
 70
     1
102
RTVSPropertyOp44
 70
     1
102
RTVSPropertyOp45
 70
     1
102
RTVSPropertyOp46
 70
     1
102
RTVSPropertyOp47
 70
     1
102
RTVSPropertyOp48
 70
     1
102
RTVSPropertyOp49
 70
     1
102
RTVSPropertyOp50
 70
     1
102
RTVSPropertyOp51
 70
     0
102
RTVSPropertyOp52
 70
     0
102
RTVSPropertyOp53
 70
     1
102
RTVSPropertyOp54
 70
     1
102
RTVSPropertyOp55
 70
     1
102
RTVSPropertyOp56
 70
     1
102
RTVSPropertyOp57
 70
     1
102
RTVSPost2010Prop28
280
     0
102
RTVSPost2010PropOp28
 70
     1
102
RTVSPost2010Prop29
280
     1
102
RTVSPost2010PropOp29
 70
     1
102
RTVSPost2010Prop30
280
     1
102
RTVSPost2010PropOp30
 70
     1
102
RTVSPost2010Prop31
280
     0
102
RTVSPost2010PropOp31
 70
     1
102
RTVSPost2010Prop32
280
     0
102
RTVSPost2010PropOp32
 70
     1
102
RTVSPost2010Prop33
280
     0
102
RTVSPost2010PropOp33
 70
     1
102
RTVSPost2010Prop34
280
     0
102
RTVSPost2010PropOp34
 70
     1
102
RTVSPost2010Prop35
280
     0
102
RTVSPost2010PropOp35
 70
     1
102
RTVSPost2010Prop36
280
     0
102
RTVSPost2010PropOp36
 70
     1
102
RTVSPost2010Prop37
 90
       50
102
RTVSPost2010PropOp37
 70
     1
102
RTVSPost2010Prop38
140
0.0
102
RTVSPost2010PropOp38
 70
     1
102
RTVSPost2010Prop39
140
1.0
102
RTVSPost2010PropOp39
 70
     1
102
RTVSPost2010Prop40
 90
        0
102
RTVSPost2010PropOp40
 70
     1
102
RTVSPost2010Prop41ColorIndex
 90
       18
102
RTVSPost2010Prop41ColorRGB
 90
        0
102
RTVSPost2010PropOp41
 70
     1
102
RTVSPost2010Prop42
 90
       50
102
RTVSPost2010PropOp42
 70
     1
102
RTVSPost2010Prop43
 90
        3
102
RTVSPost2010PropOp43
 70
     1
102
RTVSPost2010Prop44ColorIndex
 90
        5
102
RTVSPost2010Prop44ColorRGB
 90
      255
102
RTVSPost2010PropOp44
 70
     1
102
RTVSPost2010Prop45
280
     0
102
RTVSPost2010PropOp45
 70
     1
102
RTVSPost2010Prop46
 90
       50
102
RTVSPost2010PropOp46
 70
     1
102
RTVSPost2010Prop47
 90
       50
102
RTVSPost2010PropOp47
 70
     1
102
RTVSPost2010Prop48
 90
       50
102
RTVSPost2010PropOp48
 70
     1
102
RTVSPost2010Prop49
280
     0
102
RTVSPost2010PropOp49
 70
     1
102
RTVSPost2010Prop50
 90
       50
102
RTVSPost2010PropOp50
 70
     1
102
RTVSPost2010Prop51ColorIndex
 90
      256
102
RTVSPost2010Prop51ColorRGB
 90
-16777216
102
RTVSPost2010PropOp51
 70
     0
102
RTVSPost2010Prop52
140
1.0
102
RTVSPost2010PropOp52
 70
     0
102
RTVSPost2010Prop53
 90
        2
102
RTVSPost2010PropOp53
 70
     1
102
RTVSPost2010Prop54
  1
strokes_ogs.tif
102
RTVSPost2010PropOp54
 70
     1
102
RTVSPost2010Prop55
280
     0
102
RTVSPost2010PropOp55
 70
     1
102
RTVSPost2010Prop56
140
1.0
102
RTVSPost2010PropOp56
 70
     1
102
RTVSPost2010Prop57
140
1.0
102
RTVSPost2010PropOp57
 70
     1
  0
XRECORD
  5
2CDA5
102
{ACAD_REACTORS
330
2CDA4
102
}
330
2CDA4
100
AcDbXrecord
280
     1
102
RTVSPropertyOp0
 70
     1
102
RTVSPropertyOp1
 70
     1
102
RTVSPropertyOp2
 70
     1
102
RTVSPropertyOp3
 70
     1
102
RTVSPropertyOp4
 70
     1
102
RTVSPropertyOp5
 70
     1
102
RTVSPropertyOp6
 70
     1
102
RTVSPropertyOp7
 70
     1
102
RTVSPropertyOp8
 70
     1
102
RTVSPropertyOp9
 70
     1
102
RTVSPropertyOp10
 70
     1
102
RTVSPropertyOp11
 70
     1
102
RTVSPropertyOp12
 70
     1
102
RTVSPropertyOp13
 70
     1
102
RTVSPropertyOp14
 70
     1
102
RTVSPropertyOp15
 70
     1
102
RTVSPropertyOp16
 70
     1
102
RTVSPropertyOp17
 70
     1
102
RTVSPropertyOp18
 70
     1
102
RTVSPropertyOp19
 70
     1
102
RTVSPropertyOp20
 70
     1
102
RTVSPropertyOp21
 70
     1
102
RTVSPropertyOp22
 70
     1
102
RTVSPropertyOp23
 70
     1
102
RTVSPropertyOp24
 70
     1
102
RTVSPropertyOp25
 70
     1
102
RTVSPropertyOp26
 70
     1
102
RTVSPropertyOp27
 70
     1
102
RTVSPropertyOp28
 70
     1
102
RTVSPropertyOp29
 70
     1
102
RTVSPropertyOp30
 70
     1
102
RTVSPropertyOp31
 70
     1
102
RTVSPropertyOp32
 70
     1
102
RTVSPropertyOp33
 70
     1
102
RTVSPropertyOp34
 70
     1
102
RTVSPropertyOp35
 70
     1
102
RTVSPropertyOp36
 70
     1
102
RTVSPropertyOp37
 70
     1
102
RTVSPropertyOp38
 70
     1
102
RTVSPropertyOp39
 70
     1
102
RTVSPropertyOp40
 70
     1
102
RTVSPropertyOp41
 70
     1
102
RTVSPropertyOp42
 70
     1
102
RTVSPropertyOp43
 70
     1
102
RTVSPropertyOp44
 70
     1
102
RTVSPropertyOp45
 70
     1
102
RTVSPropertyOp46
 70
     1
102
RTVSPropertyOp47
 70
     1
102
RTVSPropertyOp48
 70
     1
102
RTVSPropertyOp49
 70
     1
102
RTVSPropertyOp50
 70
     1
102
RTVSPropertyOp51
 70
     0
102
RTVSPropertyOp52
 70
     0
102
RTVSPropertyOp53
 70
     1
102
RTVSPropertyOp54
 70
     1
102
RTVSPropertyOp55
 70
     1
102
RTVSPropertyOp56
 70
     1
102
RTVSPropertyOp57
 70
     1
102
RTVSPost2010Prop28
280
     0
102
RTVSPost2010PropOp28
 70
     1
102
RTVSPost2010Prop29
280
     1
102
RTVSPost2010PropOp29
 70
     1
102
RTVSPost2010Prop30
280
     1
102
RTVSPost2010PropOp30
 70
     1
102
RTVSPost2010Prop31
280
     0
102
RTVSPost2010PropOp31
 70
     1
102
RTVSPost2010Prop32
280
     0
102
RTVSPost2010PropOp32
 70
     1
102
RTVSPost2010Prop33
280
     0
102
RTVSPost2010PropOp33
 70
     1
102
RTVSPost2010Prop34
280
     0
102
RTVSPost2010PropOp34
 70
     1
102
RTVSPost2010Prop35
280
     0
102
RTVSPost2010PropOp35
 70
     1
102
RTVSPost2010Prop36
280
     0
102
RTVSPost2010PropOp36
 70
     1
102
RTVSPost2010Prop37
 90
       50
102
RTVSPost2010PropOp37
 70
     1
102
RTVSPost2010Prop38
140
0.0
102
RTVSPost2010PropOp38
 70
     1
102
RTVSPost2010Prop39
140
1.0
102
RTVSPost2010PropOp39
 70
     1
102
RTVSPost2010Prop40
 90
        0
102
RTVSPost2010PropOp40
 70
     1
102
RTVSPost2010Prop41ColorIndex
 90
       18
102
RTVSPost2010Prop41ColorRGB
 90
        0
102
RTVSPost2010PropOp41
 70
     1
102
RTVSPost2010Prop42
 90
       50
102
RTVSPost2010PropOp42
 70
     1
102
RTVSPost2010Prop43
 90
        3
102
RTVSPost2010PropOp43
 70
     1
102
RTVSPost2010Prop44ColorIndex
 90
        5
102
RTVSPost2010Prop44ColorRGB
 90
      255
102
RTVSPost2010PropOp44
 70
     1
102
RTVSPost2010Prop45
280
     0
102
RTVSPost2010PropOp45
 70
     1
102
RTVSPost2010Prop46
 90
       50
102
RTVSPost2010PropOp46
 70
     1
102
RTVSPost2010Prop47
 90
       50
102
RTVSPost2010PropOp47
 70
     1
102
RTVSPost2010Prop48
 90
       50
102
RTVSPost2010PropOp48
 70
     1
102
RTVSPost2010Prop49
280
     0
102
RTVSPost2010PropOp49
 70
     1
102
RTVSPost2010Prop50
 90
       50
102
RTVSPost2010PropOp50
 70
     1
102
RTVSPost2010Prop51ColorIndex
 90
      256
102
RTVSPost2010Prop51ColorRGB
 90
-16777216
102
RTVSPost2010PropOp51
 70
     0
102
RTVSPost2010Prop52
140
1.0
102
RTVSPost2010PropOp52
 70
     0
102
RTVSPost2010Prop53
 90
        2
102
RTVSPost2010PropOp53
 70
     1
102
RTVSPost2010Prop54
  1
strokes_ogs.tif
102
RTVSPost2010PropOp54
 70
     1
102
RTVSPost2010Prop55
280
     0
102
RTVSPost2010PropOp55
 70
     1
102
RTVSPost2010Prop56
140
1.0
102
RTVSPost2010PropOp56
 70
     1
102
RTVSPost2010Prop57
140
1.0
102
RTVSPost2010PropOp57
 70
     1
  0
XRECORD
  5
2CDA7
102
{ACAD_REACTORS
330
2CDA6
102
}
330
2CDA6
100
AcDbXrecord
280
     1
102
RTVSPropertyOp0
 70
     1
102
RTVSPropertyOp1
 70
     1
102
RTVSPropertyOp2
 70
     1
102
RTVSPropertyOp3
 70
     1
102
RTVSPropertyOp4
 70
     1
102
RTVSPropertyOp5
 70
     1
102
RTVSPropertyOp6
 70
     1
102
RTVSPropertyOp7
 70
     1
102
RTVSPropertyOp8
 70
     1
102
RTVSPropertyOp9
 70
     1
102
RTVSPropertyOp10
 70
     1
102
RTVSPropertyOp11
 70
     1
102
RTVSPropertyOp12
 70
     1
102
RTVSPropertyOp13
 70
     1
102
RTVSPropertyOp14
 70
     1
102
RTVSPropertyOp15
 70
     1
102
RTVSPropertyOp16
 70
     1
102
RTVSPropertyOp17
 70
     1
102
RTVSPropertyOp18
 70
     1
102
RTVSPropertyOp19
 70
     1
102
RTVSPropertyOp20
 70
     1
102
RTVSPropertyOp21
 70
     1
102
RTVSPropertyOp22
 70
     1
102
RTVSPropertyOp23
 70
     1
102
RTVSPropertyOp24
 70
     1
102
RTVSPropertyOp25
 70
     1
102
RTVSPropertyOp26
 70
     1
102
RTVSPropertyOp27
 70
     1
102
RTVSPropertyOp28
 70
     1
102
RTVSPropertyOp29
 70
     1
102
RTVSPropertyOp30
 70
     1
102
RTVSPropertyOp31
 70
     1
102
RTVSPropertyOp32
 70
     1
102
RTVSPropertyOp33
 70
     1
102
RTVSPropertyOp34
 70
     1
102
RTVSPropertyOp35
 70
     1
102
RTVSPropertyOp36
 70
     1
102
RTVSPropertyOp37
 70
     1
102
RTVSPropertyOp38
 70
     1
102
RTVSPropertyOp39
 70
     1
102
RTVSPropertyOp40
 70
     1
102
RTVSPropertyOp41
 70
     1
102
RTVSPropertyOp42
 70
     1
102
RTVSPropertyOp43
 70
     1
102
RTVSPropertyOp44
 70
     1
102
RTVSPropertyOp45
 70
     1
102
RTVSPropertyOp46
 70
     1
102
RTVSPropertyOp47
 70
     1
102
RTVSPropertyOp48
 70
     1
102
RTVSPropertyOp49
 70
     1
102
RTVSPropertyOp50
 70
     1
102
RTVSPropertyOp51
 70
     0
102
RTVSPropertyOp52
 70
     0
102
RTVSPropertyOp53
 70
     1
102
RTVSPropertyOp54
 70
     1
102
RTVSPropertyOp55
 70
     1
102
RTVSPropertyOp56
 70
     1
102
RTVSPropertyOp57
 70
     1
102
RTVSPost2010Prop28
280
     0
102
RTVSPost2010PropOp28
 70
     1
102
RTVSPost2010Prop29
280
     1
102
RTVSPost2010PropOp29
 70
     1
102
RTVSPost2010Prop30
280
     1
102
RTVSPost2010PropOp30
 70
     1
102
RTVSPost2010Prop31
280
     0
102
RTVSPost2010PropOp31
 70
     1
102
RTVSPost2010Prop32
280
     0
102
RTVSPost2010PropOp32
 70
     1
102
RTVSPost2010Prop33
280
     0
102
RTVSPost2010PropOp33
 70
     1
102
RTVSPost2010Prop34
280
     0
102
RTVSPost2010PropOp34
 70
     1
102
RTVSPost2010Prop35
280
     0
102
RTVSPost2010PropOp35
 70
     1
102
RTVSPost2010Prop36
280
     0
102
RTVSPost2010PropOp36
 70
     1
102
RTVSPost2010Prop37
 90
       50
102
RTVSPost2010PropOp37
 70
     1
102
RTVSPost2010Prop38
140
0.0
102
RTVSPost2010PropOp38
 70
     1
102
RTVSPost2010Prop39
140
1.0
102
RTVSPost2010PropOp39
 70
     1
102
RTVSPost2010Prop40
 90
        0
102
RTVSPost2010PropOp40
 70
     1
102
RTVSPost2010Prop41ColorIndex
 90
       18
102
RTVSPost2010Prop41ColorRGB
 90
        0
102
RTVSPost2010PropOp41
 70
     1
102
RTVSPost2010Prop42
 90
       50
102
RTVSPost2010PropOp42
 70
     1
102
RTVSPost2010Prop43
 90
        3
102
RTVSPost2010PropOp43
 70
     1
102
RTVSPost2010Prop44ColorIndex
 90
        5
102
RTVSPost2010Prop44ColorRGB
 90
      255
102
RTVSPost2010PropOp44
 70
     1
102
RTVSPost2010Prop45
280
     0
102
RTVSPost2010PropOp45
 70
     1
102
RTVSPost2010Prop46
 90
       50
102
RTVSPost2010PropOp46
 70
     1
102
RTVSPost2010Prop47
 90
       50
102
RTVSPost2010PropOp47
 70
     1
102
RTVSPost2010Prop48
 90
       50
102
RTVSPost2010PropOp48
 70
     1
102
RTVSPost2010Prop49
280
     0
102
RTVSPost2010PropOp49
 70
     1
102
RTVSPost2010Prop50
 90
       50
102
RTVSPost2010PropOp50
 70
     1
102
RTVSPost2010Prop51ColorIndex
 90
      256
102
RTVSPost2010Prop51ColorRGB
 90
-16777216
102
RTVSPost2010PropOp51
 70
     0
102
RTVSPost2010Prop52
140
1.0
102
RTVSPost2010PropOp52
 70
     0
102
RTVSPost2010Prop53
 90
        2
102
RTVSPost2010PropOp53
 70
     1
102
RTVSPost2010Prop54
  1
strokes_ogs.tif
102
RTVSPost2010PropOp54
 70
     1
102
RTVSPost2010Prop55
280
     0
102
RTVSPost2010PropOp55
 70
     1
102
RTVSPost2010Prop56
140
1.0
102
RTVSPost2010PropOp56
 70
     1
102
RTVSPost2010Prop57
140
1.0
102
RTVSPost2010PropOp57
 70
     1
  0
XRECORD
  5
2CDA9
102
{ACAD_REACTORS
330
2CDA8
102
}
330
2CDA8
100
AcDbXrecord
280
     1
102
RTVSPropertyOp0
 70
     0
102
RTVSPropertyOp1
 70
     0
102
RTVSPropertyOp2
 70
     0
102
RTVSPropertyOp3
 70
     0
102
RTVSPropertyOp4
 70
     0
102
RTVSPropertyOp5
 70
     0
102
RTVSPropertyOp6
 70
     0
102
RTVSPropertyOp7
 70
     0
102
RTVSPropertyOp8
 70
     0
102
RTVSPropertyOp9
 70
     0
102
RTVSPropertyOp10
 70
     0
102
RTVSPropertyOp11
 70
     0
102
RTVSPropertyOp12
 70
     0
102
RTVSPropertyOp13
 70
     0
102
RTVSPropertyOp14
 70
     2
102
RTVSPropertyOp15
 70
     0
102
RTVSPropertyOp16
 70
     0
102
RTVSPropertyOp17
 70
     0
102
RTVSPropertyOp18
 70
     0
102
RTVSPropertyOp19
 70
     0
102
RTVSPropertyOp20
 70
     0
102
RTVSPropertyOp21
 70
     0
102
RTVSPropertyOp22
 70
     0
102
RTVSPropertyOp23
 70
     0
102
RTVSPropertyOp24
 70
     0
102
RTVSPropertyOp25
 70
     0
102
RTVSPropertyOp26
 70
     0
102
RTVSPropertyOp27
 70
     0
102
RTVSPropertyOp28
 70
     0
102
RTVSPropertyOp29
 70
     0
102
RTVSPropertyOp30
 70
     0
102
RTVSPropertyOp31
 70
     0
102
RTVSPropertyOp32
 70
     0
102
RTVSPropertyOp33
 70
     0
102
RTVSPropertyOp34
 70
     0
102
RTVSPropertyOp35
 70
     0
102
RTVSPropertyOp36
 70
     0
102
RTVSPropertyOp37
 70
     0
102
RTVSPropertyOp38
 70
     0
102
RTVSPropertyOp39
 70
     0
102
RTVSPropertyOp40
 70
     0
102
RTVSPropertyOp41
 70
     0
102
RTVSPropertyOp42
 70
     0
102
RTVSPropertyOp43
 70
     0
102
RTVSPropertyOp44
 70
     0
102
RTVSPropertyOp45
 70
     0
102
RTVSPropertyOp46
 70
     0
102
RTVSPropertyOp47
 70
     0
102
RTVSPropertyOp48
 70
     0
102
RTVSPropertyOp49
 70
     0
102
RTVSPropertyOp50
 70
     0
102
RTVSPropertyOp51
 70
     0
102
RTVSPropertyOp52
 70
     0
102
RTVSPropertyOp53
 70
     0
102
RTVSPropertyOp54
 70
     0
102
RTVSPropertyOp55
 70
     0
102
RTVSPropertyOp56
 70
     0
102
RTVSPropertyOp57
 70
     0
102
RTVSPost2010Prop28
280
     0
102
RTVSPost2010PropOp28
 70
     0
102
RTVSPost2010Prop29
280
     1
102
RTVSPost2010PropOp29
 70
     0
102
RTVSPost2010Prop30
280
     1
102
RTVSPost2010PropOp30
 70
     0
102
RTVSPost2010Prop31
280
     0
102
RTVSPost2010PropOp31
 70
     0
102
RTVSPost2010Prop32
280
     0
102
RTVSPost2010PropOp32
 70
     0
102
RTVSPost2010Prop33
280
     0
102
RTVSPost2010PropOp33
 70
     0
102
RTVSPost2010Prop34
280
     0
102
RTVSPost2010PropOp34
 70
     0
102
RTVSPost2010Prop35
280
     0
102
RTVSPost2010PropOp35
 70
     0
102
RTVSPost2010Prop36
280
     0
102
RTVSPost2010PropOp36
 70
     0
102
RTVSPost2010Prop37
 90
       50
102
RTVSPost2010PropOp37
 70
     0
102
RTVSPost2010Prop38
140
0.0
102
RTVSPost2010PropOp38
 70
     0
102
RTVSPost2010Prop39
140
1.0
102
RTVSPost2010PropOp39
 70
     0
102
RTVSPost2010Prop40
 90
        0
102
RTVSPost2010PropOp40
 70
     0
102
RTVSPost2010Prop41ColorIndex
 90
       18
102
RTVSPost2010Prop41ColorRGB
 90
        0
102
RTVSPost2010PropOp41
 70
     0
102
RTVSPost2010Prop42
 90
       50
102
RTVSPost2010PropOp42
 70
     0
102
RTVSPost2010Prop43
 90
        3
102
RTVSPost2010PropOp43
 70
     0
102
RTVSPost2010Prop44ColorIndex
 90
        5
102
RTVSPost2010Prop44ColorRGB
 90
      255
102
RTVSPost2010PropOp44
 70
     0
102
RTVSPost2010Prop45
280
     0
102
RTVSPost2010PropOp45
 70
     0
102
RTVSPost2010Prop46
 90
       50
102
RTVSPost2010PropOp46
 70
     0
102
RTVSPost2010Prop47
 90
       50
102
RTVSPost2010PropOp47
 70
     0
102
RTVSPost2010Prop48
 90
       50
102
RTVSPost2010PropOp48
 70
     0
102
RTVSPost2010Prop49
280
     0
102
RTVSPost2010PropOp49
 70
     0
102
RTVSPost2010Prop50
 90
       50
102
RTVSPost2010PropOp50
 70
     0
102
RTVSPost2010Prop51ColorIndex
 90
      256
102
RTVSPost2010Prop51ColorRGB
 90
-16777216
102
RTVSPost2010PropOp51
 70
     0
102
RTVSPost2010Prop52
140
1.0
102
RTVSPost2010PropOp52
 70
     0
102
RTVSPost2010Prop53
 90
        2
102
RTVSPost2010PropOp53
 70
     0
102
RTVSPost2010Prop54
  1
strokes_ogs.tif
102
RTVSPost2010PropOp54
 70
     0
102
RTVSPost2010Prop55
280
     0
102
RTVSPost2010PropOp55
 70
     0
102
RTVSPost2010Prop56
140
1.0
102
RTVSPost2010PropOp56
 70
     0
102
RTVSPost2010Prop57
140
1.0
102
RTVSPost2010PropOp57
 70
     0
  0
XRECORD
  5
2CDAB
102
{ACAD_REACTORS
330
2CDAA
102
}
330
2CDAA
100
AcDbXrecord
280
     1
102
RTVSPropertyOp0
 70
     1
102
RTVSPropertyOp1
 70
     1
102
RTVSPropertyOp2
 70
     1
102
RTVSPropertyOp3
 70
     1
102
RTVSPropertyOp4
 70
     1
102
RTVSPropertyOp5
 70
     1
102
RTVSPropertyOp6
 70
     1
102
RTVSPropertyOp7
 70
     1
102
RTVSPropertyOp8
 70
     1
102
RTVSPropertyOp9
 70
     1
102
RTVSPropertyOp10
 70
     1
102
RTVSPropertyOp11
 70
     1
102
RTVSPropertyOp12
 70
     1
102
RTVSPropertyOp13
 70
     1
102
RTVSPropertyOp14
 70
     1
102
RTVSPropertyOp15
 70
     1
102
RTVSPropertyOp16
 70
     1
102
RTVSPropertyOp17
 70
     1
102
RTVSPropertyOp18
 70
     1
102
RTVSPropertyOp19
 70
     1
102
RTVSPropertyOp20
 70
     1
102
RTVSPropertyOp21
 70
     1
102
RTVSPropertyOp22
 70
     1
102
RTVSPropertyOp23
 70
     1
102
RTVSPropertyOp24
 70
     1
102
RTVSPropertyOp25
 70
     1
102
RTVSPropertyOp26
 70
     1
102
RTVSPropertyOp27
 70
     1
102
RTVSPropertyOp28
 70
     1
102
RTVSPropertyOp29
 70
     1
102
RTVSPropertyOp30
 70
     1
102
RTVSPropertyOp31
 70
     1
102
RTVSPropertyOp32
 70
     1
102
RTVSPropertyOp33
 70
     1
102
RTVSPropertyOp34
 70
     1
102
RTVSPropertyOp35
 70
     1
102
RTVSPropertyOp36
 70
     1
102
RTVSPropertyOp37
 70
     1
102
RTVSPropertyOp38
 70
     1
102
RTVSPropertyOp39
 70
     1
102
RTVSPropertyOp40
 70
     1
102
RTVSPropertyOp41
 70
     1
102
RTVSPropertyOp42
 70
     1
102
RTVSPropertyOp43
 70
     1
102
RTVSPropertyOp44
 70
     1
102
RTVSPropertyOp45
 70
     1
102
RTVSPropertyOp46
 70
     1
102
RTVSPropertyOp47
 70
     1
102
RTVSPropertyOp48
 70
     1
102
RTVSPropertyOp49
 70
     1
102
RTVSPropertyOp50
 70
     1
102
RTVSPropertyOp51
 70
     0
102
RTVSPropertyOp52
 70
     0
102
RTVSPropertyOp53
 70
     1
102
RTVSPropertyOp54
 70
     1
102
RTVSPropertyOp55
 70
     1
102
RTVSPropertyOp56
 70
     1
102
RTVSPropertyOp57
 70
     1
102
RTVSPost2010Prop28
280
     0
102
RTVSPost2010PropOp28
 70
     1
102
RTVSPost2010Prop29
280
     1
102
RTVSPost2010PropOp29
 70
     1
102
RTVSPost2010Prop30
280
     1
102
RTVSPost2010PropOp30
 70
     1
102
RTVSPost2010Prop31
280
     0
102
RTVSPost2010PropOp31
 70
     1
102
RTVSPost2010Prop32
280
     0
102
RTVSPost2010PropOp32
 70
     1
102
RTVSPost2010Prop33
280
     0
102
RTVSPost2010PropOp33
 70
     1
102
RTVSPost2010Prop34
280
     0
102
RTVSPost2010PropOp34
 70
     1
102
RTVSPost2010Prop35
280
     0
102
RTVSPost2010PropOp35
 70
     1
102
RTVSPost2010Prop36
280
     0
102
RTVSPost2010PropOp36
 70
     1
102
RTVSPost2010Prop37
 90
       50
102
RTVSPost2010PropOp37
 70
     1
102
RTVSPost2010Prop38
140
0.0
102
RTVSPost2010PropOp38
 70
     1
102
RTVSPost2010Prop39
140
1.0
102
RTVSPost2010PropOp39
 70
     1
102
RTVSPost2010Prop40
 90
        0
102
RTVSPost2010PropOp40
 70
     1
102
RTVSPost2010Prop41ColorIndex
 90
       18
102
RTVSPost2010Prop41ColorRGB
 90
        0
102
RTVSPost2010PropOp41
 70
     1
102
RTVSPost2010Prop42
 90
       50
102
RTVSPost2010PropOp42
 70
     1
102
RTVSPost2010Prop43
 90
        3
102
RTVSPost2010PropOp43
 70
     1
102
RTVSPost2010Prop44ColorIndex
 90
        5
102
RTVSPost2010Prop44ColorRGB
 90
      255
102
RTVSPost2010PropOp44
 70
     1
102
RTVSPost2010Prop45
280
     0
102
RTVSPost2010PropOp45
 70
     1
102
RTVSPost2010Prop46
 90
       50
102
RTVSPost2010PropOp46
 70
     1
102
RTVSPost2010Prop47
 90
       50
102
RTVSPost2010PropOp47
 70
     1
102
RTVSPost2010Prop48
 90
       50
102
RTVSPost2010PropOp48
 70
     1
102
RTVSPost2010Prop49
280
     0
102
RTVSPost2010PropOp49
 70
     1
102
RTVSPost2010Prop50
 90
       50
102
RTVSPost2010PropOp50
 70
     1
102
RTVSPost2010Prop51ColorIndex
 90
      256
102
RTVSPost2010Prop51ColorRGB
 90
-16777216
102
RTVSPost2010PropOp51
 70
     0
102
RTVSPost2010Prop52
140
1.0
102
RTVSPost2010PropOp52
 70
     0
102
RTVSPost2010Prop53
 90
        2
102
RTVSPost2010PropOp53
 70
     1
102
RTVSPost2010Prop54
  1
strokes_ogs.tif
102
RTVSPost2010PropOp54
 70
     1
102
RTVSPost2010Prop55
280
     0
102
RTVSPost2010PropOp55
 70
     1
102
RTVSPost2010Prop56
140
1.0
102
RTVSPost2010PropOp56
 70
     1
102
RTVSPost2010Prop57
140
1.0
102
RTVSPost2010PropOp57
 70
     1
  0
XRECORD
  5
2CDAD
102
{ACAD_REACTORS
330
2CDAC
102
}
330
2CDAC
100
AcDbXrecord
280
     1
102
RTVSPropertyOp0
 70
     0
102
RTVSPropertyOp1
 70
     0
102
RTVSPropertyOp2
 70
     0
102
RTVSPropertyOp3
 70
     0
102
RTVSPropertyOp4
 70
     0
102
RTVSPropertyOp5
 70
     0
102
RTVSPropertyOp6
 70
     0
102
RTVSPropertyOp7
 70
     0
102
RTVSPropertyOp8
 70
     0
102
RTVSPropertyOp9
 70
     0
102
RTVSPropertyOp10
 70
     0
102
RTVSPropertyOp11
 70
     0
102
RTVSPropertyOp12
 70
     0
102
RTVSPropertyOp13
 70
     0
102
RTVSPropertyOp14
 70
     2
102
RTVSPropertyOp15
 70
     0
102
RTVSPropertyOp16
 70
     0
102
RTVSPropertyOp17
 70
     0
102
RTVSPropertyOp18
 70
     0
102
RTVSPropertyOp19
 70
     0
102
RTVSPropertyOp20
 70
     0
102
RTVSPropertyOp21
 70
     0
102
RTVSPropertyOp22
 70
     0
102
RTVSPropertyOp23
 70
     0
102
RTVSPropertyOp24
 70
     0
102
RTVSPropertyOp25
 70
     0
102
RTVSPropertyOp26
 70
     0
102
RTVSPropertyOp27
 70
     0
102
RTVSPropertyOp28
 70
     0
102
RTVSPropertyOp29
 70
     0
102
RTVSPropertyOp30
 70
     0
102
RTVSPropertyOp31
 70
     0
102
RTVSPropertyOp32
 70
     0
102
RTVSPropertyOp33
 70
     0
102
RTVSPropertyOp34
 70
     0
102
RTVSPropertyOp35
 70
     0
102
RTVSPropertyOp36
 70
     0
102
RTVSPropertyOp37
 70
     0
102
RTVSPropertyOp38
 70
     0
102
RTVSPropertyOp39
 70
     0
102
RTVSPropertyOp40
 70
     0
102
RTVSPropertyOp41
 70
     0
102
RTVSPropertyOp42
 70
     0
102
RTVSPropertyOp43
 70
     0
102
RTVSPropertyOp44
 70
     0
102
RTVSPropertyOp45
 70
     0
102
RTVSPropertyOp46
 70
     0
102
RTVSPropertyOp47
 70
     0
102
RTVSPropertyOp48
 70
     0
102
RTVSPropertyOp49
 70
     0
102
RTVSPropertyOp50
 70
     0
102
RTVSPropertyOp51
 70
     0
102
RTVSPropertyOp52
 70
     0
102
RTVSPropertyOp53
 70
     0
102
RTVSPropertyOp54
 70
     0
102
RTVSPropertyOp55
 70
     0
102
RTVSPropertyOp56
 70
     0
102
RTVSPropertyOp57
 70
     0
102
RTVSPost2010Prop28
280
     0
102
RTVSPost2010PropOp28
 70
     0
102
RTVSPost2010Prop29
280
     1
102
RTVSPost2010PropOp29
 70
     0
102
RTVSPost2010Prop30
280
     1
102
RTVSPost2010PropOp30
 70
     0
102
RTVSPost2010Prop31
280
     0
102
RTVSPost2010PropOp31
 70
     0
102
RTVSPost2010Prop32
280
     0
102
RTVSPost2010PropOp32
 70
     0
102
RTVSPost2010Prop33
280
     0
102
RTVSPost2010PropOp33
 70
     0
102
RTVSPost2010Prop34
280
     0
102
RTVSPost2010PropOp34
 70
     0
102
RTVSPost2010Prop35
280
     0
102
RTVSPost2010PropOp35
 70
     0
102
RTVSPost2010Prop36
280
     0
102
RTVSPost2010PropOp36
 70
     0
102
RTVSPost2010Prop37
 90
       50
102
RTVSPost2010PropOp37
 70
     0
102
RTVSPost2010Prop38
140
0.0
102
RTVSPost2010PropOp38
 70
     0
102
RTVSPost2010Prop39
140
1.0
102
RTVSPost2010PropOp39
 70
     0
102
RTVSPost2010Prop40
 90
        0
102
RTVSPost2010PropOp40
 70
     0
102
RTVSPost2010Prop41ColorIndex
 90
       18
102
RTVSPost2010Prop41ColorRGB
 90
        0
102
RTVSPost2010PropOp41
 70
     0
102
RTVSPost2010Prop42
 90
       50
102
RTVSPost2010PropOp42
 70
     0
102
RTVSPost2010Prop43
 90
        3
102
RTVSPost2010PropOp43
 70
     0
102
RTVSPost2010Prop44ColorIndex
 90
        5
102
RTVSPost2010Prop44ColorRGB
 90
      255
102
RTVSPost2010PropOp44
 70
     0
102
RTVSPost2010Prop45
280
     0
102
RTVSPost2010PropOp45
 70
     0
102
RTVSPost2010Prop46
 90
       50
102
RTVSPost2010PropOp46
 70
     0
102
RTVSPost2010Prop47
 90
       50
102
RTVSPost2010PropOp47
 70
     0
102
RTVSPost2010Prop48
 90
       50
102
RTVSPost2010PropOp48
 70
     0
102
RTVSPost2010Prop49
280
     0
102
RTVSPost2010PropOp49
 70
     0
102
RTVSPost2010Prop50
 90
       50
102
RTVSPost2010PropOp50
 70
     0
102
RTVSPost2010Prop51ColorIndex
 90
      256
102
RTVSPost2010Prop51ColorRGB
 90
-16777216
102
RTVSPost2010PropOp51
 70
     0
102
RTVSPost2010Prop52
140
1.0
102
RTVSPost2010PropOp52
 70
     0
102
RTVSPost2010Prop53
 90
        2
102
RTVSPost2010PropOp53
 70
     0
102
RTVSPost2010Prop54
  1
strokes_ogs.tif
102
RTVSPost2010PropOp54
 70
     0
102
RTVSPost2010Prop55
280
     0
102
RTVSPost2010PropOp55
 70
     0
102
RTVSPost2010Prop56
140
1.0
102
RTVSPost2010PropOp56
 70
     0
102
RTVSPost2010Prop57
140
1.0
102
RTVSPost2010PropOp57
 70
     0
  0
XRECORD
  5
2CDAF
102
{ACAD_REACTORS
330
2CDAE
102
}
330
2CDAE
100
AcDbXrecord
280
     1
102
RTVSPropertyOp0
 70
     1
102
RTVSPropertyOp1
 70
     1
102
RTVSPropertyOp2
 70
     1
102
RTVSPropertyOp3
 70
     1
102
RTVSPropertyOp4
 70
     1
102
RTVSPropertyOp5
 70
     1
102
RTVSPropertyOp6
 70
     1
102
RTVSPropertyOp7
 70
     1
102
RTVSPropertyOp8
 70
     1
102
RTVSPropertyOp9
 70
     1
102
RTVSPropertyOp10
 70
     1
102
RTVSPropertyOp11
 70
     1
102
RTVSPropertyOp12
 70
     1
102
RTVSPropertyOp13
 70
     1
102
RTVSPropertyOp14
 70
     1
102
RTVSPropertyOp15
 70
     1
102
RTVSPropertyOp16
 70
     1
102
RTVSPropertyOp17
 70
     1
102
RTVSPropertyOp18
 70
     1
102
RTVSPropertyOp19
 70
     1
102
RTVSPropertyOp20
 70
     1
102
RTVSPropertyOp21
 70
     1
102
RTVSPropertyOp22
 70
     1
102
RTVSPropertyOp23
 70
     1
102
RTVSPropertyOp24
 70
     1
102
RTVSPropertyOp25
 70
     1
102
RTVSPropertyOp26
 70
     1
102
RTVSPropertyOp27
 70
     1
102
RTVSPropertyOp28
 70
     1
102
RTVSPropertyOp29
 70
     1
102
RTVSPropertyOp30
 70
     1
102
RTVSPropertyOp31
 70
     1
102
RTVSPropertyOp32
 70
     1
102
RTVSPropertyOp33
 70
     1
102
RTVSPropertyOp34
 70
     1
102
RTVSPropertyOp35
 70
     1
102
RTVSPropertyOp36
 70
     1
102
RTVSPropertyOp37
 70
     1
102
RTVSPropertyOp38
 70
     1
102
RTVSPropertyOp39
 70
     1
102
RTVSPropertyOp40
 70
     1
102
RTVSPropertyOp41
 70
     1
102
RTVSPropertyOp42
 70
     1
102
RTVSPropertyOp43
 70
     1
102
RTVSPropertyOp44
 70
     1
102
RTVSPropertyOp45
 70
     1
102
RTVSPropertyOp46
 70
     1
102
RTVSPropertyOp47
 70
     1
102
RTVSPropertyOp48
 70
     1
102
RTVSPropertyOp49
 70
     1
102
RTVSPropertyOp50
 70
     1
102
RTVSPropertyOp51
 70
     0
102
RTVSPropertyOp52
 70
     0
102
RTVSPropertyOp53
 70
     1
102
RTVSPropertyOp54
 70
     1
102
RTVSPropertyOp55
 70
     1
102
RTVSPropertyOp56
 70
     1
102
RTVSPropertyOp57
 70
     1
102
RTVSPost2010Prop28
280
     0
102
RTVSPost2010PropOp28
 70
     1
102
RTVSPost2010Prop29
280
     1
102
RTVSPost2010PropOp29
 70
     1
102
RTVSPost2010Prop30
280
     1
102
RTVSPost2010PropOp30
 70
     1
102
RTVSPost2010Prop31
280
     0
102
RTVSPost2010PropOp31
 70
     1
102
RTVSPost2010Prop32
280
     0
102
RTVSPost2010PropOp32
 70
     1
102
RTVSPost2010Prop33
280
     0
102
RTVSPost2010PropOp33
 70
     1
102
RTVSPost2010Prop34
280
     0
102
RTVSPost2010PropOp34
 70
     1
102
RTVSPost2010Prop35
280
     0
102
RTVSPost2010PropOp35
 70
     1
102
RTVSPost2010Prop36
280
     0
102
RTVSPost2010PropOp36
 70
     1
102
RTVSPost2010Prop37
 90
       50
102
RTVSPost2010PropOp37
 70
     1
102
RTVSPost2010Prop38
140
0.0
102
RTVSPost2010PropOp38
 70
     1
102
RTVSPost2010Prop39
140
1.0
102
RTVSPost2010PropOp39
 70
     1
102
RTVSPost2010Prop40
 90
        0
102
RTVSPost2010PropOp40
 70
     1
102
RTVSPost2010Prop41ColorIndex
 90
       18
102
RTVSPost2010Prop41ColorRGB
 90
        0
102
RTVSPost2010PropOp41
 70
     1
102
RTVSPost2010Prop42
 90
       50
102
RTVSPost2010PropOp42
 70
     1
102
RTVSPost2010Prop43
 90
        3
102
RTVSPost2010PropOp43
 70
     1
102
RTVSPost2010Prop44ColorIndex
 90
        5
102
RTVSPost2010Prop44ColorRGB
 90
      255
102
RTVSPost2010PropOp44
 70
     1
102
RTVSPost2010Prop45
280
     0
102
RTVSPost2010PropOp45
 70
     1
102
RTVSPost2010Prop46
 90
       50
102
RTVSPost2010PropOp46
 70
     1
102
RTVSPost2010Prop47
 90
       50
102
RTVSPost2010PropOp47
 70
     1
102
RTVSPost2010Prop48
 90
       50
102
RTVSPost2010PropOp48
 70
     1
102
RTVSPost2010Prop49
280
     0
102
RTVSPost2010PropOp49
 70
     1
102
RTVSPost2010Prop50
 90
       50
102
RTVSPost2010PropOp50
 70
     1
102
RTVSPost2010Prop51ColorIndex
 90
      256
102
RTVSPost2010Prop51ColorRGB
 90
-16777216
102
RTVSPost2010PropOp51
 70
     0
102
RTVSPost2010Prop52
140
1.0
102
RTVSPost2010PropOp52
 70
     0
102
RTVSPost2010Prop53
 90
        2
102
RTVSPost2010PropOp53
 70
     1
102
RTVSPost2010Prop54
  1
strokes_ogs.tif
102
RTVSPost2010PropOp54
 70
     1
102
RTVSPost2010Prop55
280
     0
102
RTVSPost2010PropOp55
 70
     1
102
RTVSPost2010Prop56
140
1.0
102
RTVSPost2010PropOp56
 70
     1
102
RTVSPost2010Prop57
140
1.0
102
RTVSPost2010PropOp57
 70
     1
  0
XRECORD
  5
2CDB1
102
{ACAD_REACTORS
330
2CDB0
102
}
330
2CDB0
100
AcDbXrecord
280
     1
102
RTVSPropertyOp0
 70
     1
102
RTVSPropertyOp1
 70
     1
102
RTVSPropertyOp2
 70
     1
102
RTVSPropertyOp3
 70
     1
102
RTVSPropertyOp4
 70
     1
102
RTVSPropertyOp5
 70
     1
102
RTVSPropertyOp6
 70
     1
102
RTVSPropertyOp7
 70
     1
102
RTVSPropertyOp8
 70
     1
102
RTVSPropertyOp9
 70
     1
102
RTVSPropertyOp10
 70
     1
102
RTVSPropertyOp11
 70
     1
102
RTVSPropertyOp12
 70
     1
102
RTVSPropertyOp13
 70
     1
102
RTVSPropertyOp14
 70
     1
102
RTVSPropertyOp15
 70
     1
102
RTVSPropertyOp16
 70
     1
102
RTVSPropertyOp17
 70
     1
102
RTVSPropertyOp18
 70
     1
102
RTVSPropertyOp19
 70
     1
102
RTVSPropertyOp20
 70
     1
102
RTVSPropertyOp21
 70
     1
102
RTVSPropertyOp22
 70
     1
102
RTVSPropertyOp23
 70
     1
102
RTVSPropertyOp24
 70
     1
102
RTVSPropertyOp25
 70
     1
102
RTVSPropertyOp26
 70
     1
102
RTVSPropertyOp27
 70
     1
102
RTVSPropertyOp28
 70
     1
102
RTVSPropertyOp29
 70
     1
102
RTVSPropertyOp30
 70
     1
102
RTVSPropertyOp31
 70
     1
102
RTVSPropertyOp32
 70
     1
102
RTVSPropertyOp33
 70
     1
102
RTVSPropertyOp34
 70
     1
102
RTVSPropertyOp35
 70
     1
102
RTVSPropertyOp36
 70
     1
102
RTVSPropertyOp37
 70
     1
102
RTVSPropertyOp38
 70
     1
102
RTVSPropertyOp39
 70
     1
102
RTVSPropertyOp40
 70
     1
102
RTVSPropertyOp41
 70
     1
102
RTVSPropertyOp42
 70
     1
102
RTVSPropertyOp43
 70
     1
102
RTVSPropertyOp44
 70
     1
102
RTVSPropertyOp45
 70
     1
102
RTVSPropertyOp46
 70
     1
102
RTVSPropertyOp47
 70
     1
102
RTVSPropertyOp48
 70
     1
102
RTVSPropertyOp49
 70
     1
102
RTVSPropertyOp50
 70
     1
102
RTVSPropertyOp51
 70
     0
102
RTVSPropertyOp52
 70
     0
102
RTVSPropertyOp53
 70
     1
102
RTVSPropertyOp54
 70
     1
102
RTVSPropertyOp55
 70
     1
102
RTVSPropertyOp56
 70
     1
102
RTVSPropertyOp57
 70
     1
102
RTVSPost2010Prop28
280
     0
102
RTVSPost2010PropOp28
 70
     1
102
RTVSPost2010Prop29
280
     1
102
RTVSPost2010PropOp29
 70
     1
102
RTVSPost2010Prop30
280
     1
102
RTVSPost2010PropOp30
 70
     1
102
RTVSPost2010Prop31
280
     0
102
RTVSPost2010PropOp31
 70
     1
102
RTVSPost2010Prop32
280
     0
102
RTVSPost2010PropOp32
 70
     1
102
RTVSPost2010Prop33
280
     0
102
RTVSPost2010PropOp33
 70
     1
102
RTVSPost2010Prop34
280
     0
102
RTVSPost2010PropOp34
 70
     1
102
RTVSPost2010Prop35
280
     0
102
RTVSPost2010PropOp35
 70
     1
102
RTVSPost2010Prop36
280
     0
102
RTVSPost2010PropOp36
 70
     1
102
RTVSPost2010Prop37
 90
       50
102
RTVSPost2010PropOp37
 70
     1
102
RTVSPost2010Prop38
140
0.0
102
RTVSPost2010PropOp38
 70
     1
102
RTVSPost2010Prop39
140
1.0
102
RTVSPost2010PropOp39
 70
     1
102
RTVSPost2010Prop40
 90
        0
102
RTVSPost2010PropOp40
 70
     1
102
RTVSPost2010Prop41ColorIndex
 90
       18
102
RTVSPost2010Prop41ColorRGB
 90
        0
102
RTVSPost2010PropOp41
 70
     1
102
RTVSPost2010Prop42
 90
       50
102
RTVSPost2010PropOp42
 70
     1
102
RTVSPost2010Prop43
 90
        3
102
RTVSPost2010PropOp43
 70
     1
102
RTVSPost2010Prop44ColorIndex
 90
        5
102
RTVSPost2010Prop44ColorRGB
 90
      255
102
RTVSPost2010PropOp44
 70
     1
102
RTVSPost2010Prop45
280
     0
102
RTVSPost2010PropOp45
 70
     1
102
RTVSPost2010Prop46
 90
       50
102
RTVSPost2010PropOp46
 70
     1
102
RTVSPost2010Prop47
 90
       50
102
RTVSPost2010PropOp47
 70
     1
102
RTVSPost2010Prop48
 90
       50
102
RTVSPost2010PropOp48
 70
     1
102
RTVSPost2010Prop49
280
     0
102
RTVSPost2010PropOp49
 70
     1
102
RTVSPost2010Prop50
 90
       50
102
RTVSPost2010PropOp50
 70
     1
102
RTVSPost2010Prop51ColorIndex
 90
      256
102
RTVSPost2010Prop51ColorRGB
 90
-16777216
102
RTVSPost2010PropOp51
 70
     0
102
RTVSPost2010Prop52
140
1.0
102
RTVSPost2010PropOp52
 70
     0
102
RTVSPost2010Prop53
 90
        2
102
RTVSPost2010PropOp53
 70
     1
102
RTVSPost2010Prop54
  1
strokes_ogs.tif
102
RTVSPost2010PropOp54
 70
     1
102
RTVSPost2010Prop55
280
     0
102
RTVSPost2010PropOp55
 70
     1
102
RTVSPost2010Prop56
140
1.0
102
RTVSPost2010PropOp56
 70
     1
102
RTVSPost2010Prop57
140
1.0
102
RTVSPost2010PropOp57
 70
     1
  0
XRECORD
  5
2CDB3
102
{ACAD_REACTORS
330
2CDB2
102
}
330
2CDB2
100
AcDbXrecord
280
     1
102
RTVSPropertyOp0
 70
     1
102
RTVSPropertyOp1
 70
     1
102
RTVSPropertyOp2
 70
     1
102
RTVSPropertyOp3
 70
     1
102
RTVSPropertyOp4
 70
     1
102
RTVSPropertyOp5
 70
     1
102
RTVSPropertyOp6
 70
     1
102
RTVSPropertyOp7
 70
     1
102
RTVSPropertyOp8
 70
     1
102
RTVSPropertyOp9
 70
     1
102
RTVSPropertyOp10
 70
     1
102
RTVSPropertyOp11
 70
     1
102
RTVSPropertyOp12
 70
     1
102
RTVSPropertyOp13
 70
     1
102
RTVSPropertyOp14
 70
     1
102
RTVSPropertyOp15
 70
     1
102
RTVSPropertyOp16
 70
     1
102
RTVSPropertyOp17
 70
     1
102
RTVSPropertyOp18
 70
     1
102
RTVSPropertyOp19
 70
     1
102
RTVSPropertyOp20
 70
     1
102
RTVSPropertyOp21
 70
     1
102
RTVSPropertyOp22
 70
     1
102
RTVSPropertyOp23
 70
     1
102
RTVSPropertyOp24
 70
     1
102
RTVSPropertyOp25
 70
     1
102
RTVSPropertyOp26
 70
     1
102
RTVSPropertyOp27
 70
     1
102
RTVSPropertyOp28
 70
     1
102
RTVSPropertyOp29
 70
     1
102
RTVSPropertyOp30
 70
     1
102
RTVSPropertyOp31
 70
     1
102
RTVSPropertyOp32
 70
     1
102
RTVSPropertyOp33
 70
     1
102
RTVSPropertyOp34
 70
     1
102
RTVSPropertyOp35
 70
     1
102
RTVSPropertyOp36
 70
     1
102
RTVSPropertyOp37
 70
     1
102
RTVSPropertyOp38
 70
     1
102
RTVSPropertyOp39
 70
     1
102
RTVSPropertyOp40
 70
     1
102
RTVSPropertyOp41
 70
     1
102
RTVSPropertyOp42
 70
     1
102
RTVSPropertyOp43
 70
     1
102
RTVSPropertyOp44
 70
     1
102
RTVSPropertyOp45
 70
     1
102
RTVSPropertyOp46
 70
     1
102
RTVSPropertyOp47
 70
     1
102
RTVSPropertyOp48
 70
     1
102
RTVSPropertyOp49
 70
     1
102
RTVSPropertyOp50
 70
     1
102
RTVSPropertyOp51
 70
     0
102
RTVSPropertyOp52
 70
     0
102
RTVSPropertyOp53
 70
     1
102
RTVSPropertyOp54
 70
     1
102
RTVSPropertyOp55
 70
     1
102
RTVSPropertyOp56
 70
     1
102
RTVSPropertyOp57
 70
     1
102
RTVSPost2010Prop28
280
     0
102
RTVSPost2010PropOp28
 70
     1
102
RTVSPost2010Prop29
280
     1
102
RTVSPost2010PropOp29
 70
     1
102
RTVSPost2010Prop30
280
     1
102
RTVSPost2010PropOp30
 70
     1
102
RTVSPost2010Prop31
280
     0
102
RTVSPost2010PropOp31
 70
     1
102
RTVSPost2010Prop32
280
     0
102
RTVSPost2010PropOp32
 70
     1
102
RTVSPost2010Prop33
280
     0
102
RTVSPost2010PropOp33
 70
     1
102
RTVSPost2010Prop34
280
     0
102
RTVSPost2010PropOp34
 70
     1
102
RTVSPost2010Prop35
280
     0
102
RTVSPost2010PropOp35
 70
     1
102
RTVSPost2010Prop36
280
     0
102
RTVSPost2010PropOp36
 70
     1
102
RTVSPost2010Prop37
 90
       50
102
RTVSPost2010PropOp37
 70
     1
102
RTVSPost2010Prop38
140
0.0
102
RTVSPost2010PropOp38
 70
     1
102
RTVSPost2010Prop39
140
1.0
102
RTVSPost2010PropOp39
 70
     1
102
RTVSPost2010Prop40
 90
        0
102
RTVSPost2010PropOp40
 70
     1
102
RTVSPost2010Prop41ColorIndex
 90
       18
102
RTVSPost2010Prop41ColorRGB
 90
        0
102
RTVSPost2010PropOp41
 70
     1
102
RTVSPost2010Prop42
 90
       50
102
RTVSPost2010PropOp42
 70
     1
102
RTVSPost2010Prop43
 90
        3
102
RTVSPost2010PropOp43
 70
     1
102
RTVSPost2010Prop44ColorIndex
 90
        5
102
RTVSPost2010Prop44ColorRGB
 90
      255
102
RTVSPost2010PropOp44
 70
     1
102
RTVSPost2010Prop45
280
     0
102
RTVSPost2010PropOp45
 70
     1
102
RTVSPost2010Prop46
 90
       50
102
RTVSPost2010PropOp46
 70
     1
102
RTVSPost2010Prop47
 90
       50
102
RTVSPost2010PropOp47
 70
     1
102
RTVSPost2010Prop48
 90
       50
102
RTVSPost2010PropOp48
 70
     1
102
RTVSPost2010Prop49
280
     0
102
RTVSPost2010PropOp49
 70
     1
102
RTVSPost2010Prop50
 90
       50
102
RTVSPost2010PropOp50
 70
     1
102
RTVSPost2010Prop51ColorIndex
 90
      256
102
RTVSPost2010Prop51ColorRGB
 90
-16777216
102
RTVSPost2010PropOp51
 70
     0
102
RTVSPost2010Prop52
140
1.0
102
RTVSPost2010PropOp52
 70
     0
102
RTVSPost2010Prop53
 90
        2
102
RTVSPost2010PropOp53
 70
     1
102
RTVSPost2010Prop54
  1
strokes_ogs.tif
102
RTVSPost2010PropOp54
 70
     1
102
RTVSPost2010Prop55
280
     0
102
RTVSPost2010PropOp55
 70
     1
102
RTVSPost2010Prop56
140
1.0
102
RTVSPost2010PropOp56
 70
     1
102
RTVSPost2010Prop57
140
1.0
102
RTVSPost2010PropOp57
 70
     1
  0
XRECORD
  5
2CDB5
102
{ACAD_REACTORS
330
2CDB4
102
}
330
2CDB4
100
AcDbXrecord
280
     1
102
RTVSPropertyOp0
 70
     1
102
RTVSPropertyOp1
 70
     1
102
RTVSPropertyOp2
 70
     1
102
RTVSPropertyOp3
 70
     1
102
RTVSPropertyOp4
 70
     1
102
RTVSPropertyOp5
 70
     1
102
RTVSPropertyOp6
 70
     1
102
RTVSPropertyOp7
 70
     1
102
RTVSPropertyOp8
 70
     1
102
RTVSPropertyOp9
 70
     1
102
RTVSPropertyOp10
 70
     1
102
RTVSPropertyOp11
 70
     1
102
RTVSPropertyOp12
 70
     1
102
RTVSPropertyOp13
 70
     1
102
RTVSPropertyOp14
 70
     1
102
RTVSPropertyOp15
 70
     1
102
RTVSPropertyOp16
 70
     1
102
RTVSPropertyOp17
 70
     1
102
RTVSPropertyOp18
 70
     1
102
RTVSPropertyOp19
 70
     1
102
RTVSPropertyOp20
 70
     1
102
RTVSPropertyOp21
 70
     1
102
RTVSPropertyOp22
 70
     1
102
RTVSPropertyOp23
 70
     1
102
RTVSPropertyOp24
 70
     1
102
RTVSPropertyOp25
 70
     1
102
RTVSPropertyOp26
 70
     1
102
RTVSPropertyOp27
 70
     1
102
RTVSPropertyOp28
 70
     1
102
RTVSPropertyOp29
 70
     1
102
RTVSPropertyOp30
 70
     1
102
RTVSPropertyOp31
 70
     1
102
RTVSPropertyOp32
 70
     1
102
RTVSPropertyOp33
 70
     1
102
RTVSPropertyOp34
 70
     1
102
RTVSPropertyOp35
 70
     1
102
RTVSPropertyOp36
 70
     1
102
RTVSPropertyOp37
 70
     1
102
RTVSPropertyOp38
 70
     1
102
RTVSPropertyOp39
 70
     1
102
RTVSPropertyOp40
 70
     1
102
RTVSPropertyOp41
 70
     1
102
RTVSPropertyOp42
 70
     1
102
RTVSPropertyOp43
 70
     1
102
RTVSPropertyOp44
 70
     1
102
RTVSPropertyOp45
 70
     1
102
RTVSPropertyOp46
 70
     1
102
RTVSPropertyOp47
 70
     1
102
RTVSPropertyOp48
 70
     1
102
RTVSPropertyOp49
 70
     1
102
RTVSPropertyOp50
 70
     1
102
RTVSPropertyOp51
 70
     0
102
RTVSPropertyOp52
 70
     0
102
RTVSPropertyOp53
 70
     1
102
RTVSPropertyOp54
 70
     1
102
RTVSPropertyOp55
 70
     1
102
RTVSPropertyOp56
 70
     1
102
RTVSPropertyOp57
 70
     1
102
RTVSPost2010Prop28
280
     0
102
RTVSPost2010PropOp28
 70
     1
102
RTVSPost2010Prop29
280
     1
102
RTVSPost2010PropOp29
 70
     1
102
RTVSPost2010Prop30
280
     1
102
RTVSPost2010PropOp30
 70
     1
102
RTVSPost2010Prop31
280
     0
102
RTVSPost2010PropOp31
 70
     1
102
RTVSPost2010Prop32
280
     0
102
RTVSPost2010PropOp32
 70
     1
102
RTVSPost2010Prop33
280
     0
102
RTVSPost2010PropOp33
 70
     1
102
RTVSPost2010Prop34
280
     0
102
RTVSPost2010PropOp34
 70
     1
102
RTVSPost2010Prop35
280
     0
102
RTVSPost2010PropOp35
 70
     1
102
RTVSPost2010Prop36
280
     0
102
RTVSPost2010PropOp36
 70
     1
102
RTVSPost2010Prop37
 90
       50
102
RTVSPost2010PropOp37
 70
     1
102
RTVSPost2010Prop38
140
0.0
102
RTVSPost2010PropOp38
 70
     1
102
RTVSPost2010Prop39
140
1.0
102
RTVSPost2010PropOp39
 70
     1
102
RTVSPost2010Prop40
 90
        0
102
RTVSPost2010PropOp40
 70
     1
102
RTVSPost2010Prop41ColorIndex
 90
       18
102
RTVSPost2010Prop41ColorRGB
 90
        0
102
RTVSPost2010PropOp41
 70
     1
102
RTVSPost2010Prop42
 90
       50
102
RTVSPost2010PropOp42
 70
     1
102
RTVSPost2010Prop43
 90
        3
102
RTVSPost2010PropOp43
 70
     1
102
RTVSPost2010Prop44ColorIndex
 90
        5
102
RTVSPost2010Prop44ColorRGB
 90
      255
102
RTVSPost2010PropOp44
 70
     1
102
RTVSPost2010Prop45
280
     0
102
RTVSPost2010PropOp45
 70
     1
102
RTVSPost2010Prop46
 90
       50
102
RTVSPost2010PropOp46
 70
     1
102
RTVSPost2010Prop47
 90
       50
102
RTVSPost2010PropOp47
 70
     1
102
RTVSPost2010Prop48
 90
       50
102
RTVSPost2010PropOp48
 70
     1
102
RTVSPost2010Prop49
280
     0
102
RTVSPost2010PropOp49
 70
     1
102
RTVSPost2010Prop50
 90
       50
102
RTVSPost2010PropOp50
 70
     1
102
RTVSPost2010Prop51ColorIndex
 90
      256
102
RTVSPost2010Prop51ColorRGB
 90
-16777216
102
RTVSPost2010PropOp51
 70
     0
102
RTVSPost2010Prop52
140
1.0
102
RTVSPost2010PropOp52
 70
     0
102
RTVSPost2010Prop53
 90
        2
102
RTVSPost2010PropOp53
 70
     1
102
RTVSPost2010Prop54
  1
strokes_ogs.tif
102
RTVSPost2010PropOp54
 70
     1
102
RTVSPost2010Prop55
280
     0
102
RTVSPost2010PropOp55
 70
     1
102
RTVSPost2010Prop56
140
1.0
102
RTVSPost2010PropOp56
 70
     1
102
RTVSPost2010Prop57
140
1.0
102
RTVSPost2010PropOp57
 70
     1
  0
XRECORD
  5
2CDB7
102
{ACAD_REACTORS
330
2CDB6
102
}
330
2CDB6
100
AcDbXrecord
280
     1
102
RTVSPropertyOp0
 70
     1
102
RTVSPropertyOp1
 70
     1
102
RTVSPropertyOp2
 70
     1
102
RTVSPropertyOp3
 70
     1
102
RTVSPropertyOp4
 70
     1
102
RTVSPropertyOp5
 70
     1
102
RTVSPropertyOp6
 70
     1
102
RTVSPropertyOp7
 70
     1
102
RTVSPropertyOp8
 70
     1
102
RTVSPropertyOp9
 70
     1
102
RTVSPropertyOp10
 70
     1
102
RTVSPropertyOp11
 70
     1
102
RTVSPropertyOp12
 70
     1
102
RTVSPropertyOp13
 70
     1
102
RTVSPropertyOp14
 70
     1
102
RTVSPropertyOp15
 70
     1
102
RTVSPropertyOp16
 70
     1
102
RTVSPropertyOp17
 70
     1
102
RTVSPropertyOp18
 70
     1
102
RTVSPropertyOp19
 70
     1
102
RTVSPropertyOp20
 70
     1
102
RTVSPropertyOp21
 70
     1
102
RTVSPropertyOp22
 70
     1
102
RTVSPropertyOp23
 70
     1
102
RTVSPropertyOp24
 70
     1
102
RTVSPropertyOp25
 70
     1
102
RTVSPropertyOp26
 70
     1
102
RTVSPropertyOp27
 70
     1
102
RTVSPropertyOp28
 70
     1
102
RTVSPropertyOp29
 70
     1
102
RTVSPropertyOp30
 70
     1
102
RTVSPropertyOp31
 70
     1
102
RTVSPropertyOp32
 70
     1
102
RTVSPropertyOp33
 70
     1
102
RTVSPropertyOp34
 70
     1
102
RTVSPropertyOp35
 70
     1
102
RTVSPropertyOp36
 70
     1
102
RTVSPropertyOp37
 70
     1
102
RTVSPropertyOp38
 70
     1
102
RTVSPropertyOp39
 70
     1
102
RTVSPropertyOp40
 70
     1
102
RTVSPropertyOp41
 70
     1
102
RTVSPropertyOp42
 70
     1
102
RTVSPropertyOp43
 70
     1
102
RTVSPropertyOp44
 70
     1
102
RTVSPropertyOp45
 70
     1
102
RTVSPropertyOp46
 70
     1
102
RTVSPropertyOp47
 70
     1
102
RTVSPropertyOp48
 70
     1
102
RTVSPropertyOp49
 70
     1
102
RTVSPropertyOp50
 70
     1
102
RTVSPropertyOp51
 70
     0
102
RTVSPropertyOp52
 70
     0
102
RTVSPropertyOp53
 70
     1
102
RTVSPropertyOp54
 70
     1
102
RTVSPropertyOp55
 70
     1
102
RTVSPropertyOp56
 70
     1
102
RTVSPropertyOp57
 70
     1
102
RTVSPost2010Prop28
280
     0
102
RTVSPost2010PropOp28
 70
     1
102
RTVSPost2010Prop29
280
     1
102
RTVSPost2010PropOp29
 70
     1
102
RTVSPost2010Prop30
280
     1
102
RTVSPost2010PropOp30
 70
     1
102
RTVSPost2010Prop31
280
     0
102
RTVSPost2010PropOp31
 70
     1
102
RTVSPost2010Prop32
280
     0
102
RTVSPost2010PropOp32
 70
     1
102
RTVSPost2010Prop33
280
     0
102
RTVSPost2010PropOp33
 70
     1
102
RTVSPost2010Prop34
280
     0
102
RTVSPost2010PropOp34
 70
     1
102
RTVSPost2010Prop35
280
     0
102
RTVSPost2010PropOp35
 70
     1
102
RTVSPost2010Prop36
280
     0
102
RTVSPost2010PropOp36
 70
     1
102
RTVSPost2010Prop37
 90
       50
102
RTVSPost2010PropOp37
 70
     1
102
RTVSPost2010Prop38
140
0.0
102
RTVSPost2010PropOp38
 70
     1
102
RTVSPost2010Prop39
140
1.0
102
RTVSPost2010PropOp39
 70
     1
102
RTVSPost2010Prop40
 90
        0
102
RTVSPost2010PropOp40
 70
     1
102
RTVSPost2010Prop41ColorIndex
 90
       18
102
RTVSPost2010Prop41ColorRGB
 90
        0
102
RTVSPost2010PropOp41
 70
     1
102
RTVSPost2010Prop42
 90
       50
102
RTVSPost2010PropOp42
 70
     1
102
RTVSPost2010Prop43
 90
        3
102
RTVSPost2010PropOp43
 70
     1
102
RTVSPost2010Prop44ColorIndex
 90
        5
102
RTVSPost2010Prop44ColorRGB
 90
      255
102
RTVSPost2010PropOp44
 70
     1
102
RTVSPost2010Prop45
280
     0
102
RTVSPost2010PropOp45
 70
     1
102
RTVSPost2010Prop46
 90
       50
102
RTVSPost2010PropOp46
 70
     1
102
RTVSPost2010Prop47
 90
       50
102
RTVSPost2010PropOp47
 70
     1
102
RTVSPost2010Prop48
 90
       50
102
RTVSPost2010PropOp48
 70
     1
102
RTVSPost2010Prop49
280
     0
102
RTVSPost2010PropOp49
 70
     1
102
RTVSPost2010Prop50
 90
       50
102
RTVSPost2010PropOp50
 70
     1
102
RTVSPost2010Prop51ColorIndex
 90
      256
102
RTVSPost2010Prop51ColorRGB
 90
-16777216
102
RTVSPost2010PropOp51
 70
     0
102
RTVSPost2010Prop52
140
1.0
102
RTVSPost2010PropOp52
 70
     0
102
RTVSPost2010Prop53
 90
        2
102
RTVSPost2010PropOp53
 70
     1
102
RTVSPost2010Prop54
  1
strokes_ogs.tif
102
RTVSPost2010PropOp54
 70
     1
102
RTVSPost2010Prop55
280
     0
102
RTVSPost2010PropOp55
 70
     1
102
RTVSPost2010Prop56
140
1.0
102
RTVSPost2010PropOp56
 70
     1
102
RTVSPost2010Prop57
140
1.0
102
RTVSPost2010PropOp57
 70
     1
  0
XRECORD
  5
2CDB9
102
{ACAD_REACTORS
330
2CDB8
102
}
330
2CDB8
100
AcDbXrecord
280
     1
102
RTVSPropertyOp0
 70
     1
102
RTVSPropertyOp1
 70
     1
102
RTVSPropertyOp2
 70
     1
102
RTVSPropertyOp3
 70
     1
102
RTVSPropertyOp4
 70
     1
102
RTVSPropertyOp5
 70
     1
102
RTVSPropertyOp6
 70
     1
102
RTVSPropertyOp7
 70
     1
102
RTVSPropertyOp8
 70
     1
102
RTVSPropertyOp9
 70
     1
102
RTVSPropertyOp10
 70
     1
102
RTVSPropertyOp11
 70
     1
102
RTVSPropertyOp12
 70
     1
102
RTVSPropertyOp13
 70
     1
102
RTVSPropertyOp14
 70
     1
102
RTVSPropertyOp15
 70
     1
102
RTVSPropertyOp16
 70
     1
102
RTVSPropertyOp17
 70
     1
102
RTVSPropertyOp18
 70
     1
102
RTVSPropertyOp19
 70
     1
102
RTVSPropertyOp20
 70
     1
102
RTVSPropertyOp21
 70
     1
102
RTVSPropertyOp22
 70
     1
102
RTVSPropertyOp23
 70
     1
102
RTVSPropertyOp24
 70
     1
102
RTVSPropertyOp25
 70
     1
102
RTVSPropertyOp26
 70
     1
102
RTVSPropertyOp27
 70
     1
102
RTVSPropertyOp28
 70
     1
102
RTVSPropertyOp29
 70
     1
102
RTVSPropertyOp30
 70
     1
102
RTVSPropertyOp31
 70
     1
102
RTVSPropertyOp32
 70
     1
102
RTVSPropertyOp33
 70
     1
102
RTVSPropertyOp34
 70
     1
102
RTVSPropertyOp35
 70
     1
102
RTVSPropertyOp36
 70
     1
102
RTVSPropertyOp37
 70
     1
102
RTVSPropertyOp38
 70
     1
102
RTVSPropertyOp39
 70
     1
102
RTVSPropertyOp40
 70
     1
102
RTVSPropertyOp41
 70
     1
102
RTVSPropertyOp42
 70
     1
102
RTVSPropertyOp43
 70
     1
102
RTVSPropertyOp44
 70
     1
102
RTVSPropertyOp45
 70
     1
102
RTVSPropertyOp46
 70
     1
102
RTVSPropertyOp47
 70
     1
102
RTVSPropertyOp48
 70
     1
102
RTVSPropertyOp49
 70
     1
102
RTVSPropertyOp50
 70
     1
102
RTVSPropertyOp51
 70
     0
102
RTVSPropertyOp52
 70
     0
102
RTVSPropertyOp53
 70
     1
102
RTVSPropertyOp54
 70
     1
102
RTVSPropertyOp55
 70
     1
102
RTVSPropertyOp56
 70
     1
102
RTVSPropertyOp57
 70
     1
102
RTVSPost2010Prop28
280
     0
102
RTVSPost2010PropOp28
 70
     1
102
RTVSPost2010Prop29
280
     1
102
RTVSPost2010PropOp29
 70
     1
102
RTVSPost2010Prop30
280
     1
102
RTVSPost2010PropOp30
 70
     1
102
RTVSPost2010Prop31
280
     0
102
RTVSPost2010PropOp31
 70
     1
102
RTVSPost2010Prop32
280
     0
102
RTVSPost2010PropOp32
 70
     1
102
RTVSPost2010Prop33
280
     0
102
RTVSPost2010PropOp33
 70
     1
102
RTVSPost2010Prop34
280
     0
102
RTVSPost2010PropOp34
 70
     1
102
RTVSPost2010Prop35
280
     0
102
RTVSPost2010PropOp35
 70
     1
102
RTVSPost2010Prop36
280
     0
102
RTVSPost2010PropOp36
 70
     1
102
RTVSPost2010Prop37
 90
       50
102
RTVSPost2010PropOp37
 70
     1
102
RTVSPost2010Prop38
140
0.0
102
RTVSPost2010PropOp38
 70
     1
102
RTVSPost2010Prop39
140
1.0
102
RTVSPost2010PropOp39
 70
     1
102
RTVSPost2010Prop40
 90
        0
102
RTVSPost2010PropOp40
 70
     1
102
RTVSPost2010Prop41ColorIndex
 90
       18
102
RTVSPost2010Prop41ColorRGB
 90
        0
102
RTVSPost2010PropOp41
 70
     1
102
RTVSPost2010Prop42
 90
       50
102
RTVSPost2010PropOp42
 70
     1
102
RTVSPost2010Prop43
 90
        3
102
RTVSPost2010PropOp43
 70
     1
102
RTVSPost2010Prop44ColorIndex
 90
        5
102
RTVSPost2010Prop44ColorRGB
 90
      255
102
RTVSPost2010PropOp44
 70
     1
102
RTVSPost2010Prop45
280
     0
102
RTVSPost2010PropOp45
 70
     1
102
RTVSPost2010Prop46
 90
       50
102
RTVSPost2010PropOp46
 70
     1
102
RTVSPost2010Prop47
 90
       50
102
RTVSPost2010PropOp47
 70
     1
102
RTVSPost2010Prop48
 90
       50
102
RTVSPost2010PropOp48
 70
     1
102
RTVSPost2010Prop49
280
     0
102
RTVSPost2010PropOp49
 70
     1
102
RTVSPost2010Prop50
 90
       50
102
RTVSPost2010PropOp50
 70
     1
102
RTVSPost2010Prop51ColorIndex
 90
      256
102
RTVSPost2010Prop51ColorRGB
 90
-16777216
102
RTVSPost2010PropOp51
 70
     0
102
RTVSPost2010Prop52
140
1.0
102
RTVSPost2010PropOp52
 70
     0
102
RTVSPost2010Prop53
 90
        2
102
RTVSPost2010PropOp53
 70
     1
102
RTVSPost2010Prop54
  1
strokes_ogs.tif
102
RTVSPost2010PropOp54
 70
     1
102
RTVSPost2010Prop55
280
     0
102
RTVSPost2010PropOp55
 70
     1
102
RTVSPost2010Prop56
140
1.0
102
RTVSPost2010PropOp56
 70
     1
102
RTVSPost2010Prop57
140
1.0
102
RTVSPost2010PropOp57
 70
     1
  0
XRECORD
  5
2CDBB
102
{ACAD_REACTORS
330
2CDBA
102
}
330
2CDBA
100
AcDbXrecord
280
     1
102
RTVSPropertyOp0
 70
     1
102
RTVSPropertyOp1
 70
     1
102
RTVSPropertyOp2
 70
     1
102
RTVSPropertyOp3
 70
     1
102
RTVSPropertyOp4
 70
     1
102
RTVSPropertyOp5
 70
     1
102
RTVSPropertyOp6
 70
     1
102
RTVSPropertyOp7
 70
     1
102
RTVSPropertyOp8
 70
     1
102
RTVSPropertyOp9
 70
     1
102
RTVSPropertyOp10
 70
     1
102
RTVSPropertyOp11
 70
     1
102
RTVSPropertyOp12
 70
     1
102
RTVSPropertyOp13
 70
     1
102
RTVSPropertyOp14
 70
     1
102
RTVSPropertyOp15
 70
     1
102
RTVSPropertyOp16
 70
     1
102
RTVSPropertyOp17
 70
     1
102
RTVSPropertyOp18
 70
     1
102
RTVSPropertyOp19
 70
     1
102
RTVSPropertyOp20
 70
     1
102
RTVSPropertyOp21
 70
     1
102
RTVSPropertyOp22
 70
     1
102
RTVSPropertyOp23
 70
     1
102
RTVSPropertyOp24
 70
     1
102
RTVSPropertyOp25
 70
     1
102
RTVSPropertyOp26
 70
     1
102
RTVSPropertyOp27
 70
     1
102
RTVSPropertyOp28
 70
     1
102
RTVSPropertyOp29
 70
     1
102
RTVSPropertyOp30
 70
     1
102
RTVSPropertyOp31
 70
     1
102
RTVSPropertyOp32
 70
     1
102
RTVSPropertyOp33
 70
     1
102
RTVSPropertyOp34
 70
     1
102
RTVSPropertyOp35
 70
     1
102
RTVSPropertyOp36
 70
     1
102
RTVSPropertyOp37
 70
     1
102
RTVSPropertyOp38
 70
     1
102
RTVSPropertyOp39
 70
     1
102
RTVSPropertyOp40
 70
     1
102
RTVSPropertyOp41
 70
     1
102
RTVSPropertyOp42
 70
     1
102
RTVSPropertyOp43
 70
     1
102
RTVSPropertyOp44
 70
     1
102
RTVSPropertyOp45
 70
     1
102
RTVSPropertyOp46
 70
     1
102
RTVSPropertyOp47
 70
     1
102
RTVSPropertyOp48
 70
     1
102
RTVSPropertyOp49
 70
     1
102
RTVSPropertyOp50
 70
     1
102
RTVSPropertyOp51
 70
     0
102
RTVSPropertyOp52
 70
     0
102
RTVSPropertyOp53
 70
     1
102
RTVSPropertyOp54
 70
     1
102
RTVSPropertyOp55
 70
     1
102
RTVSPropertyOp56
 70
     1
102
RTVSPropertyOp57
 70
     1
102
RTVSPost2010Prop28
280
     0
102
RTVSPost2010PropOp28
 70
     1
102
RTVSPost2010Prop29
280
     1
102
RTVSPost2010PropOp29
 70
     1
102
RTVSPost2010Prop30
280
     1
102
RTVSPost2010PropOp30
 70
     1
102
RTVSPost2010Prop31
280
     0
102
RTVSPost2010PropOp31
 70
     1
102
RTVSPost2010Prop32
280
     0
102
RTVSPost2010PropOp32
 70
     1
102
RTVSPost2010Prop33
280
     0
102
RTVSPost2010PropOp33
 70
     1
102
RTVSPost2010Prop34
280
     0
102
RTVSPost2010PropOp34
 70
     1
102
RTVSPost2010Prop35
280
     0
102
RTVSPost2010PropOp35
 70
     1
102
RTVSPost2010Prop36
280
     0
102
RTVSPost2010PropOp36
 70
     1
102
RTVSPost2010Prop37
 90
       50
102
RTVSPost2010PropOp37
 70
     1
102
RTVSPost2010Prop38
140
0.0
102
RTVSPost2010PropOp38
 70
     1
102
RTVSPost2010Prop39
140
1.0
102
RTVSPost2010PropOp39
 70
     1
102
RTVSPost2010Prop40
 90
        0
102
RTVSPost2010PropOp40
 70
     1
102
RTVSPost2010Prop41ColorIndex
 90
       18
102
RTVSPost2010Prop41ColorRGB
 90
        0
102
RTVSPost2010PropOp41
 70
     1
102
RTVSPost2010Prop42
 90
       50
102
RTVSPost2010PropOp42
 70
     1
102
RTVSPost2010Prop43
 90
        3
102
RTVSPost2010PropOp43
 70
     1
102
RTVSPost2010Prop44ColorIndex
 90
        5
102
RTVSPost2010Prop44ColorRGB
 90
      255
102
RTVSPost2010PropOp44
 70
     1
102
RTVSPost2010Prop45
280
     0
102
RTVSPost2010PropOp45
 70
     1
102
RTVSPost2010Prop46
 90
       50
102
RTVSPost2010PropOp46
 70
     1
102
RTVSPost2010Prop47
 90
       50
102
RTVSPost2010PropOp47
 70
     1
102
RTVSPost2010Prop48
 90
       50
102
RTVSPost2010PropOp48
 70
     1
102
RTVSPost2010Prop49
280
     0
102
RTVSPost2010PropOp49
 70
     1
102
RTVSPost2010Prop50
 90
       50
102
RTVSPost2010PropOp50
 70
     1
102
RTVSPost2010Prop51ColorIndex
 90
      256
102
RTVSPost2010Prop51ColorRGB
 90
-16777216
102
RTVSPost2010PropOp51
 70
     0
102
RTVSPost2010Prop52
140
1.0
102
RTVSPost2010PropOp52
 70
     0
102
RTVSPost2010Prop53
 90
        2
102
RTVSPost2010PropOp53
 70
     1
102
RTVSPost2010Prop54
  1
strokes_ogs.tif
102
RTVSPost2010PropOp54
 70
     1
102
RTVSPost2010Prop55
280
     0
102
RTVSPost2010PropOp55
 70
     1
102
RTVSPost2010Prop56
140
1.0
102
RTVSPost2010PropOp56
 70
     1
102
RTVSPost2010Prop57
140
1.0
102
RTVSPost2010PropOp57
 70
     1
  0
XRECORD
  5
2CDBD
102
{ACAD_REACTORS
330
2CDBC
102
}
330
2CDBC
100
AcDbXrecord
280
     1
102
RTVSPropertyOp0
 70
     1
102
RTVSPropertyOp1
 70
     1
102
RTVSPropertyOp2
 70
     1
102
RTVSPropertyOp3
 70
     1
102
RTVSPropertyOp4
 70
     1
102
RTVSPropertyOp5
 70
     1
102
RTVSPropertyOp6
 70
     1
102
RTVSPropertyOp7
 70
     1
102
RTVSPropertyOp8
 70
     1
102
RTVSPropertyOp9
 70
     1
102
RTVSPropertyOp10
 70
     1
102
RTVSPropertyOp11
 70
     1
102
RTVSPropertyOp12
 70
     1
102
RTVSPropertyOp13
 70
     1
102
RTVSPropertyOp14
 70
     1
102
RTVSPropertyOp15
 70
     1
102
RTVSPropertyOp16
 70
     1
102
RTVSPropertyOp17
 70
     1
102
RTVSPropertyOp18
 70
     1
102
RTVSPropertyOp19
 70
     1
102
RTVSPropertyOp20
 70
     1
102
RTVSPropertyOp21
 70
     1
102
RTVSPropertyOp22
 70
     1
102
RTVSPropertyOp23
 70
     1
102
RTVSPropertyOp24
 70
     1
102
RTVSPropertyOp25
 70
     1
102
RTVSPropertyOp26
 70
     1
102
RTVSPropertyOp27
 70
     1
102
RTVSPropertyOp28
 70
     1
102
RTVSPropertyOp29
 70
     1
102
RTVSPropertyOp30
 70
     1
102
RTVSPropertyOp31
 70
     1
102
RTVSPropertyOp32
 70
     1
102
RTVSPropertyOp33
 70
     1
102
RTVSPropertyOp34
 70
     1
102
RTVSPropertyOp35
 70
     1
102
RTVSPropertyOp36
 70
     1
102
RTVSPropertyOp37
 70
     1
102
RTVSPropertyOp38
 70
     1
102
RTVSPropertyOp39
 70
     1
102
RTVSPropertyOp40
 70
     1
102
RTVSPropertyOp41
 70
     1
102
RTVSPropertyOp42
 70
     1
102
RTVSPropertyOp43
 70
     1
102
RTVSPropertyOp44
 70
     1
102
RTVSPropertyOp45
 70
     1
102
RTVSPropertyOp46
 70
     1
102
RTVSPropertyOp47
 70
     1
102
RTVSPropertyOp48
 70
     1
102
RTVSPropertyOp49
 70
     1
102
RTVSPropertyOp50
 70
     1
102
RTVSPropertyOp51
 70
     0
102
RTVSPropertyOp52
 70
     0
102
RTVSPropertyOp53
 70
     1
102
RTVSPropertyOp54
 70
     1
102
RTVSPropertyOp55
 70
     1
102
RTVSPropertyOp56
 70
     1
102
RTVSPropertyOp57
 70
     1
102
RTVSPost2010Prop28
280
     0
102
RTVSPost2010PropOp28
 70
     1
102
RTVSPost2010Prop29
280
     1
102
RTVSPost2010PropOp29
 70
     1
102
RTVSPost2010Prop30
280
     1
102
RTVSPost2010PropOp30
 70
     1
102
RTVSPost2010Prop31
280
     0
102
RTVSPost2010PropOp31
 70
     1
102
RTVSPost2010Prop32
280
     0
102
RTVSPost2010PropOp32
 70
     1
102
RTVSPost2010Prop33
280
     0
102
RTVSPost2010PropOp33
 70
     1
102
RTVSPost2010Prop34
280
     0
102
RTVSPost2010PropOp34
 70
     1
102
RTVSPost2010Prop35
280
     0
102
RTVSPost2010PropOp35
 70
     1
102
RTVSPost2010Prop36
280
     0
102
RTVSPost2010PropOp36
 70
     1
102
RTVSPost2010Prop37
 90
       50
102
RTVSPost2010PropOp37
 70
     1
102
RTVSPost2010Prop38
140
0.0
102
RTVSPost2010PropOp38
 70
     1
102
RTVSPost2010Prop39
140
1.0
102
RTVSPost2010PropOp39
 70
     1
102
RTVSPost2010Prop40
 90
        0
102
RTVSPost2010PropOp40
 70
     1
102
RTVSPost2010Prop41ColorIndex
 90
       18
102
RTVSPost2010Prop41ColorRGB
 90
        0
102
RTVSPost2010PropOp41
 70
     1
102
RTVSPost2010Prop42
 90
       50
102
RTVSPost2010PropOp42
 70
     1
102
RTVSPost2010Prop43
 90
        3
102
RTVSPost2010PropOp43
 70
     1
102
RTVSPost2010Prop44ColorIndex
 90
        5
102
RTVSPost2010Prop44ColorRGB
 90
      255
102
RTVSPost2010PropOp44
 70
     1
102
RTVSPost2010Prop45
280
     0
102
RTVSPost2010PropOp45
 70
     1
102
RTVSPost2010Prop46
 90
       50
102
RTVSPost2010PropOp46
 70
     1
102
RTVSPost2010Prop47
 90
       50
102
RTVSPost2010PropOp47
 70
     1
102
RTVSPost2010Prop48
 90
       50
102
RTVSPost2010PropOp48
 70
     1
102
RTVSPost2010Prop49
280
     0
102
RTVSPost2010PropOp49
 70
     1
102
RTVSPost2010Prop50
 90
       50
102
RTVSPost2010PropOp50
 70
     1
102
RTVSPost2010Prop51ColorIndex
 90
      256
102
RTVSPost2010Prop51ColorRGB
 90
-16777216
102
RTVSPost2010PropOp51
 70
     0
102
RTVSPost2010Prop52
140
1.0
102
RTVSPost2010PropOp52
 70
     0
102
RTVSPost2010Prop53
 90
        2
102
RTVSPost2010PropOp53
 70
     1
102
RTVSPost2010Prop54
  1
strokes_ogs.tif
102
RTVSPost2010PropOp54
 70
     1
102
RTVSPost2010Prop55
280
     0
102
RTVSPost2010PropOp55
 70
     1
102
RTVSPost2010Prop56
140
1.0
102
RTVSPost2010PropOp56
 70
     1
102
RTVSPost2010Prop57
140
1.0
102
RTVSPost2010PropOp57
 70
     1
  0
ENDSEC
  0
SECTION
  2
THUMBNAILIMAGE
 90
    20016
310
28000000B8000000670000000100080000000000084A00000100000001000000000100000000000030282100FFFFFF52302821FF000000FF000000FF000000FF000000FF000000FF000000FF000000FF000000FF330000FF660000FF990000FFCC0000FFFF0000FF003300FF333300FF663300FF993300FFCC3300FFFF3300
310
FF006600FF336600FF666600FF996600FFCC6600FFFF6600FF009900FF339900FF669900FF999900FFCC9900FFFF9900FF00CC00FF33CC00FF66CC00FF99CC00FFCCCC00FFFFCC00FF00FF00FF33FF00FF66FF00FF99FF00FFCCFF00FFFFFF00FF000033FF330033FF660033FF990033FFCC0033FFFF0033FF003333FF3333
310
33FF663333FF993333FFCC3333FFFF3333FF006633FF336633FF666633FF996633FFCC6633FFFF6633FF009933FF339933FF669933FF999933FFCC9933FFFF9933FF00CC33FF33CC33FF66CC33FF99CC33FFCCCC33FFFFCC33FF00FF33FF33FF33FF66FF33FF99FF33FFCCFF33FFFFFF33FF000066FF330066FF660066FF99
310
0066FFCC0066FFFF0066FF003366FF333366FF663366FF993366FFCC3366FFFF3366FF006666FF336666FF666666FF996666FFCC6666FFFF6666FF009966FF339966FF669966FF999966FFCC9966FFFF9966FF00CC66FF33CC66FF66CC66FF99CC66FFCCCC66FFFFCC66FF00FF66FF33FF66FF66FF66FF99FF66FFCCFF66FF
310
FFFF66FF000099FF330099FF660099FF990099FFCC0099FFFF0099FF003399FF333399FF663399FF993399FFCC3399FFFF3399FF006699FF336699FF666699FF996699FFCC6699FFFF6699FF009999FF339999FF669999FF999999FFCC9999FFFF9999FF00CC99FF33CC99FF66CC99FF99CC99FFCCCC99FFFFCC99FF00FF99
310
FF33FF99FF66FF99FF99FF99FFCCFF99FFFFFF99FF0000CCFF3300CCFF6600CCFF9900CCFFCC00CCFFFF00CCFF0033CCFF3333CCFF6633CCFF9933CCFFCC33CCFFFF33CCFF0066CCFF3366CCFF6666CCFF9966CCFFCC66CCFFFF66CCFF0099CCFF3399CCFF6699CCFF9999CCFFCC99CCFFFF99CCFF00CCCCFF33CCCCFF66CC
310
CCFF99CCCCFFCCCCCCFFFFCCCCFF00FFCCFF33FFCCFF66FFCCFF99FFCCFFCCFFCCFFFFFFCCFF0000FFFF3300FFFF6600FFFF9900FFFFCC00FFFFFF00FFFF0033FFFF3333FFFF6633FFFF9933FFFFCC33FFFFFF33FFFF0066FFFF3366FFFF6666FFFF9966FFFFCC66FFFFFF66FFFF0099FFFF3399FFFF6699FFFF9999FFFFCC
310
99FFFFFF99FFFF00CCFFFF33CCFFFF66CCFFFF99CCFFFFCCCCFFFFFFCCFFFF00FFFFFF33FFFFFF66FFFFFF99FFFFFFCCFFFFFFFFFFFFFF000000FF0D0D0DFF1A1A1AFF282828FF353535FF434343FF505050FF5D5D5DFF6B6B6BFF787878FF868686FF939393FFA1A1A1FFAEAEAEFFBBBBBBFFC9C9C9FFD6D6D6FFE4E4E4FF
310
F1F1F1FFFFFFFFFF000000FF000000FF000000FF000000FF000000FF000000FF000000FF000000FF000000FF000000FF00000000000000000000000000000000000000000000000000000000000000000000000000000000000000000000000000000000000000000000000000000000000000000000000000000000000000
310
00000000000000000000000000000000000000000000000000000000000000000000000000000000000000000000000000000000000000000000000000000000000000000000000000000000000000000000000000000000000000000000000000000000000000000000000000000000000000000000000000000000000000
310
00000000000000000000000000000000000000000000000000000000000000000000000000000000000000000000000000000000000000000000000000000000000000000000000000000000000000000000000000000000000000000000000000000000000000000000000000000000000000000000000000000000000000
310
00000000000000000000000000000000000000000000000000000000000000000000000000000000000000000000000000000000000000000000000000000000000000000000000000000000000000000000000000000000000000000000000000000000000000000000000000000000000000000000000000000000000000
310
00000000000000000000000000000000000000000000000000000000000000000000000000000000000000000000000000000000000000000000000000000000000000000000000000000000000000000000000000000000000000000000000000000000000000000000000000000000000000000000000000000000000000
310
00000000000000000000000000000000000000000000000000000000000000000000000000000000000000000000000000000000000000000000000000000000000000000000000000000000000000000000000000000000000000000000000000000000000000000000000000000000000000000000000000000000000000
310
00000000000000000000000000000000000000000000000000000000000000000000000000000000000000000000000000000000000000000000000000000000000000000000000000000000000000000000000000000000000000000000000000000000000000000000000000000000000000000000000000000000000000
310
00000000000000000000000000000000000000000000000000000000000000000000000000000000000000000000000000000000000000000000000000000000000000000000000000000000000000000000000000000000000000000000000000000000000000000000000000000000000000000000000000000000000000
310
00000000000000000000000000000000000000000000000000000000000000000000000000000000000000000000000000000000000000000000000000000000000000000000000000000000000000000000000000000000000000000000000000000000000000000000000000000000000000000000000000000000000000
310
00000000000000000000000000000000000000000000000000000000000000000000000000000000000000000000000000000000000000000000000000000000000000000000000000000000000000000000000000000000000000000000000000000000000000000000000000000000000000000000000000000000000000
310
00000000000000000000000000000000000000000000000000000000000000000000000000000000000000000000000000000000000000000000000000000000000000000000000000000000000000000000000000000000000000000000000000000000000000000000000000000000000000000000000000000000000000
310
00000000000000000000000000000000000000000000000000000000000000000000000000000000000000000000000000000000000000000000000000000000000000000000000000000000000000000000000000000000000000000000000000000000000000000000000000000000000000000000000000000000000000
310
00000000000000000000000000000000000000000000000000000000000000000000000000000000000000000000000000000000000000000000000000000000000000000000000000000000000000000000000000000000000000000000000000000000000000000000000000000000000000000000000000000000000000
310
00000000000000000000000000000000000000000000000000000000000000000000000000000000000000000000000000000000000000000000000000000000000000000000000000000000000000000000000000000000000000000000000000000000000000000000000000000000000000000000000000000000000000
310
00000000000000000000000000000000000000000000000000000000000000000000000000000000000000000000000000000000000000000000000000000000000000000000000000000000000000000000000000000000000000000000000000000000000000000000000000000000000000000000000000000000000000
310
00000000000000000000000000000000000000000000000000000000000000000000000000000000000000000000000000000000000000000000000000000000000000000000000000000000000000000000000000000000000000000000000000000000000000000000000000000000000000000000000000000000000000
310
00000000000000000000000000000000000000000000000000000000000000000000000000000000000000000000000000000000000000000000000000000000000000000000000000000000000000000000000000000000000000000000000000000000000000000000000000000000000000000000000000000000000000
310
00000000000000000000000000000000000000000000000000000000000000000000000000000000000000000000000000000000000000000000000000000000000000000000000000000000000000000000000000000000000000000000000000000000000000000000000000000000000000000000000000000000000000
310
00000000000000000000000000000000000000000000000000000000000000000000000000000000000000000000000000000000000000000000000000000000000000000000000000000000000000000000000000000000000000000000000000000000000000000000000000000000000000000000000000000000000000
310
00000000000000000000000000000000000000000000000000000000000000000000000000000000000000000000000000000000000000000000000000000000000000000000000000000000000000000000000000000000000000000000000000000000000000000000000000000000000000000000000000000000000000
310
00000000000000000000000000000000000000000000000000000000000000000000000000000000000000000000000000000000000000000000000000000000000000000000000000000000000000000000000000000000000000000000000000000000000000000000000000000000000000000000000000000000000000
310
00000000000000000000000000000000000000000000000000000000000000000000000000000000000000000000000000000000000000000000000000000000000000000000000000000000000000000000000000000000000000000000000000000000000000000000000000000000000000000000000000000000000000
310
00000000000000000000000000000000000000000000000000000000000000000000000000000000000000000000000000000000000000000000000000000000000000000000000000000000000000000000000000000000000000000000000000000000000000000000000000000000000000000000000000000000000000
310
00000000000000000000000000000000000000000000000000000000000000000000000000000000000000000000000000000000000000000000000000000000000000000000000000000000000000000000000000000000000000000000000000000000000000000000000000000000000000000000000000000000000000
310
00000000000000000000000000000000000000000000000000000000000000000000000000000000000000000000000000000000000000000000000000000000000000000000000000000000000000000000000000000000000000000000000000000000000000000000000000000000000000000000000000000000000000
310
000000000000000000000000000000000000000000F5F5F5F5F5F5F5F5F5F5F5F5F5F5F5F5F5F5F5F5F5F5F5F5F5F5F5F5F5F5F5F5F5F5F5F5F5F5F5F5F5F5F500000000000000F5F5F5F5F5F5F5F5F5F5F5F5F5F5F5F5F5F5F5F5F5F5F5F5F5F5F5F5F5F5F5F5F5F5F5F5F5F5F5F5F5F5F50000000000F5F5F5F5F5F5F5F5
310
F5F5F5F5F5F5F5F5F5F5F5F5F5F5F5F5F5F5F5F5F5F5F5F5F5F5F5F5F5F5F5F5F5F5F500000000000000000000000000000000000000000000000000000000000000000000000000000000000000F5000000002DF52DF52DF52DF5F5F52DF5F52DF5F52D2DF52D2D2D2D2D2D2D2DF5F5F5F5F5F5F5F5F5F5F5000000000000
310
00F5000000002DF52DF52DF5F52DF5F52DF5F52DF5F52D2D2DF52D2DF52DF52D2DF5F5F5F5F5F5F5F5F5F5F50000000000F5000000002DF52DF52DF5F52DF5F52DF5F52DF5F52D2D2D2D2D2D2D2D2D2D2DF5F5F5F5F5F5F5F5F5F5F50000000000000000000000000000000000000000000000000000000000000000000000
310
0000000000000000F5000000002D002D002D2D2D2D2D2D2D2D002D2D002D2D002D2D2D2D2D2D2D2D002D2D2D2D2D000000F5F500000000000000F5000000002D2D2D2D2D2D002D2D2D2D2D2D2D2D002D2D2D002D2D002D002D2D002D2D2D2D2D2D0000F5F50000000000F5000000002D2D2D2D2D2D002D2D2D2D2D002D2D00
310
2D2D2D2D2D2D2D2D2D2D2D002D2D2D2D2D2D0000F5F500000000000000000000000000000000000000000000000000000000000000000000000000000000000000F5000000002D2D2D2D2D2D2D2D2D2D2D2D2D2D2D2D2D2D2D2D2D2D2D2D2D2D2D002D2D2D2D2D000000F5F500000000000000F5000000002D2D2D2D2D2D2D
310
2D2D2D2D2D2D2D2D2D2D2D2D2D2D2D2D2D2D2D2D002D2D2D2D2D2D0000F5F50000000000F5000000002D2D2D2D2D2D2D2D2D2D2D2D2D2D2D2D2D2D2D2D2D2D2D2D2D2D2D002D2D2D2D2D2D0000F5F500000000000000000000000000000000000000000000000000000000000000000000000000000000000000F500000000
310
2D2D2D2D2D2D2D2D2D2D2D2D2D2D2D2D2D2D2D2D2D2D2D2D2D2D2D2D2D2D2D2D2D2D2D2D2DF500000000000000F5000000002D2D2D2D2D2D2D2D2D2D2D2D2D2D2D2D2D2D2D2D2D2D2D2D2D2D2D2D2D2D2D2D2D2D2D2D2DF50000000000F5000000002D2D2D2D2D2D2D2D2D2D2D2D2D2D2D2D2D2D2D2D2D2D2D2D2D2D2D2D2D
310
2D2D2D2D2D2D2D2DF500000000000000000000000000000000000000000000000000000000000000000000000000000000000000F5000000002D002D002D002D0000002D00002D00002D002D0000002D0000002D2D2D2D2D2D2D2D2D00F5F500000000000000F5000000002D002D002D00002D00002D00002D00002D00002D
310
00002D0000002D2D2D2D2D2D2D2D2D00F5F50000000000F5000000002D002D002D00002D00002D00002D00002D002D0000002D0000002D2D2D2D2D2D2D2D2D00F5F500000000000000000000000000000000000000000000000000000000000000000000000000000000000000F5000000002D2D2D2D2D2D2D2D2D2D2D2D2D
310
2D2D2D2D2D2D2D2D2D2D2D2D2D2D002D2D002D2D2D0000F5F500000000000000F5000000002D2D2D2D2D2D2D2D2D2D2D2D2D2D2D2D2D2D2D2D2D2D2D2D2D2D2D00002D2D2D002D2D00F5F50000000000F5000000002D2D2D2D2D2D2D2D2D2D2D2D2D2D2D2D2D2D2D2D2D2D2D2D2D2D2D0000002D2D2D2D0000F5F500000000
310
000000000000000000000000000000000000000000000000000000000000000000000000000000F5000000002D2D2D2D2D2D2D2D2D2D2D2D2D2D2D2D2D2D2D2D2D2D2D2D00002D000000000000000000F5F500000000000000F5000000002D2D2D2D2D2D2D2D2D2D2D2D2D2D2D2D2D002D2D2D2D2D2D2D002D000000000000
310
000000F5F50000000000F5000000002D2D2D2D2D2D2D2D2D2D2D2D2D2D2D2D2D2D2D2D2D2D2D2D00002D000000000000000000F5F500000000000000000000000000000000000000000000000000000000000000000000000000000000000000F5000000002D2D2D2D2D2D2D2D2D2D2D2D2D2D2D2D2D2D2D2D2D2D2D2D2D2D
310
2D2D2D2D2D2D2D2D2D2D2DF500000000000000F5000000002D2D2D2D2D2D2D2D2D2D2D2D2D2D2D2D2D2D2D2D2D2D2D2D2D2D2D2D2D2D2D2D2D2D2D2D2DF50000000000F5000000002D2D2D2D2D2D2D2D2D2D2D2D2D2D2D2D2D2D2D2D2D2D2D2D2D2D2D2D2D2D2D2D2D2D2D2D2DF50000000000000000000000000000000000
310
0000000000000000000000000000000000000000000000000000F5000000002D006F6F6F6F6F0000006F6F6F6F000000002D2D2D00000000002D002D002D002D2D0000F5F500000000000000F5000000002D002D000000000000002D000000000000002D002D00000000002D002D002D0000000000F5F50000000000F50000
310
00002D002D000000000000002D000000000000002D002D00000000002D002D002D00000000002DF500000000000000000000000000000000000000000000000000000000000000000000000000000000000000F5000000002D2D2D2D2D2D2D2D2D2D2D2D2D2D2D2D2D2D2D2D2D2D2D2D2D2D2D2D2D2D2D2D2D2D2D2DF5F500
310
000000000000F5000000002D2D2D2D2D2D2D2D2D2D2D2D2D2D2D2D2D2D2D2D2D2D2D2D2D2D2D2D2D2D2D2D2D2D2D2DF5F50000000000F5000000002D2D2D2D2D2D2D2D2D2D2D2D2D2D2D2D2D2D2D2D2D2D2D2D2D2D2D2D2D2D2D2D2D2D2D2D2DF5000000000000000000000000000000000000000000000000000000000000
310
00000000000000000000000000F5000000002D2D6F6F6F6F6F6F2D2D2D2D2D2D2D2D2D2D2D2D6F6F6F6F2D2D2D2D2D2D2D2D2D2D2D2DF5F500000000000000F5000000002D2D2D2D2D2D2D2D2D2D2D2D2D2D2D2D2D2D2D2D2D2D2D2D2D2D2D2D2D2D2D2D2D2D2D2DF5F50000000000F5000000002D2D2D2D2D2D2D2D2D2D2D
310
2D2D2D2D2D2D2D2D2D2D2D2D2D2D2D2D2D2D2D2D2D2D2D2D2D2DF500000000000000000000000000000000000000000000000000000000000000000000000000000000000000F5002800002D006F6F6F6F6F6F00002D000000000000002D2D6F6F6F6F00002D2D2D2D2D0000000000F5F500000000000000F5002800002D00
310
2D000000000000002D000000000000002D002D00000000002D002D002D0000000000F5F50000000000F5002800002D002D000000000000002D000000000000002D002D00000000002D002D002D00000000002DF500000000000000000000000000000000000000000000000000000000000000000000000000000000000000
310
F5002800002D2D2D2D2D2D2D2D2D2D2D2D2D2D2D2D2D2D2D2D2D2D2D2D2D2D2D2D2D2D2D2D2D2D2D2DF5F500000000000000F5002800002D2D2D2D2D2D2D2D2D2D2D2D2D2D2D2D2D2D2D2D2D2D2D2D2D2D2D2D2D2D2D2D2D2D2D2DF5F50000000000F5002800002D2D2D2D2D2D2D2D2D2D2D2D2D2D2D2D2D2D2D2D2D2D2D2D
310
2D2D2D2D2D2D2D2D2D2D2D2D2DF500000000000000000000000000000000000000000000000000000000000000000000000000000000000000F5002800002D2D6F6F6F6F6F6F2D2D2D2D2D2D2D2D2D2D2D2D2D2D2D2D2D2D2D2D2D2D2D2D2D2D2D2DF5F500000000000000F5002800002D2D2D2D2D2D2D2D2D2D2D2D2D2D2D
310
2D2D2D2D2D2D2D2D2D2D2D2D2D2D2D2D2D2D2D2D2DF5F50000000000F5002800002D2D2D2D2D2D2D2D2D2D2D2D2D2D2D2D2D2D2D2D2D2D2D2D2D2D2D2D2D2D2D2D2D2D2D2D2DF500000000000000000000000000000000000000000000000000000000000000000000000000000000000000F5002800002D2D6F6F6F6F6F6F
310
6F2D2D2D2D2D2D2D2D2D2D2D2D2D2D2D2D2D2D2D2D2D2D2D2D2D2D2DF5F500000000000000F5002800002D2D2D6F6F6F6F6F6F2D2D2D2D2D2D2D2D2D2D2D2D2D2D2D2D2D2D2D2D2D2D2D2D2D2D2DF5F50000000000F5002800002D2D2D2D2D2D2D2D2D2D2D2D2D2D2D2D2D2D2D2D2D2D2D2D2D2D2D2D2D2D2D2D2D2D2D2D2D
310
F500000000000000000000000000000000000000000000000000000000000000000000000000000000000000F5282800002D006F6F6F6F6F6F6F006F6F6F6F6F6F00002D2D6F6F000000002D2D2D2D2D002D000000F5F500000000000000F5002800002D002D6F6F6F6F6F6F002D6F6F6F6F6F6F6F2D2D2D6F6F0000002D00
310
2D2D2D0000000000F5F50000000000F5002800002D002D000000000000002D000000000000002D002D00000000002D002D002D00000000002DF500000000000000000000000000000000000000000000000000000000000000000000000000000000000000F5282800002D2D2D2D2D2D2D2D2D2D2D2D2D2D2D2D2D2D2D2D2D
310
2D2D2D2D2D2D2D2D2D2D2D2D2D2D2DF5F500000000000000F5002800002D2D2D2D2D2D2D2D2D2D2D2D2D2D2D2D2D2D2D2D2D2D2D2D2D2D2D2D2D2D2D2D2D2D2D2DF5F50000000000F5002800002D2D2D2D2D2D2D2D2D2D2D2D2D2D2D2D2D2D2D2D2D2D2D2D2D2D2D2D2D2D2D2D2D2D2D2D2DF5000000000000000000000000
310
00000000000000000000000000000000000000000000000000000000000000F5282800002D2D6F6F6F6F6F6F6F2D2D2D2D2D2D2D2D2D2D2D2D2D2D2D2D2D2D2D2D2D2D2D2D2D2D2DF5F500000000000000F5002800002D2D2D6F6F6F6F6F6F2D2D2D2D2D2D2D2D2D2D2D2D2D2D2D2D2D2D2D2D2D2D2D2D2D2D2DF5F5000000
310
0000F5002800002D2D2D2D2D2D2D2D2D2D2D2D2D2D2D2D2D2D2D2D2D2D2D2D2D2D2D2D2D2D2D2D2D2D2D2D2DF500000000000000000000000000000000000000000000000000000000000000000000000000000000000000F5282800002D006F6F6F6F6F6F6F002D000000000000002D2D2D00000000002D002D2D2D000000
310
0000F5F500000000000000F5002800002D002D6F6F6F6F6F6F6F2D000000000000002D2D2D00000000002D2D2D2D2D0000000000F5F50000000000F5002800002D002D000000000000002D000000000000002D002D00000000002D002D002D00000000002DF500000000000000000000000000000000000000000000000000
310
000000000000000000000000000000000000F5282800002D2D6F6F6F6F6F6F6F2D6F6F6F6F6F6F2D2D2D2D6F6F2D2D2D2D2D2D2D2D2D2D2D2D2D2DF5F500000000000000F5002800002D2D2D2D2D2D2D2D2D2D2D2D2D2D2D2D2D2D2D2D2D2D2D2D2D2D2D2D2D2D2D2D2D2D2D2DF5F50000000000F5002800002D2D2D2D2D2D
310
2D2D2D2D2D2D2D2D2D2D2D2D2D2D2D2D2D2D2D2D2D2D2D2D2D2D2D2D2D2D2DF500000000000000000000000000000000000000000000000000000000000000000000000000000000000000F5282800002D2D6F6F6F6F6F6F6F2D6F6F2D2D2D2D2D2D2D2D6F6F2D2D2D2D2D2D2D2D2D2D2D2D2D2DF5F500000000000000F500
310
2800002D2D2D6F6F6F6F6F2D2D2D6F2D2D2D2D2D2D2D2D2D6F6F2D2D2D2D2D2D2D2D2D2D2D2D2DF5F50000000000F5002800002D2D2D2D2D2D2D2D2D2D2D2D2D2D2D2D2D2D2D2D2D2D2D2D2D2D2D2D2D2D2D2D2D2D2D2D2DF50000000000000000000000000000000000000000000000000000000000000000000000000000
310
0000000000F5282800002D2D6F6F6F6F6F6F6F2D2D2D2D2D2D2D2D2D2D2D2D2D2D2D2D2D2D2D2D2D2D2D2D2D2D2DF5F500000000000000F5002800002D2D2D6F6F6F6F6F2D2D2D2D2D2D2D2D2D2D2D2D2D2D2D2D2D2D2D2D2D2D2D2D2D2D2D2DF5F50000000000F5002800002D2D2D2D2D2D2D2D2D2D2D2D2D2D2D2D2D2D2D
310
2D2D2D2D2D2D2D2D2D2D2D2D2D2D2D2D2D2DF500000000000000000000000000000000000000000000000000000000000000000000000000000000000000F5282800002D006F6F6F6F6F6F00002D000000000000002D2D6F6F000000002D2D2D2D2D0000000000F5F500000000000000F5002800002D002D00000000000000
310
2D000000000000002D002D00000000002D002D002D0000000000F5F50000000000F5002800002D002D000000000000002D000000000000002D002D00000000002D002D002D0000000000F5F500000000000000000000000000000000000000000000000000000000000000000000000000000000000000F5282800002D2D2D
310
2D2D2D2D2D2D2D2D2D2D2D2D2D2D2D2D2D2D2D2D2D2D2D2D2D2D2D2D2D2D2D2D2DF5F500000000000000F5002800002D2D2D2D2D2D2D2D2D2D2D2D2D2D2D2D2D2D2D2D2D2D2D2D2D2D2D2D2D2D2D2D2D2D2D2DF5F50000000000F5002800002D2D2D2D2D2D2D2D2D2D2D2D2D2D2D2D2D2D2D2D2D2D2D2D2D2D2D2D2D2D2D2D
310
2D2D2D2DF5F500000000000000000000000000000000000000000000000000000000000000000000000000000000000000F5282800002D2D6F6F6F6F6F6F2D2D6F6F2D2D2D2D2D2D2D2D6F6F2D2D2D2D2D2D2D2D2D2D2D2D2D2DF5F500000000000000F5002800002D2D2D6F6F6F6F6F6F6F2D2D2D2D2D2D2D2D2D2D2D2D2D
310
2D2D2D2D2D2D2D2D2D2D2D2D2DF5F50000000000F5002800002D2D2D2D2D2D2D2D2D2D2D2D2D2D2D2D2D2D2D2D2D2D2D2D2D2D2D2D2D2D2D2D2D2D2D2DF5F500000000000000000000000000000000000000000000000000000000000000000000000000000000000000F5282800002D2D2D2D2D2D2D2D2D2D2D2D2D2D2D2D
310
2D2D2D2D2D2D2D2D2D2D2D2D2D2D2D2D2D2D2D2DF5F500000000000000F5002800002D2D2D6F6F6F6F6F6F2D2D2D2D2D2D2D2D2D2D2D2D2D2D2D2D2D2D2D2D2D2D2D2D2D2D2DF5F50000000000F5002800002D2D2D2D2D2D2D2D2D2D2D2D2D2D2D2D2D2D2D2D2D2D2D2D2D2D2D2D2D2D2D2D2D2D2D2DF5F500000000000000
310
000000000000000000000000000000000000000000000000000000000000000000000000F5282800002D006F6F6F6F6F6F00006F6F6F00000000002D2D6F6F000000002D002D2D2D0000000000F5F500000000000000F5002800002D002D6F6F6F6F6F6F6F2D6F6F6F000000002D2D2D6F000000002D002D2D2D0000000000
310
F5F50000000000F5002800002D002D000000000000002D000000000000002D002D00000000002D002D002D0000000000F5F500000000000000000000000000000000000000000000000000000000000000000000000000000000000000F5282800002D2D6F6F6F6F6F6F2D2D2D2D2D2D2D2D2D2D2D2D2D2D2D2D2D2D2D2D2D
310
2D2D2D2D2D2D2DF5F500000000000000F5002800002D2D2D2D2D2D2D2D2D2D2D2D2D2D2D2D2D2D2D2D2D2D2D2D2D2D2D2D2D2D2D2D2D2D2D2DF5F50000000000F5002800002D2D2D2D2D2D2D2D2D2D2D2D2D2D2D2D2D2D2D2D2D2D2D2D2D2D2D2D2D2D2D2D2D2D2D2DF5F50000000000000000000000000000000000000000
310
0000000000000000000000000000000000000000000000F5000000002D2D6F6F6F6F6F6F2D2D2D2D2D2D2D2D2D2D2D2D2D2D2D2D2D2D2D2D2D2D2D2D2D2D2D2DF5F500000000000000F5000000002D2D2D6F6F6F6F6F6F6F2D2D2D2D2D2D2D2D2D2D2D2D2D2D2D2D2D2D2D2D2D2D2D2D2D2DF5F50000000000F5000000002D
310
2D2D2D2D2D2D2D2D2D2D2D2D2D2D2D2D2D2D2D2D2D2D2D2D2D2D2D2D2D2D2D2D2D2D2DF5F500000000000000000000000000000000000000000000000000000000000000000000000000000000000000F5002828282D006F6F6F6F6F6F00002D000000000000002D2D6F6F000000002D002D2D2D0000000000F5F500000000
310
000000F50028002828002D6F6F6F6F6F6F6F2D000000000000002D2D2D6F6F0000002D002D2D2D0000000000F5F50000000000F5002828282D002D000000000000002D000000000000002D002D00000000002D002D002D0000000000F5F5000000000000000000000000000000000000000000000000000000000000000000
310
00000000000000000000F5002828002D2D6F6F6F6F6F6F2D2D6F6F6F2D2D2D2D2D2D2D6F6F2D2D2D2D2D2D2D2D2D2D2D2D2D2DF5F500000000000000F5002828282D2D2D6F6F6F6F6F6F6F2D6F6F6F2D2D2D2D2D2D2D6F2D2D2D2D2D2D2D2D2D2D2D2D2D2DF5F50000000000F5002828002D2D2D2D2D2D2D2D2D2D2D2D2D2D
310
2D2D2D2D2D2D2D2D2D2D2D2D2D2D2D2D2D2D2D2D2D2DF5F500000000000000000000000000000000000000000000000000000000000000000000000000000000000000F5002828002D2D6F6F6F6F6F6F2D2D2D2D2D2D2D2D2D2D2D2D2D2D2D2D2D2D2D2D2D2D2D2D2D2D2D2DF5F500000000000000F5002828282D2D2D6F6F
310
6F6F6F6F6F2D2D2D2D2D2D2D2D2D2D2D2D2D2D2D2D2D2D2D2D2D2D2D2D2D2DF5F50000000000F5002828002D2D2D2D2D2D2D2D2D2D2D2D2D2D2D2D2D2D2D2D2D2D2D2D2D2D2D2D2D2D2D2D2D2D2D2DF5F500000000000000000000000000000000000000000000000000000000000000000000000000000000000000F50028
310
28002D2D2D2D2D2D2D2D2D2D2D2D2D2D2D2D2D2D2D2D2D2D2D2D2D2D2D2D2D2D2D2D2D2D2D2DF5F500000000000000F5002828282D2D2D6F6F6F6F6F6F6F2D2D2D2D2D2D2D2D2D2D2D2D2D2D2D2D2D2D2D2D2D2D2D2D2D2DF5F50000000000F5002828002D2D2D2D2D2D2D2D2D2D2D2D2D2D2D2D2D2D2D2D2D2D2D2D2D2D2D
310
2D2D2D2D2D2D2D2D2DF5F500000000000000000000000000000000000000000000000000000000000000000000000000000000000000F5282828002D006F6F6F6F6F6F00006F6F0000000000002D2D6F6F000000002D002D2D2D0000000000F5F500000000000000F5002828282D002D6F6F6F6F6F6F002D6F6F6F6F6F6F6F
310
2D2D2D6F6F0000002D2D2D2D2D002D2D0000F5F50000000000F5002828002D002D000000000000002D000000000000002D002D00000000002D002D002D0000000000F5F500000000000000000000000000000000000000000000000000000000000000000000000000000000000000F5282800002D2D2D2D2D2D2D2D2D2D2D
310
2D2D2D2D2D2D2D2D2D2D2D2D2D2D2D2D2D2D2D2D2D2D2D2D2DF5F500000000000000F5002800002D2D2D6F6F6F6F6F6F2D2D2D2D2D2D2D2D2D2D2D2D2D2D2D2D2D2D2D2D2D2D2D2D2D2D2DF5F50000000000F5002800002D2D2D2D2D2D2D2D2D2D2D2D2D2D2D2D2D2D2D2D2D2D2D2D2D2D2D2D2D2D2D2D2D2D2D2DF5F50000
310
0000000000000000000000000000000000000000000000000000000000000000000000000000000000F5282800002D2D2D2D2D2D2D2D2D2D2D2D2D2D2D2D2D2D2D2D2D2D2D2D2D2D2D2D2D2D2D2D2D2D2D2D2DF500000000000000F5002800002D2D2D2D6F2D2D2D2D2D2D6F6F6F6F6F6F6F2D2D2D6F6F2D2D2D2D2D2D2D2D
310
2D2D2D2D2DF5F50000000000F5002800002D2D2D2D2D2D2D2D2D2D6F6F6F6F6F6F6F2D2D2D2D2D2D2D2D2D2D2D2D2D2D2D2D2D2D2D2DF500000000000000000000000000000000000000000000000000000000000000000000000000000000000000F5282800002D002D000000000000002D000000000000002D002D000000
310
00002D002D002D00000000002DF500000000000000F5002800002D002D6F6F6F6F6F6F002D000000000000002D2D2D00000000002D2D2D2D2D0000000000F5F50000000000F5002800002D002D000000000000002D000000000000002D2D2D00000000002D002D2D2D00000000002DF5000000000000000000000000000000
310
00000000000000000000000000000000000000000000000000000000F5282800002D2D2D2D2D2D2D2D2D2D2D2D2D2D2D2D2D2D2D2D2D2D2D2D2D2D2D2D2D2D2D2D2D2D2D2D2DF500000000000000F5002800002D2D2D6F6F6F6F6F6F2D2D6F2D2D2D2D2D2D2D2D2D6F6F2D2D2D2D2D2D2D2D2D2D2D2D2DF5F50000000000F5
310
002800002D2D2D2D2D2D2D2D2D2D2D2D2D2D2D2D2D2D2D2D2D2D2D2D2D2D2D2D2D2D2D2D2D2D2D2D2DF500000000000000000000000000000000000000000000000000000000000000000000000000000000000000F5282800002D2D6F6F6F6F6F6F6F2D2D2D2D2D2D2D2D2D2D2D6F6F6F6F2D2D2D2D2D2D2D2D2D2D2D2DF5
310
F500000000000000F5002800002D2D2D6F6F6F6F6F6F2D2D2D2D2D2D2D2D2D2D2D2D2D2D2D2D2D2D2D2D2D2D2D2D2D2D2DF5F50000000000F5002800002D2D2D2D2D2D2D2D2D2D6F6F6F6F6F6F2D2D2D2D2D2D2D2D2D2D2D2D2D2D2D2D2D2D2D2D2DF500000000000000000000000000000000000000000000000000000000
310
000000000000000000000000000000F5000000002D2D6F6F6F6F6F6F6F2D2D2D2D2D2D2D2D2D2D2D6F6F6F6F2D2D2D2D2D2D2D2D2D2D2D2DF5F500000000000000F5000000002D2D2D6F6F6F6F6F6F6F2D2D2D2D2D2D2D2D2D2D2D2D2D2D2D2D2D2D2D2D2D2D2D2D2D2DF5F50000000000F5000000002D2D2D2D2D2D2D2D2D
310
2D2D2D2D2D2D2D2D2D2D2D2D2D2D2D2D2D2D2D2D2D2D2D2D2D2D2D2DF500000000000000000000000000000000000000000000000000000000000000000000000000000000000000F5000000002D2D6F6F6F6F6F6F00006F6F0000000000002D2D6F6F000000002D002D2D2D0000000000F5F500000000000000F500000000
310
2D002D6F6F6F6F6F6F6F2D6F6F6F6F0000002D2D2D6F6F0000002D2D2D2D2D0000000000F5F50000000000F5000000002D002D000000000000002D000000000000002D002D00000000002D002D002D0000000000F5F50000000000000000000000000000000000000000000000000000000000000000000000000000000000
310
0000F5000000002D2D2D2D2D2D2D2D2D2D2D2D2D2D2D2D2D2D2D2D2D2D2D2D2D2D2D2D2D2D2D2D2D2D2D2D2DF500000000000000F5000000002D2D2D6F6F6F6F6F6F6F2D6F6F6F6F2D2D2D2D2D2D6F6F2D2D2D2D2D2D2D2D2D2D2D2D2DF5F50000000000F5000000002D2D6F6F2D2D2D2D2D2D6F6F6F6F2D2D2D2D2D2D2D2D
310
2D2D2D2D2D2D2D2D2D2D2D2D2D2D2DF500000000000000000000000000000000000000000000000000000000000000000000000000000000000000F5282800002D2D2D2D2D2D2D2D2D2D2D2D2D2D2D2D2D2D2D2D2D2D2D2D2D2D2D2D2D2D2D2D2D2D2D2D2DF500000000000000F5002800002D2D2D6F6F6F6F6F6F6F2D2D2D
310
2D2D2D2D2D2D2D2D2D2D2D2D2D2D2D2D2D2D2D2D2D2D2DF5F50000000000F5002800002D2D2D2D2D2D2D2D2D2D2D2D2D2D2D2D2D2D2D2D2D2D2D2D2D2D2D2D2D2D2D2D2D2D2D2D2DF500000000000000000000000000000000000000000000000000000000000000000000000000000000000000F5282800002D2D6F6F6F6F
310
6F6F00002D000000000000002D2D6F6F6F6F00002D002D2D2D0000000000F5F500000000000000F5002800002D002D6F6F6F6F6F6F6F2D000000000000002D2D2D00000000002D2D2D2D2D0000000000F5F50000000000F5002800002D002D000000000000002D000000000000002D002D00000000002D002D002D00000000
310
00F5F500000000000000000000000000000000000000000000000000000000000000000000000000000000000000F5282800002D2D2D2D2D2D2D2D2D2D2D2D2D2D2D2D2D2D2D2D2D2D2D2D2D2D2D2D2D2D2D2D2D2D2D2D2DF500000000000000F5002800002D2D2D6F6F6F6F6F6F2D2D6F6F6F2D2D2D2D2D2D2D6F6F2D2D2D
310
2D2D2D2D2D2D2D2D2D2DF5F50000000000F5002800002D2D2D2D2D2D2D2D2D2D6F6F6F6F2D2D2D2D2D2D2D2D2D2D2D2D2D2D2D2D2D2D2D2D2D2D2DF500000000000000000000000000000000000000000000000000000000000000000000000000000000000000F5282800002D2D2D2D2D2D2D2D2D2D2D2D2D2D2D2D2D2D2D
310
2D2D2D2D2D2D2D2D2D2D2D2D2D2D2D2D2D2DF500000000000000F5002800002D2D2D6F6F6F6F6F6F2D2D2D2D2D2D2D2D2D2D2D2D2D2D2D2D2D2D2D2D2D2D2D2D2D2D2DF5F50000000000F5002800002D2D2D2D2D2D2D2D2D2D2D2D2D2D2D2D2D2D2D2D2D2D2D2D2D2D2D2D2D2D2D2D2D2D2D2D2DF500000000000000000000
310
000000000000000000000000000000000000000000000000000000000000000000F5282800002D2D6F6F6F6F6F6F2D2D2D2D2D2D2D2D2D2D2D2D2D2D2D2D2D2D2D2D2D2D2D2D2D2D2D2DF5F500000000000000F5002800002D2D2D2D2D2D2D2D2D2D2D6F6F6F6F6F2D2D2D2D2D2D2D2D2D2D2D2D2D2D2D2D2D2D2D2DF5F500
310
00000000F5002800002D2D2D2D2D2D2D2D2D2D2D2D2D2D2D2D2D2D2D2D2D2D2D2D2D2D2D2D2D2D2D2D2D2D2D2D2DF500000000000000000000000000000000000000000000000000000000000000000000000000000000000000F5282800002D002D000000000000002D000000000000002D002D00000000002D002D002D00
310
00000000F5F500000000000000F5002800002D002D6F6F6F6F6F6F6F2D000000000000002D2D2D6F6F0000002D002D2D2D0000000000F5F50000000000F5002800002D002D000000000000002D000000000000002D2D2D00000000002D2D2D2D2D00000000002DF50000000000000000000000000000000000000000000000
310
0000000000000000000000000000000000000000F5282800002D2D6F6F6F6F6F6F6F2D6F6F6F6F6F6F6F2D2D2D6F6F6F6F2D2D2D2D2D2D2D2D2D2D2D2DF5F500000000000000F5002800002D2D2D2D2D2D2D2D2D2D2D2D2D2D2D2D2D2D2D2D2D2D2D2D2D2D2D2D2D2D2D2D2D2D2D2DF5F50000000000F5002800002D2D2D2D
310
2D2D2D2D2D2D2D2D2D2D2D2D2D2D2D2D2D2D2D2D2D2D2D2D2D2D2D2D2D2D2D2D2DF500000000000000000000000000000000000000000000000000000000000000000000000000000000000000F5282800002D2D6F6F6F6F6F6F6F2D2D2D2D2D2D2D2D2D2D2D6F6F6F6F2D2D2D2D2D2D2D2D2D2D2D2DF5F500000000000000
310
F5002800002D2D2D6F6F6F6F6F6F2D2D2D2D2D2D2D2D2D2D2D2D2D2D2D2D2D2D2D2D2D2D2D2D2D2D2DF5F50000000000F5002800002D2D6F6F6F2D2D2D2D2D6F6F6F6F2D2D2D2D2D2D2D6F6F6F6F6F2D2D2D2D2D2D2D2D2D2D2DF5000000000000000000000000000000000000000000000000000000000000000000000000
310
00000000000000F5000000002D2D6F6F6F6F6F6F2D2D2D2D2D2D2D2D2D2D2D2D6F6F6F6F2D2D2D2D2D2D2D2D2D2D2D2DF5F500000000000000F5000000002D2D2D2D2D2D2D2D2D2D2D2D2D2D2D2D2D2D2D2D2D2D2D2D2D2D2D2D2D2D2D2D2D2D2D2DF5F50000000000F5002800002D2D2D2D2D2D2D2D2D2D2D2D2D2D2D2D2D
310
2D2D2D2D2D2D2D2D2D2D2D2D2D2D2D2D2D2D2D2DF500000000000000000000000000000000000000000000000000000000000000000000000000000000000000F5000000002D2D6F6F6F6F6F6F00006F6F0000000000002D2D6F6F000000002D002D2D2D0000000000F5F500000000000000F5000000002D2D2D6F6F6F6F6F
310
00002D6F0000000000002D2D2D6F6F0000002D002D2D2D0000000000F5F50000000000F5002800002D006F6F6F00000000006F6F6F6F000000002D2D2D6F6F6F6F6F2D2D2D2D2D002D2D00002DF500000000000000000000000000000000000000000000000000000000000000000000000000000000000000F5000000002D
310
2D2D2D2D2D2D2D2D2D2D2D2D2D2D2D2D2D2D2D2D2D2D2D2D2D2D2D2D2D2D2D2D2D2D2D2DF500000000000000F5000000002D2D2D2D2D2D2D2D2D2D2D2D2D2D2D2D2D2D2D2D2D2D2D2D2D2D2D2D2D2D2D2D2D2D2D2D2DF50000000000F5000000002D2D2D2D2D2D2D2D2D2D2D2D2D2D2D2D2D2D2D2D2D2D2D2D2D2D2D2D2D2D
310
2D2D2D2D2D2D2DF500000000000000000000000000000000000000000000000000000000000000000000000000000000000000F5000000002D2D2D2D2D2D2D2D2D2D6F6F6F6F2D2D2D2D2D2D6F6F2D2D2D2D2D2D2D2D2D2D2D2D2D2D2DF500000000000000F5000000002D2D2D2D2D2D2D2D2D2D2D2D2D2D2D2D2D2D2D2D2D
310
2D2D2D2D2D2D2D2D2D2D2D2D2D2D2D2DF50000000000F5000000002D2D6F6F6F2D2D2D2D2D6F6F6F6F2D2D2D2D2D2D2D6F6F6F6F2D2D2D2D2D2D2D2D2D2D2D2DF500000000000000000000000000000000000000000000000000000000000000000000000000000000000000F5000000002D006F6F6F6F6F0000002D000000
310
000000002D2D2D00000000002D2D2D2D2D00000000002DF500000000000000F5000000002D002D6F6F6F6F0000002D000000000000002D2D2D00000000002D002D002D0000000000F5F50000000000F5000000002D002D000000000000002D000000000000002D2D2D00000000002D2D2D2D2D00000000002DF50000000000
310
0000000000000000000000000000000000000000000000000000000000000000000000000000F5000000002D2D2D2D2D2D2D2D2D2D2D2D2D2D2D2D2D2D2D2D2D2D2D2D2D2D2D2D2D2D2D2D2D2D2D2D2DF500000000000000F5000000002D2D2D2D2D2D2D2D2D2D2D2D2D2D2D2D2D2D2D2D2D2D2D2D2D2D2D2D2D2D2D2D2D2D
310
2D2D2DF50000000000F5000000002D2D2D2D2D2D2D2D2D2D2D2D2D2D2D2D2D2D2D2D2D2D2D2D2D2D2D2D2D2D2D2D2D2D2D2D2DF500000000000000000000000000000000000000000000000000000000000000000000000000000000000000F5000000002D002D000000000000002D000000000000002D002D00000000002D
310
2D2D2D2D00000000002DF500000000000000F5000000002D002D000000000000002D000000000000002D002D00000000002D2D2D2D2D00000000002DF50000000000F5000000002D002D000000000000002D000000000000002D002D00000000002D2D2D2D2D00000000002DF5000000000000000000000000000000000000
310
00000000000000000000000000000000000000000000000000F5000000002D2D2D2D2D2D2D2D2D2D2D2D2D2D2D2D2D2D2D2D2D2D2D2D2D2D2D2D2D2D2D2D2D2D2D2D2DF500000000000000F5000000002D2D2D2D2D2D2D2D2D2D2D2D2D2D2D2D2D2D2D2D2D2D2D2D2D2D2D2D2D2D2D2D2D2D2D2D2DF50000000000F5000000
310
002D2D2D2D2D2D2D2D2D2D2D2D2D2D2D2D2D2D2D2D2D2D2D2D2D2D2D2D2D2D2D2D2D2D2D2D2DF500000000000000000000000000000000000000000000000000000000000000000000000000000000000000F5F5F5F5F5F5F5F5F5F5F5F5F5F5F5F5F5F5F5F5F5F5F5F5F5F5F5F5F5F5F5F5F5F5F5F5F5F5F5F5F5F5F50000
310
0000000000F5F5F5F5F5F5F5F5F5F5F5F5F5F5F5F5F5F5F5F5F5F5F5F5F5F5F5F5F5F5F5F5F5F5F5F5F5F5F5F5F5F5F50000000000F5F5F5F5F5F5F5F5F5F5F5F5F5F5F5F5F5F5F5F5F5F5F5F5F5F5F5F5F5F5F5F5F5F5F5F5F5F5F5F5F5F5F500000000000000000000000000000000000000000000000000000000000000
310
00000000000000000000000000000000000000000000000000000000000000000000000000000000000000000000000000000000000000000000000000000000000000000000000000000000000000000000000000000000000000000000000000000000000000000000000000000000000000000000000000000000000000
310
00000000000000000000000000000000000000000000000000000000000000000000000000000000000000000000000000000000000000000000000000000000000000000000000000000000000000000000000000000000000000000000000000000000000000000000000000000000000000000000000000000000000000
310
00000000000000000000000000000000000000000000000000000000000000000000000000000000000000000000000000000000000000000000000000000000000000000000000000000000000000000000000000000000000000000000000000000000000000000000000000000000000000000000000000000000000000
310
00000000000000000000000000000000000000000000000000000000000000000000000000000000000000000000000000000000000000000000000000000000000000000000000000000000000000000000000000000000000000000000000000000000000000000000000000000000000000000000000000000000000000
310
00000000000000000000000000000000000000000000000000000000000000000000000000000000000000000000000000000000000000000000000000000000000000000000000000000000000000000000000000000000000000000000000000000000000000000000000000000000000000000000000000000000000000
310
00000000000000000000000000000000000000000000000000000000000000000000000000000000000000000000000000000000000000000000000000000000000000000000000000000000000000000000000000000000000000000000000000000000000000000000000000000000000000000000000000000000000000
310
00000000000000000000000000000000000000000000000000000000000000000000000000000000000000000000000000000000000000000000000000000000000000000000000000000000000000000000000000000000000000000000000000000000000000000000000000000000000000000000000000000000000000
310
00000000000000000000000000000000000000000000000000000000000000000000000000000000000000000000000000000000000000000000000000000000000000000000000000000000000000000000000000000000000000000000000000000000000000000000000000000000000000000000000000000000000000
310
00000000000000000000000000000000000000000000000000000000000000000000000000000000000000000000000000000000000000000000000000000000000000000000000000000000000000000000000000000000000000000000000000000000000000000000000000000000000000000000000000000000000000
310
00000000000000000000000000000000000000000000000000000000000000000000000000000000000000000000000000000000000000000000000000000000000000000000000000000000000000000000000000000000000000000000000000000000000000000000000000000000000000000000000000000000000000
310
00000000000000000000000000000000000000000000000000000000000000000000000000000000000000000000000000000000000000000000000000000000000000000000000000000000000000000000000000000000000000000000000000000000000000000000000000000000000000000000000000000000000000
310
00000000000000000000000000000000000000000000000000000000000000000000000000000000000000000000000000000000000000000000000000000000000000000000000000000000000000000000000000000000000000000000000000000000000000000000000000000000000000000000000000000000000000
310
00000000000000000000000000000000000000000000000000000000000000000000000000000000000000000000000000000000000000000000000000000000000000000000000000000000000000000000000000000000000000000000000000000000000000000000000000000000000000000000000000000000000000
310
00000000000000000000000000000000000000000000000000000000000000000000000000000000000000000000000000000000000000000000000000000000000000000000000000000000000000000000000000000000000000000000000000000000000000000000000000000000000000000000000000000000000000
310
00000000000000000000000000000000000000000000000000000000000000000000000000000000000000000000000000000000000000000000000000000000000000000000000000000000000000000000000000000000000000000000000000000000000000000000000000000000000000000000000000000000000000
310
00000000000000000000000000000000000000000000000000000000000000000000000000000000000000000000000000000000000000000000000000000000000000000000000000000000000000000000000000000000000000000000000000000000000000000000000000000000000000000000000000000000000000
310
00000000000000000000000000000000000000000000000000000000000000000000000000000000000000000000000000000000000000000000000000000000000000000000000000000000000000000000000000000000000000000000000000000000000000000000000000000000000000000000000000000000000000
310
00000000000000000000000000000000000000000000000000000000000000000000000000000000000000000000000000000000000000000000000000000000000000000000000000000000000000000000000000000000000000000000000000000000000000000000000000000000000000000000000000000000000000
310
00000000000000000000000000000000000000000000000000000000000000000000000000000000000000000000000000000000000000000000000000000000000000000000000000000000000000000000000000000000000000000000000000000000000000000000000000000000000000000000000000000000000000
310
00000000000000000000000000000000000000000000000000000000000000000000000000000000000000000000000000000000000000000000000000000000000000000000000000000000000000000000000000000000000000000000000000000000000000000000000000000000000000000000000000000000000000
310
00000000000000000000000000000000000000000000000000000000000000000000000000000000000000000000000000000000000000000000000000000000000000000000000000000000000000000000000000000000000000000000000000000000000000000000000000000000000000000000000000000000000000
310
00000000000000000000000000000000000000000000000000000000000000000000000000000000000000000000000000000000000000000000000000000000000000000000000000000000000000000000000000000000000000000000000000000000000000000000000000000000000000000000000000000000000000
310
00000000000000000000000000000000000000000000000000000000000000000000000000000000000000000000000000000000000000000000000000000000000000000000000000000000000000000000000000000000000000000000000000000000000000000000000000000000000000000000000000000000000000
310
00000000000000000000000000000000000000000000000000000000000000000000000000000000000000000000000000000000000000000000000000000000000000000000000000000000000000000000000000000000000000000000000000000000000000000000000000000000000000000000000000000000000000
310
00000000000000000000000000000000000000000000000000000000000000000000000000000000000000000000000000000000000000000000000000000000000000000000000000000000000000000000000000000000000000000000000000000000000000000000000000000000000000000000000000000000000000
310
00000000000000000000000000000000000000000000000000000000000000000000000000000000000000000000000000000000000000000000000000000000000000000000000000000000000000000000000000000000000000000000000000000000000000000000000000000000000000000000000000000000000000
310
00000000000000000000000000000000000000000000000000000000000000000000000000000000000000000000000000000000000000000000000000000000000000000000000000000000000000000000000000000000000000000000000000000000000000000000000000000000000000000000000000000000000000
310
00000000000000000000000000000000000000000000000000000000000000000000000000000000000000000000000000000000000000000000000000000000000000000000000000000000000000000000000000000000000000000000000000000000000000000000000000000000000000000000000000000000000000
310
00000000000000000000000000000000000000000000000000000000000000000000000000000000000000000000000000000000000000000000000000000000000000000000000000000000000000000000000000000000000000000000000000000000000000000000000000000000000000000000000000000000000000
310
00000000000000000000000000000000000000000000000000000000000000000000000000000000000000000000000000000000000000000000000000000000000000000000000000000000000000000000000000000000000000000000000000000000000000000000000000000000000000000000000000000000000000
310
00000000000000000000000000000000000000000000000000000000000000000000000000000000000000000000000000000000000000000000000000000000000000000000000000000000000000000000000000000000000000000000000000000000000000000000000000000000000000000000000000000000000000
310
00000000000000000000000000000000000000000000000000000000000000000000000000000000000000000000000000000000000000000000000000000000000000000000000000000000000000000000000000000000000000000000000000000000000000000000000000000000000000000000000000000000000000
310
00000000000000000000000000000000000000000000000000000000000000000000000000000000000000000000000000000000000000000000000000000000000000000000000000000000000000000000000000000000000000000000000000000000000000000000000000000000000000000000000000000000000000
310
00000000000000000000000000000000000000000000000000000000000000000000000000000000000000000000000000000000000000000000000000000000000000000000000000000000000000000000000000000000000000000000000000000000000000000000000000000000000000000000000000000000000000
310
00000000000000000000000000000000000000000000000000000000000000000000000000000000000000000000000000000000000000000000000000000000000000000000000000000000000000000000000000000000000000000000000000000000000000000000000000000000000000000000000000000000000000
310
00000000000000000000000000000000000000000000000000000000000000000000000000000000000000000000000000000000000000000000000000000000000000000000000000000000000000000000000000000000000000000000000000000000000000000000000000000000000000000000000000000000000000
310
00000000000000000000000000000000000000000000000000000000000000000000000000000000000000000000000000000000000000000000000000000000000000000000000000000000000000000000000000000000000000000000000000000000000000000000000000000000000000000000000000000000000000
310
0000000000000000000000000000000000000000000000000000000000000000000000000000000000000000000000000000000000000000000000000000000000000000000000000000000000
  0
ENDSEC
  0
EOF
